batch_id,quantity_kg,transport_hours,distance_km,transaction_value,certificate_age_days,ownership_transfers,is_fraud,fraud_type
F-TXN-2000,887.49,9.49,344.53,3105.58,178,4,0,NONE
F-TXN-2001,1836.76,19.48,517.87,2809.34,134,4,0,NONE
F-TXN-2002,10961.25,18.67,847.56,26746.04,76,10,1,LOGISTICS_ANOMALY
F-TXN-2003,5460.76,2.65,203.47,11067.38,28,3,0,NONE
F-TXN-2004,9266.13,15.24,972.41,25591.13,662,2,1,EXPIRED_CERTIFICATE
F-TXN-2005,9587.16,24.41,1064.83,14564.61,22,2,0,NONE
F-TXN-2006,11664.09,17.03,1182.56,47054.66,102,3,0,NONE
F-TXN-2007,12583.31,4.98,211.93,41163.39,179,4,0,NONE
F-TXN-2008,8217.81,6.45,308.88,14716.11,168,13,1,LOGISTICS_ANOMALY
F-TXN-2009,11770.78,10.73,290.28,23089.08,73,2,0,NONE
F-TXN-2010,14142.11,26.43,1054.11,45705.71,106,4,0,NONE
F-TXN-2011,4287.88,6.11,311.02,7570.37,154,3,0,NONE
F-TXN-2012,6301.75,3.14,278.8,16760.9,28,2,0,NONE
F-TXN-2013,2726.04,3.76,208.78,8183.97,103,3,0,NONE
F-TXN-2014,7280.94,5.92,316.67,31090.29,179,4,0,NONE
F-TXN-2015,11608.69,10.48,421.41,16235.74,514,4,1,EXPIRED_CERTIFICATE
F-TXN-2016,11565.63,19.89,619.06,35989.79,168,4,0,NONE
F-TXN-2017,2696.92,17.5,919.76,10059.16,140,2,0,NONE
F-TXN-2018,7636.33,3.8,152.0,33635.66,83,2,0,NONE
F-TXN-2019,1726.51,20.95,593.47,60653.08,37,2,1,PRICE_MANIPULATION
F-TXN-2020,13126.32,14.54,519.3,36649.6,56,4,0,NONE
F-TXN-2021,14869.86,17.02,786.86,40670.12,35,2,0,NONE
F-TXN-2022,5398.64,19.87,714.2,8759.73,23,4,0,NONE
F-TXN-2023,3787.4,16.12,1088.4,4210.94,65,3,0,NONE
F-TXN-2024,3604.64,2.92,176.13,10243.06,126,2,0,NONE
F-TXN-2025,12249.8,8.22,244.68,29208.6,113,3,0,NONE
F-TXN-2026,11076.19,10.38,814.57,12866.99,108,4,0,NONE
F-TXN-2027,13012.11,9.53,313.41,31912.34,113,2,0,NONE
F-TXN-2028,4081.77,23.38,1109.45,16526.69,145,2,0,NONE
F-TXN-2029,14566.88,16.35,1113.11,133834.64,129,3,1,PRICE_MANIPULATION
F-TXN-2030,536.11,7.03,480.7,1898.08,78,3,0,NONE
F-TXN-2031,11075.94,16.14,944.37,28701.29,53,3,0,NONE
F-TXN-2032,1362.81,31.74,888.17,2643.06,17,4,0,NONE
F-TXN-2033,13819.38,22.8,646.73,37011.01,52,2,0,NONE
F-TXN-2034,10273.45,9.36,297.54,42114.16,68,4,0,NONE
F-TXN-2035,9501.23,10.06,514.69,25941.41,71,2,0,NONE
F-TXN-2036,5068.54,10.55,333.43,15927.37,122,3,0,NONE
F-TXN-2037,14066.82,0.57,30.99,40805.87,30,2,0,NONE
F-TXN-2038,7825.71,4.24,176.3,8259.1,67,3,0,NONE
F-TXN-2039,6795.24,16.82,661.0,30507.28,172,4,0,NONE
F-TXN-2040,14050.01,1.79,142.23,25058.22,663,4,1,EXPIRED_CERTIFICATE
F-TXN-2041,4515.37,6.55,268.54,15551.65,72,4,0,NONE
F-TXN-2042,13577.85,34.22,1018.4,32269.11,75,2,0,NONE
F-TXN-2043,9712.97,1.18,329.11,27675.04,114,4,1,LOGISTICS_ANOMALY
F-TXN-2044,13553.85,10.09,663.8,40120.52,42,3,0,NONE
F-TXN-2045,5047.24,16.44,1080.8,19770.24,96,2,0,NONE
F-TXN-2046,10211.21,7.88,437.34,41075.47,163,4,0,NONE
F-TXN-2047,14048.63,13.61,1040.23,53152.88,110,2,0,NONE
F-TXN-2048,13918.06,20.93,943.22,45466.24,68,3,0,NONE
F-TXN-2049,10602.51,17.66,471.4,27144.34,56,3,0,NONE
F-TXN-2050,12410.3,29.1,1048.16,40127.11,107,3,0,NONE
F-TXN-2051,1518.21,22.0,932.53,3973.49,178,4,0,NONE
F-TXN-2052,993.5,27.86,1054.91,2534.85,72,2,0,NONE
F-TXN-2053,187973.4,19.96,947.99,834849.19,34,3,1,QUANTITY_ANOMALY
F-TXN-2054,1201.53,10.24,534.55,4423.84,180,4,0,NONE
F-TXN-2055,11207.69,5.67,252.5,48415.2,89,4,0,NONE
F-TXN-2056,12783.95,21.5,869.31,24791.42,109,3,0,NONE
F-TXN-2057,4746.21,3.68,170.2,20519.34,178,4,0,NONE
F-TXN-2058,9438.8,7.41,375.12,7555.43,78,2,0,NONE
F-TXN-2059,8982.46,16.35,792.55,21976.16,59,4,0,NONE
F-TXN-2060,13598.41,28.39,959.31,15003.2,136,4,0,NONE
F-TXN-2061,5384.35,15.69,985.74,17703.04,62,2,0,NONE
F-TXN-2062,1193.76,21.23,1181.04,4178.47,121,3,0,NONE
F-TXN-2063,8771.49,19.5,867.65,20245.96,42,4,0,NONE
F-TXN-2064,13454.27,14.57,1035.32,49491.74,61,2,0,NONE
F-TXN-2065,10609.99,10.48,568.17,44439.62,36,3,0,NONE
F-TXN-2066,7240.24,11.87,646.74,14322.28,118,4,0,NONE
F-TXN-2067,13462.33,7.77,523.55,33017.79,45,4,0,NONE
F-TXN-2068,6957.13,13.26,907.1,12881.37,138,3,0,NONE
F-TXN-2069,4507.35,2.99,111.43,8476.23,86,4,0,NONE
F-TXN-2070,3881.84,14.25,838.86,4093.76,109,14,1,LOGISTICS_ANOMALY
F-TXN-2071,137270.14,12.75,928.36,119783.87,152,3,1,QUANTITY_ANOMALY
F-TXN-2072,4791.24,6.83,480.18,18750.32,142,4,0,NONE
F-TXN-2073,12102.18,22.54,1079.42,21709.13,129,2,0,NONE
F-TXN-2074,10232.98,15.23,961.81,39828.28,37,4,0,NONE
F-TXN-2075,13704.92,12.37,718.43,15052.51,114,2,0,NONE
F-TXN-2076,3099.31,8.11,326.98,7709.42,91,3,0,NONE
F-TXN-2077,14303.28,7.77,517.45,36239.62,143,2,0,NONE
F-TXN-2078,5681.62,12.48,787.17,17699.71,12,2,0,NONE
F-TXN-2079,804.83,6.18,199.81,2692.13,149,2,0,NONE
F-TXN-2080,4175.91,8.2,455.3,18454.75,34,2,0,NONE
F-TXN-2081,2110.72,0.88,50.3,6801.86,101,3,0,NONE
F-TXN-2082,3352.03,10.61,718.68,5910.45,82,4,0,NONE
F-TXN-2083,2275.55,18.04,1180.94,4793.3,114,4,0,NONE
F-TXN-2084,7942.54,6.57,422.65,29960.53,32,3,0,NONE
F-TXN-2085,9691.77,16.91,997.87,23357.41,138,4,0,NONE
F-TXN-2086,12241.08,13.55,655.04,29374.69,156,3,0,NONE
F-TXN-2087,4056.7,27.86,1122.85,9916.72,123,4,0,NONE
F-TXN-2088,5982.72,0.42,53.87,8993.23,59,3,0,NONE
F-TXN-2089,5363.41,17.5,1058.78,9916.54,7,4,0,NONE
F-TXN-2090,1813.45,17.16,869.69,6394.38,126,4,0,NONE
F-TXN-2091,6999.04,0.72,40.35,16116.83,67,3,0,NONE
F-TXN-2092,5860.75,15.77,673.1,26262.64,145,3,0,NONE
F-TXN-2093,7060.04,10.49,381.82,24622.57,85,2,0,NONE
F-TXN-2094,14367.03,23.76,834.39,50689.51,75,4,0,NONE
F-TXN-2095,11425.41,9.74,724.21,44776.48,80,2,0,NONE
F-TXN-2096,4896.93,27.12,855.46,4707.81,18,4,0,NONE
F-TXN-2097,14164.65,12.16,772.69,16822.29,8,4,0,NONE
F-TXN-2098,7459.21,5.55,422.03,12994.54,127,2,0,NONE
F-TXN-2099,6325.62,2.15,107.42,6362.83,43,4,0,NONE
F-TXN-2100,1693.67,5.75,312.87,4134.65,157,4,0,NONE
F-TXN-2101,8107.82,11.7,551.61,32180.53,114,3,0,NONE
F-TXN-2102,1437.22,38.3,1152.93,5029.12,165,2,0,NONE
F-TXN-2103,1667.11,5.7,303.04,2423.05,109,3,0,NONE
F-TXN-2104,7355.0,1.73,58.52,13632.12,121,2,0,NONE
F-TXN-2105,13897.76,17.09,949.64,45082.94,55,3,0,NONE
F-TXN-2106,9906.91,16.42,1091.93,10535.55,47,12,1,LOGISTICS_ANOMALY
F-TXN-2107,7325.88,8.15,378.83,13395.6,143,3,0,NONE
F-TXN-2108,9121.23,16.96,1069.52,27939.86,11,2,0,NONE
F-TXN-2109,10316.91,19.24,1035.41,9073.56,177,3,0,NONE
F-TXN-2110,11564.47,4.18,226.73,28182.99,76,2,0,NONE
F-TXN-2111,6786.47,13.65,980.81,17302.38,109,3,0,NONE
F-TXN-2112,1975.42,4.51,209.77,5351.73,174,3,0,NONE
F-TXN-2113,8448.21,13.42,556.69,16944.22,108,4,0,NONE
F-TXN-2114,528.94,21.59,1045.85,469.87,137,3,0,NONE
F-TXN-2115,7739.75,19.2,541.61,13678.02,38,3,0,NONE
F-TXN-2116,10588.7,2.15,163.28,32466.21,66,4,0,NONE
F-TXN-2117,8560.93,22.9,671.66,37933.11,34,3,0,NONE
F-TXN-2118,9890.84,2.51,201.69,18593.6,74,3,0,NONE
F-TXN-2119,14699.11,5.95,307.6,32570.58,158,4,0,NONE
F-TXN-2120,2505.34,2.07,102.38,9810.72,92,4,0,NONE
F-TXN-2121,557.28,13.32,876.74,1542.31,173,3,0,NONE
F-TXN-2122,6986.14,14.22,591.52,25277.38,101,3,0,NONE
F-TXN-2123,13070.57,31.88,1177.31,29112.85,110,2,0,NONE
F-TXN-2124,7430.71,25.2,1097.85,33011.59,171,2,0,NONE
F-TXN-2125,998.42,11.5,612.7,4184.02,117,2,0,NONE
F-TXN-2126,7234.95,18.93,872.48,22879.17,44,2,0,NONE
F-TXN-2127,14523.48,6.4,419.5,46582.44,89,4,0,NONE
F-TXN-2128,5972.18,6.51,393.66,21729.49,143,2,0,NONE
F-TXN-2129,3997.98,21.31,827.59,6351.78,28,3,0,NONE
F-TXN-2130,11480.44,28.48,850.59,16182.7,81,2,0,NONE
F-TXN-2131,4845.41,14.68,462.31,138610.69,149,4,1,PRICE_MANIPULATION
F-TXN-2132,5961.24,16.97,826.1,17873.33,64,3,0,NONE
F-TXN-2133,7225.66,11.06,806.87,18003.06,78,4,0,NONE
F-TXN-2134,1571.26,15.28,1135.38,2950.68,113,4,0,NONE
F-TXN-2135,12788.05,5.45,255.08,32998.98,65,3,0,NONE
F-TXN-2136,8840.79,30.12,1191.38,39106.67,173,3,0,NONE
F-TXN-2137,8649.74,12.86,829.24,8672.36,160,4,0,NONE
F-TXN-2138,13626.87,5.28,357.71,41613.85,95,2,0,NONE
F-TXN-2139,9508.71,13.78,819.76,30786.45,40,4,0,NONE
F-TXN-2140,5082.56,10.53,540.17,127329.14,28,3,1,PRICE_MANIPULATION
F-TXN-2141,8369.99,22.82,1166.36,34919.55,47,3,0,NONE
F-TXN-2142,14142.48,29.42,1161.51,57159.2,34,3,0,NONE
F-TXN-2143,2453.04,16.71,1160.47,8637.66,106,4,0,NONE
F-TXN-2144,11951.42,0.92,36.42,29855.56,177,4,0,NONE
F-TXN-2145,8979.83,14.24,990.45,10641.24,64,3,0,NONE
F-TXN-2146,13686.04,9.97,281.21,53033.67,589,4,1,EXPIRED_CERTIFICATE
F-TXN-2147,14219.16,7.02,379.15,687.99,142,2,1,PRICE_MANIPULATION
F-TXN-2148,10970.46,18.64,1064.79,42906.6,162,3,0,NONE
F-TXN-2149,4509.24,23.12,834.53,11035.77,65,3,0,NONE
F-TXN-2150,8391.62,27.63,1173.85,18983.68,612,2,1,EXPIRED_CERTIFICATE
F-TXN-2151,9829.92,27.64,724.63,36307.38,67,11,1,LOGISTICS_ANOMALY
F-TXN-2152,8997.2,1.89,979.4,32940.47,157,2,1,LOGISTICS_ANOMALY
F-TXN-2153,8273.23,32.14,962.25,33384.83,38,2,0,NONE
F-TXN-2154,11897.27,27.78,714.85,21250.38,37,4,0,NONE
F-TXN-2155,2136.87,2.19,95.0,4671.31,156,2,0,NONE
F-TXN-2156,3685.95,11.98,745.83,15425.22,173,4,0,NONE
F-TXN-2157,9713.34,0.3,56.76,38811.64,114,4,0,NONE
F-TXN-2158,156051.46,2.01,115.33,162737.32,75,4,1,QUANTITY_ANOMALY
F-TXN-2159,5230.75,24.09,1193.66,13039.09,159,3,0,NONE
F-TXN-2160,12859.1,12.13,788.08,1343.01,60,3,1,PRICE_MANIPULATION
F-TXN-2161,6291.76,21.46,880.94,12146.68,70,3,0,NONE
F-TXN-2162,10426.58,19.28,579.64,11839.26,115,2,0,NONE
F-TXN-2163,5947.46,6.2,173.54,25765.78,148,3,0,NONE
F-TXN-2164,6460.59,14.33,1050.86,15421.6,18,3,0,NONE
F-TXN-2165,5625.82,19.39,701.94,18064.89,62,2,0,NONE
F-TXN-2166,8522.07,3.58,155.56,14113.1,114,4,0,NONE
F-TXN-2167,12462.66,12.6,744.02,11151.39,173,4,0,NONE
F-TXN-2168,3083.5,20.85,849.18,6351.54,6,2,0,NONE
F-TXN-2169,8668.46,15.37,492.93,27295.34,12,2,0,NONE
F-TXN-2170,3632.95,12.24,515.4,7827.35,88,4,0,NONE
F-TXN-2171,13263.08,3.07,203.58,13172.68,25,3,0,NONE
F-TXN-2172,6673.26,15.82,736.35,10631.15,136,2,0,NONE
F-TXN-2173,2145.47,14.51,820.3,5850.34,83,2,0,NONE
F-TXN-2174,14741.33,2.57,84.64,63419.87,40,3,0,NONE
F-TXN-2175,2149.53,12.55,606.91,2867.21,141,4,0,NONE
F-TXN-2176,8614.48,18.65,808.3,19582.05,15,3,0,NONE
F-TXN-2177,12917.52,13.01,699.4,825.2,111,3,1,PRICE_MANIPULATION
F-TXN-2178,14207.82,9.48,562.91,30372.12,116,2,0,NONE
F-TXN-2179,9019.41,14.55,638.28,17549.71,91,2,0,NONE
F-TXN-2180,2979.71,19.93,622.37,7946.66,94,3,0,NONE
F-TXN-2181,12446.83,25.93,981.74,16525.3,55,2,0,NONE
F-TXN-2182,11551.98,23.38,793.5,42206.42,131,3,0,NONE
F-TXN-2183,11488.02,7.75,549.71,33256.18,167,4,0,NONE
F-TXN-2184,14637.5,8.44,393.04,36991.92,166,3,0,NONE
F-TXN-2185,9054.99,15.02,435.29,22722.37,14,2,0,NONE
F-TXN-2186,4682.34,10.44,780.71,5316.84,157,4,0,NONE
F-TXN-2187,9018.55,18.76,1145.99,8452.34,151,4,0,NONE
F-TXN-2188,9332.65,8.27,611.61,22671.06,92,4,0,NONE
F-TXN-2189,1017.16,1.44,854.99,2888.96,161,2,1,LOGISTICS_ANOMALY
F-TXN-2190,11730.66,30.23,821.1,36796.98,90,2,0,NONE
F-TXN-2191,8579.51,12.91,476.15,33718.06,159,2,0,NONE
F-TXN-2192,8961.5,4.63,186.89,39056.2,174,3,0,NONE
F-TXN-2193,10835.28,2.37,119.97,34242.78,89,2,0,NONE
F-TXN-2194,12551.54,15.73,891.75,34418.57,170,4,0,NONE
F-TXN-2195,5758.92,13.03,447.87,9066.4,129,2,0,NONE
F-TXN-2196,2536.21,1.4,111.05,2936.48,143,4,0,NONE
F-TXN-2197,1023.46,6.74,417.38,1379.07,101,2,0,NONE
F-TXN-2198,12606.38,14.05,929.9,17706.18,117,2,0,NONE
F-TXN-2199,10258.32,6.23,300.29,19149.8,119,2,0,NONE
F-TXN-2200,5025.13,19.83,974.18,19487.1,99,4,0,NONE
F-TXN-2201,14842.16,14.57,564.78,32882.31,140,3,0,NONE
F-TXN-2202,12306.23,29.87,965.49,21117.27,169,3,0,NONE
F-TXN-2203,8615.64,2.29,141.06,33724.91,77,2,0,NONE
F-TXN-2204,4469.47,33.28,1088.26,11020.8,61,3,0,NONE
F-TXN-2205,13998.3,11.4,509.58,30625.97,103,2,0,NONE
F-TXN-2206,932.77,16.77,1118.37,2833.27,42,2,0,NONE
F-TXN-2207,82304.04,3.61,183.78,202530.13,6,2,1,QUANTITY_ANOMALY
F-TXN-2208,2747.69,20.22,1129.47,6213.72,78,2,0,NONE
F-TXN-2209,1186.08,7.98,515.39,3079.99,33,3,0,NONE
F-TXN-2210,653.69,17.39,628.14,967.07,114,2,0,NONE
F-TXN-2211,3966.84,8.48,511.55,4288.4,97,2,0,NONE
F-TXN-2212,8430.35,18.84,947.97,7213.53,125,2,0,NONE
F-TXN-2213,14660.32,12.27,319.31,54907.71,93,2,0,NONE
F-TXN-2214,9596.75,14.61,930.37,19486.23,16,3,0,NONE
F-TXN-2215,12282.24,2.73,226.61,30969.18,127,4,0,NONE
F-TXN-2216,2443.82,12.19,864.93,2485.18,56,2,0,NONE
F-TXN-2217,13400.29,9.61,392.4,30225.89,144,3,0,NONE
F-TXN-2218,11551.39,5.75,245.5,42141.1,172,3,0,NONE
F-TXN-2219,12089.26,11.96,535.6,29329.43,103,3,0,NONE
F-TXN-2220,7666.26,8.36,607.08,20937.14,26,4,0,NONE
F-TXN-2221,6716.63,34.89,1194.22,12735.77,31,2,0,NONE
F-TXN-2222,4774.03,9.42,546.18,6515.79,118,3,0,NONE
F-TXN-2223,11093.38,20.03,1095.7,26388.24,168,2,0,NONE
F-TXN-2224,161353.53,16.26,965.29,697839.14,41,4,1,QUANTITY_ANOMALY
F-TXN-2225,2291.44,4.88,298.47,5162.04,150,2,0,NONE
F-TXN-2226,10393.18,26.52,1139.61,37561.44,151,2,0,NONE
F-TXN-2227,6215.04,20.83,786.48,7698.65,52,3,0,NONE
F-TXN-2228,13685.26,2.71,158.96,46781.52,59,4,0,NONE
F-TXN-2229,13770.2,19.47,599.62,54586.01,120,2,0,NONE
F-TXN-2230,6936.06,2.44,123.59,27210.63,86,4,0,NONE
F-TXN-2231,1472.41,9.66,659.76,5663.49,168,2,0,NONE
F-TXN-2232,7893.26,4.28,163.21,10441.5,131,2,0,NONE
F-TXN-2233,8788.78,7.55,571.54,11367.72,27,2,0,NONE
F-TXN-2234,14958.91,16.51,868.27,54511.56,152,2,0,NONE
F-TXN-2235,5127.2,1.84,107.51,14009.65,37,4,0,NONE
F-TXN-2236,3034.37,25.39,1160.19,13107.36,19,2,0,NONE
F-TXN-2237,4904.97,2.78,211.12,8063.72,137,3,0,NONE
F-TXN-2238,4131.9,14.97,769.37,5232.92,82,4,0,NONE
F-TXN-2239,7794.83,2.93,218.99,10666.96,173,4,0,NONE
F-TXN-2240,9289.9,18.56,1014.19,35603.35,12,2,0,NONE
F-TXN-2241,9978.55,20.24,925.01,31438.8,659,4,1,EXPIRED_CERTIFICATE
F-TXN-2242,14372.35,9.15,589.87,47867.06,81,3,0,NONE
F-TXN-2243,2753.25,10.64,510.43,127.26,41,3,1,PRICE_MANIPULATION
F-TXN-2244,2416.52,8.1,457.24,4848.96,124,2,0,NONE
F-TXN-2245,4118.45,3.47,134.24,9194.32,162,3,0,NONE
F-TXN-2246,13130.23,5.34,208.45,38140.6,85,2,0,NONE
F-TXN-2247,7660.87,12.38,627.38,15001.18,10,2,0,NONE
F-TXN-2248,7854.83,32.24,1160.69,16504.18,17,3,0,NONE
F-TXN-2249,13256.15,16.14,792.03,36892.95,32,3,0,NONE
F-TXN-2250,4288.7,9.59,451.62,4095.94,18,4,0,NONE
F-TXN-2251,5809.28,7.85,360.55,14460.79,145,3,0,NONE
F-TXN-2252,9561.67,23.63,741.03,10955.36,100,3,0,NONE
F-TXN-2253,5836.31,3.28,190.24,13268.92,15,2,0,NONE
F-TXN-2254,12285.51,19.47,632.81,50016.47,693,3,1,EXPIRED_CERTIFICATE
F-TXN-2255,6162.68,11.12,747.47,18750.66,134,4,0,NONE
F-TXN-2256,10745.38,6.22,373.75,23380.02,177,2,0,NONE
F-TXN-2257,8935.56,15.86,960.17,30087.59,11,4,0,NONE
F-TXN-2258,14553.62,14.32,943.83,42583.53,18,4,0,NONE
F-TXN-2259,8088.99,13.64,871.0,17939.39,179,2,0,NONE
F-TXN-2260,3275.26,11.36,540.43,469.08,57,3,1,PRICE_MANIPULATION
F-TXN-2261,11200.17,3.1,93.49,17612.74,88,4,0,NONE
F-TXN-2262,6005.66,24.08,1148.89,16528.48,144,3,0,NONE
F-TXN-2263,12997.94,12.76,823.28,23280.6,128,2,0,NONE
F-TXN-2264,4559.17,4.78,372.23,20048.7,78,4,0,NONE
F-TXN-2265,10774.99,9.27,394.11,45688.35,75,3,0,NONE
F-TXN-2266,10312.44,6.33,468.04,39564.39,42,3,0,NONE
F-TXN-2267,5496.47,14.36,542.0,716.96,56,4,1,PRICE_MANIPULATION
F-TXN-2268,9405.59,19.1,712.46,30928.59,140,2,0,NONE
F-TXN-2269,1237.18,8.72,507.7,1388.59,40,2,0,NONE
F-TXN-2270,14670.36,3.45,206.37,59720.75,126,3,0,NONE
F-TXN-2271,11470.54,9.45,358.95,11528.78,27,4,0,NONE
F-TXN-2272,8273.06,12.42,873.28,34525.14,49,3,0,NONE
F-TXN-2273,3102.21,14.61,1105.17,7058.61,131,2,0,NONE
F-TXN-2274,14565.85,16.06,1112.73,12011.67,150,4,0,NONE
F-TXN-2275,4698.81,23.23,1187.14,12102.8,619,4,1,EXPIRED_CERTIFICATE
F-TXN-2276,12206.79,6.58,410.21,38978.08,52,2,0,NONE
F-TXN-2277,11920.2,10.67,689.98,17266.11,168,3,0,NONE
F-TXN-2278,7969.84,2.16,122.35,11982.39,40,3,0,NONE
F-TXN-2279,4046.77,9.21,327.73,14681.18,89,3,0,NONE
F-TXN-2280,8804.25,7.85,328.63,14632.99,175,2,0,NONE
F-TXN-2281,2835.01,11.71,829.57,11551.79,84,4,0,NONE
F-TXN-2282,5843.85,4.59,280.6,14913.51,690,4,1,EXPIRED_CERTIFICATE
F-TXN-2283,10651.59,17.26,1097.1,40173.08,60,2,0,NONE
F-TXN-2284,9107.44,18.87,949.1,25313.91,97,2,0,NONE
F-TXN-2285,2098.49,13.98,997.95,3339.74,142,2,0,NONE
F-TXN-2286,12862.44,9.36,541.37,44524.42,130,2,0,NONE
F-TXN-2287,6883.71,3.17,85.65,16444.43,149,2,0,NONE
F-TXN-2288,10224.49,14.59,383.64,17887.81,5,4,0,NONE
F-TXN-2289,1575.65,8.86,519.96,4569.61,20,2,0,NONE
F-TXN-2290,7336.19,10.31,358.77,9418.59,169,4,0,NONE
F-TXN-2291,6558.7,27.0,1191.57,26676.49,101,3,0,NONE
F-TXN-2292,9950.36,12.75,430.37,27810.69,140,11,1,LOGISTICS_ANOMALY
F-TXN-2293,11524.02,25.15,1174.62,39621.86,113,4,0,NONE
F-TXN-2294,3805.66,17.52,563.54,5803.34,33,2,0,NONE
F-TXN-2295,6671.32,13.53,923.94,5608.12,57,2,0,NONE
F-TXN-2296,7002.93,12.18,812.99,96093.08,16,3,1,PRICE_MANIPULATION
F-TXN-2297,14930.87,4.5,296.31,43814.05,152,4,0,NONE
F-TXN-2298,12435.65,4.55,299.55,54978.23,138,2,0,NONE
F-TXN-2299,4497.07,12.76,676.93,15723.44,49,4,0,NONE
F-TXN-2300,8578.27,1.67,75.32,27225.46,102,4,0,NONE
F-TXN-2301,6600.63,4.53,196.08,23480.18,126,2,0,NONE
F-TXN-2302,4792.69,13.32,854.94,20404.26,148,3,0,NONE
F-TXN-2303,8688.82,4.71,178.23,13342.06,170,2,0,NONE
F-TXN-2304,12795.9,2.58,129.11,19226.75,73,3,0,NONE
F-TXN-2305,9256.32,30.72,1050.87,33460.11,176,4,0,NONE
F-TXN-2306,3506.57,27.21,1090.3,14799.12,59,2,0,NONE
F-TXN-2307,2149.76,24.55,1199.49,3666.54,159,4,0,NONE
F-TXN-2308,13829.09,10.07,671.45,30352.97,141,4,0,NONE
F-TXN-2309,4311.5,13.01,625.12,4993.71,125,3,0,NONE
F-TXN-2310,5847.46,10.13,508.44,9365.5,42,2,0,NONE
F-TXN-2311,13944.05,15.46,703.39,19118.35,89,2,0,NONE
F-TXN-2312,12532.7,10.76,609.18,41977.78,70,3,0,NONE
F-TXN-2313,9776.37,17.54,598.9,36770.15,48,2,0,NONE
F-TXN-2314,7613.1,21.12,1101.94,24250.71,20,4,0,NONE
F-TXN-2315,14151.72,12.33,808.49,180846.31,166,2,1,PRICE_MANIPULATION
F-TXN-2316,5909.13,12.91,749.05,18189.65,128,4,0,NONE
F-TXN-2317,613.48,25.84,670.94,1788.31,75,4,0,NONE
F-TXN-2318,744.46,17.02,979.53,2865.97,50,2,0,NONE
F-TXN-2319,8126.43,5.61,304.34,14095.97,95,3,0,NONE
F-TXN-2320,1677.92,24.42,1151.97,2817.26,62,3,0,NONE
F-TXN-2321,12829.52,11.63,791.41,46336.6,28,3,0,NONE
F-TXN-2322,8480.35,3.92,86.22,12206.32,132,3,0,NONE
F-TXN-2323,5231.89,15.96,1173.25,21732.83,15,2,0,NONE
F-TXN-2324,13129.73,21.69,1067.31,12680.28,24,4,0,NONE
F-TXN-2325,13445.54,25.57,684.94,57119.03,85,2,0,NONE
F-TXN-2326,8932.83,15.2,907.66,20569.18,24,3,0,NONE
F-TXN-2327,4008.12,22.31,1004.89,16409.66,89,3,0,NONE
F-TXN-2328,2529.1,19.04,1186.4,6860.36,93,2,0,NONE
F-TXN-2329,12704.65,1.6,421.9,54861.56,106,3,1,LOGISTICS_ANOMALY
F-TXN-2330,7624.17,5.49,439.86,18231.82,179,4,0,NONE
F-TXN-2331,1708.47,11.25,749.97,5963.7,26,3,0,NONE
F-TXN-2332,10909.2,12.58,768.0,21275.44,32,2,0,NONE
F-TXN-2333,6977.3,30.92,918.39,7895.82,665,3,1,EXPIRED_CERTIFICATE
F-TXN-2334,6419.62,1.0,50.99,7412.63,158,3,0,NONE
F-TXN-2335,698.61,8.22,508.3,2427.53,148,2,0,NONE
F-TXN-2336,3011.43,14.53,469.26,5795.72,131,2,0,NONE
F-TXN-2337,155013.92,6.45,373.71,331044.85,68,4,1,QUANTITY_ANOMALY
F-TXN-2338,3422.25,3.69,146.23,14312.8,90,4,0,NONE
F-TXN-2339,12977.68,11.5,539.46,50061.68,171,4,0,NONE
F-TXN-2340,5175.79,32.3,1137.79,10103.63,106,3,0,NONE
F-TXN-2341,10684.0,11.66,599.39,17992.29,101,3,0,NONE
F-TXN-2342,6199.46,2.94,154.39,18599.74,144,2,0,NONE
F-TXN-2343,8425.3,23.73,1144.55,28830.68,117,3,0,NONE
F-TXN-2344,1522.76,15.95,1020.39,4895.92,40,4,0,NONE
F-TXN-2345,4242.58,4.01,201.89,8992.73,119,4,0,NONE
F-TXN-2346,6322.9,9.01,617.8,21371.34,144,2,0,NONE
F-TXN-2347,5690.23,21.09,1076.69,18057.03,26,2,0,NONE
F-TXN-2348,10026.59,7.92,438.91,9738.16,170,4,0,NONE
F-TXN-2349,14439.94,6.79,411.28,17444.3,30,3,0,NONE
F-TXN-2350,11298.09,11.54,678.43,18378.25,100,3,0,NONE
F-TXN-2351,10366.59,25.49,834.72,46435.83,128,2,0,NONE
F-TXN-2352,13846.66,2.17,121.31,48543.72,94,3,0,NONE
F-TXN-2353,11853.38,15.2,634.92,13500.88,120,3,0,NONE
F-TXN-2354,12305.13,1.79,155.8,450695.62,178,2,1,PRICE_MANIPULATION
F-TXN-2355,5243.37,10.49,523.12,19997.64,166,2,0,NONE
F-TXN-2356,10007.58,7.97,486.79,40795.86,120,4,0,NONE
F-TXN-2357,588.38,7.05,273.46,1793.3,21,4,0,NONE
F-TXN-2358,5853.81,8.08,252.55,18890.72,130,13,1,LOGISTICS_ANOMALY
F-TXN-2359,9342.57,17.26,712.67,36870.6,163,2,0,NONE
F-TXN-2360,10719.4,6.55,370.98,11924.18,39,3,0,NONE
F-TXN-2361,2299.6,14.47,460.5,4955.61,674,2,1,EXPIRED_CERTIFICATE
F-TXN-2362,3244.94,12.97,769.89,10153.03,49,4,0,NONE
F-TXN-2363,4678.29,3.57,240.78,14491.04,96,2,0,NONE
F-TXN-2364,3365.74,8.93,473.05,10781.69,109,4,0,NONE
F-TXN-2365,10793.03,16.32,543.75,31024.99,61,3,0,NONE
F-TXN-2366,8341.14,4.67,218.49,29525.95,131,9,1,LOGISTICS_ANOMALY
F-TXN-2367,8230.23,23.45,1189.25,30137.1,117,4,0,NONE
F-TXN-2368,6720.15,15.09,888.47,11497.09,13,3,0,NONE
F-TXN-2369,12949.22,1.61,122.64,16240.01,65,2,0,NONE
F-TXN-2370,9015.36,7.23,433.74,28436.47,47,4,0,NONE
F-TXN-2371,3520.77,9.49,264.19,7371.13,76,4,0,NONE
F-TXN-2372,5313.15,21.54,850.78,9311.23,136,4,0,NONE
F-TXN-2373,2518.57,20.19,905.11,2632.48,75,4,0,NONE
F-TXN-2374,13090.08,4.85,314.62,50638.06,178,3,0,NONE
F-TXN-2375,8815.35,7.47,337.09,21861.09,167,2,0,NONE
F-TXN-2376,11368.93,12.29,839.75,28262.03,129,3,0,NONE
F-TXN-2377,13120.26,34.87,1019.66,57641.8,167,4,0,NONE
F-TXN-2378,12814.33,21.65,958.9,56325.82,59,3,0,NONE
F-TXN-2379,12449.6,7.95,418.55,36285.98,129,3,0,NONE
F-TXN-2380,11537.81,1.73,74.21,44991.92,9,2,0,NONE
F-TXN-2381,2797.04,7.44,558.69,6651.54,38,4,0,NONE
F-TXN-2382,13124.33,35.11,1054.38,28278.61,26,3,0,NONE
F-TXN-2383,9866.86,1.14,81.11,34329.73,64,3,0,NONE
F-TXN-2384,10671.67,0.2,21.28,13982.46,62,4,0,NONE
F-TXN-2385,685.15,12.56,840.8,3053.4,113,4,0,NONE
F-TXN-2386,1576.1,7.57,472.02,1550.37,85,3,0,NONE
F-TXN-2387,2602.92,14.47,932.68,3052.04,178,2,0,NONE
F-TXN-2388,9400.76,5.75,213.66,138430.13,43,3,1,PRICE_MANIPULATION
F-TXN-2389,2558.39,2.87,165.33,56093.67,114,3,1,PRICE_MANIPULATION
F-TXN-2390,9252.43,22.28,870.99,39473.61,11,4,0,NONE
F-TXN-2391,3475.83,21.15,736.17,7797.79,170,2,0,NONE
F-TXN-2392,11925.13,6.8,302.42,20221.72,168,4,0,NONE
F-TXN-2393,14754.62,35.56,1122.03,3737.86,150,3,1,PRICE_MANIPULATION
F-TXN-2394,11716.24,0.93,39.69,20558.51,15,2,0,NONE
F-TXN-2395,6317.68,5.61,358.06,22792.04,113,4,0,NONE
F-TXN-2396,9815.29,19.76,654.43,10868.22,25,4,0,NONE
F-TXN-2397,14560.84,4.74,203.35,43473.11,171,4,0,NONE
F-TXN-2398,4917.81,7.51,536.23,8408.55,67,2,0,NONE
F-TXN-2399,2209.43,26.82,742.51,7258.91,173,4,0,NONE
F-TXN-2400,689.9,6.99,181.91,1814.81,93,4,0,NONE
F-TXN-2401,12453.51,7.49,325.91,44417.98,73,4,0,NONE
F-TXN-2402,11650.64,0.64,54.64,20968.02,21,3,0,NONE
F-TXN-2403,8948.93,1.95,110.94,18827.38,132,4,0,NONE
F-TXN-2404,2745.07,13.65,932.53,9131.78,34,2,0,NONE
F-TXN-2405,599.63,40.14,1033.25,549.1,98,3,0,NONE
F-TXN-2406,3053.17,43.72,1153.2,11553.87,172,3,0,NONE
F-TXN-2407,4115.31,27.04,1100.71,15851.05,151,3,0,NONE
F-TXN-2408,3091.23,13.04,969.12,895.99,22,3,1,PRICE_MANIPULATION
F-TXN-2409,8512.48,1.13,29.4,24809.99,82,4,0,NONE
F-TXN-2410,7199.06,14.05,718.2,26432.14,55,4,0,NONE
F-TXN-2411,11655.98,11.97,309.25,26873.49,64,4,0,NONE
F-TXN-2412,12757.71,14.38,1055.09,10264.52,173,3,0,NONE
F-TXN-2413,11126.04,2.66,142.66,18548.08,130,2,0,NONE
F-TXN-2414,2535.33,12.57,350.19,4182.89,138,3,0,NONE
F-TXN-2415,5839.94,40.02,1169.97,6730.76,39,4,0,NONE
F-TXN-2416,1596.73,14.29,690.03,6955.93,65,3,0,NONE
F-TXN-2417,5109.31,15.47,964.96,17879.54,86,3,0,NONE
F-TXN-2418,1644.35,3.69,259.2,4858.26,44,2,0,NONE
F-TXN-2419,7278.75,9.44,499.68,31704.83,58,3,0,NONE
F-TXN-2420,4370.53,4.93,161.5,14551.27,159,2,0,NONE
F-TXN-2421,12874.28,3.27,195.02,56489.39,106,4,0,NONE
F-TXN-2422,4266.86,44.51,1189.0,9736.99,661,4,1,EXPIRED_CERTIFICATE
F-TXN-2423,7261.43,30.61,968.6,6139.13,61,2,0,NONE
F-TXN-2424,6253.82,11.45,829.82,7129.64,155,3,0,NONE
F-TXN-2425,1594.4,35.0,1196.65,5103.1,37,2,0,NONE
F-TXN-2426,12535.27,15.06,411.23,31398.68,48,4,0,NONE
F-TXN-2427,10996.62,13.93,605.43,26271.0,95,2,0,NONE
F-TXN-2428,4447.94,16.45,546.29,13602.04,162,2,0,NONE
F-TXN-2429,7759.33,21.36,1061.68,8482.05,103,2,0,NONE
F-TXN-2430,9837.89,26.4,960.69,43967.67,144,2,0,NONE
F-TXN-2431,11879.7,8.52,443.75,30689.19,149,4,0,NONE
F-TXN-2432,4467.27,0.84,50.75,4043.16,76,2,0,NONE
F-TXN-2433,7355.51,7.95,441.77,12291.6,45,2,0,NONE
F-TXN-2434,3987.97,9.84,649.75,14150.56,61,4,0,NONE
F-TXN-2435,12017.24,6.56,438.67,47371.04,50,2,0,NONE
F-TXN-2436,12244.34,12.07,843.2,11021.74,95,4,0,NONE
F-TXN-2437,8705.97,3.67,242.12,35253.48,131,4,0,NONE
F-TXN-2438,7611.85,3.06,126.5,12144.63,139,3,0,NONE
F-TXN-2439,12178.2,1.06,422.1,45938.09,87,2,1,LOGISTICS_ANOMALY
F-TXN-2440,11731.15,15.13,1018.85,51058.82,100,4,0,NONE
F-TXN-2441,6260.46,3.49,139.22,7939.81,45,4,0,NONE
F-TXN-2442,11934.75,20.03,1153.58,17187.22,148,4,0,NONE
F-TXN-2443,9428.78,8.03,441.05,35963.94,101,3,0,NONE
F-TXN-2444,4759.83,9.6,229.7,16222.31,151,3,0,NONE
F-TXN-2445,11660.19,20.04,689.63,23059.96,161,2,0,NONE
F-TXN-2446,1990.19,14.62,605.5,2202.27,93,3,0,NONE
F-TXN-2447,13337.3,2.19,124.7,42326.86,90,3,0,NONE
F-TXN-2448,4165.82,0.2,100.0,4685.5,5,2,1,LOGISTICS_ANOMALY
F-TXN-2449,13372.72,13.29,601.84,37560.7,30,3,0,NONE
F-TXN-2450,8823.3,24.67,914.73,21990.1,13,3,0,NONE
F-TXN-2451,14337.06,3.04,107.56,31044.4,427,4,1,EXPIRED_CERTIFICATE
F-TXN-2452,14759.19,17.95,1074.01,35279.04,172,2,0,NONE
F-TXN-2453,6805.07,2.0,83.2,29995.76,109,4,0,NONE
F-TXN-2454,13926.8,11.04,657.35,26574.53,29,2,0,NONE
F-TXN-2455,8462.18,21.61,599.32,6802.34,27,3,0,NONE
F-TXN-2456,9541.65,19.39,586.79,14957.03,168,3,0,NONE
F-TXN-2457,7452.36,2.02,156.3,18568.63,174,3,0,NONE
F-TXN-2458,135880.51,24.43,1064.88,332574.37,72,3,1,QUANTITY_ANOMALY
F-TXN-2459,4446.14,1.3,92.73,14549.86,26,4,0,NONE
F-TXN-2460,8384.91,21.24,1165.43,24002.14,104,4,0,NONE
F-TXN-2461,8234.67,21.62,1042.93,33603.18,126,3,0,NONE
F-TXN-2462,7845.56,17.12,1082.54,150311.78,163,2,1,PRICE_MANIPULATION
F-TXN-2463,2886.22,7.93,270.03,2733.02,25,4,0,NONE
F-TXN-2464,15061.07,11.44,760.13,26206.7,22,2,0,NONE
F-TXN-2465,6270.88,10.03,404.83,15526.79,8,4,0,NONE
F-TXN-2466,8137.17,11.07,515.12,10786.04,155,4,0,NONE
F-TXN-2467,14151.76,21.27,1111.42,16649.82,78,4,0,NONE
F-TXN-2468,13279.26,5.52,331.68,38441.34,126,2,0,NONE
F-TXN-2469,6418.19,12.6,749.53,14477.6,106,3,0,NONE
F-TXN-2470,1281.13,15.28,580.76,2691.28,91,3,0,NONE
F-TXN-2471,12829.53,17.24,1032.72,56043.97,63,2,0,NONE
F-TXN-2472,11286.84,22.82,933.36,39607.98,159,4,0,NONE
F-TXN-2473,141857.76,16.15,992.28,512139.84,100,2,1,QUANTITY_ANOMALY
F-TXN-2474,4993.04,19.19,618.02,19689.06,150,2,0,NONE
F-TXN-2475,13091.8,9.83,256.86,12055.75,17,3,0,NONE
F-TXN-2476,4461.61,19.65,991.74,14124.21,36,4,0,NONE
F-TXN-2477,7628.19,7.74,546.4,19334.76,556,3,1,EXPIRED_CERTIFICATE
F-TXN-2478,13461.78,15.29,903.77,24958.95,103,2,0,NONE
F-TXN-2479,8878.11,17.22,1158.6,28184.96,178,2,0,NONE
F-TXN-2480,6471.0,1.03,43.66,23452.01,7,3,0,NONE
F-TXN-2481,9822.05,28.81,729.35,17077.19,83,4,0,NONE
F-TXN-2482,9793.3,12.04,520.09,20649.27,69,2,0,NONE
F-TXN-2483,10320.41,22.22,992.69,12332.13,135,4,0,NONE
F-TXN-2484,12683.02,13.26,682.52,23445.98,180,2,0,NONE
F-TXN-2485,5288.07,8.62,346.25,9846.7,172,4,0,NONE
F-TXN-2486,10010.75,4.96,242.26,16786.56,19,4,0,NONE
F-TXN-2487,5072.78,6.98,185.12,13470.12,80,3,0,NONE
F-TXN-2488,6337.66,16.6,889.34,28693.48,53,3,0,NONE
F-TXN-2489,3744.0,9.77,650.87,15515.61,176,3,0,NONE
F-TXN-2490,12818.41,14.52,1011.95,18744.3,29,3,0,NONE
F-TXN-2491,4251.19,15.19,973.85,6344.25,179,3,0,NONE
F-TXN-2492,3716.63,4.26,283.53,8680.94,89,3,0,NONE
F-TXN-2493,4741.87,21.33,1024.43,19044.62,154,4,0,NONE
F-TXN-2494,1618.98,21.26,1069.52,6167.91,102,4,0,NONE
F-TXN-2495,1330.53,31.83,1028.0,1802.53,109,4,0,NONE
F-TXN-2496,14730.13,3.15,189.0,21670.56,25,3,0,NONE
F-TXN-2497,14934.2,13.8,389.83,36628.43,58,2,0,NONE
F-TXN-2498,2874.41,15.39,946.55,3783.36,116,4,0,NONE
F-TXN-2499,6781.29,23.42,583.33,18709.63,100,2,0,NONE
F-TXN-2500,11513.21,24.8,646.62,9272.69,68,2,0,NONE
F-TXN-2501,5492.9,3.85,172.14,16313.49,47,2,0,NONE
F-TXN-2502,4858.75,6.2,363.18,14512.33,91,3,0,NONE
F-TXN-2503,15008.23,5.71,424.42,31779.27,53,2,0,NONE
F-TXN-2504,13778.14,13.06,496.0,48209.76,38,2,0,NONE
F-TXN-2505,9044.46,5.52,219.4,29088.18,14,3,0,NONE
F-TXN-2506,4157.73,24.29,650.99,18979.5,174,2,0,NONE
F-TXN-2507,815.36,18.12,833.9,1639.27,145,3,0,NONE
F-TXN-2508,2701.73,15.2,840.33,5395.55,174,2,0,NONE
F-TXN-2509,4491.83,22.91,734.65,16987.88,31,4,0,NONE
F-TXN-2510,2214.2,4.57,154.53,3420.28,56,3,0,NONE
F-TXN-2511,14602.86,9.58,442.35,20198.17,145,3,0,NONE
F-TXN-2512,10504.64,15.83,587.18,8760.5,27,2,0,NONE
F-TXN-2513,10057.2,6.63,195.99,27651.19,30,3,0,NONE
F-TXN-2514,7205.96,30.57,1173.2,6957.94,49,2,0,NONE
F-TXN-2515,5746.55,17.38,818.58,7062.93,16,2,0,NONE
F-TXN-2516,10156.95,5.53,221.2,24472.5,164,3,0,NONE
F-TXN-2517,1837.61,28.49,981.66,4135.6,121,3,0,NONE
F-TXN-2518,10492.26,12.79,584.33,42931.89,47,2,0,NONE
F-TXN-2519,10992.8,17.98,1178.25,13033.03,156,3,0,NONE
F-TXN-2520,10335.63,5.09,233.89,21741.84,12,4,0,NONE
F-TXN-2521,11089.74,22.04,1072.28,28757.14,110,3,0,NONE
F-TXN-2522,10000.47,0.66,34.59,27254.1,669,4,1,EXPIRED_CERTIFICATE
F-TXN-2523,14332.09,20.85,1050.31,47925.34,163,2,0,NONE
F-TXN-2524,11051.13,9.71,588.68,35067.48,43,4,0,NONE
F-TXN-2525,9385.47,0.2,33.74,25186.07,125,3,0,NONE
F-TXN-2526,1548.82,15.96,600.14,6979.87,17,4,0,NONE
F-TXN-2527,9885.53,13.19,495.87,24563.15,151,3,0,NONE
F-TXN-2528,129502.07,3.42,160.07,416618.98,31,3,1,QUANTITY_ANOMALY
F-TXN-2529,484.11,2.06,127.26,1561.49,82,4,0,NONE
F-TXN-2530,9938.03,12.4,558.33,38547.95,62,3,0,NONE
F-TXN-2531,11672.73,11.26,727.94,24830.68,120,2,0,NONE
F-TXN-2532,562.81,2.72,439.06,2001.69,145,4,1,LOGISTICS_ANOMALY
F-TXN-2533,7603.72,15.88,989.77,17817.34,70,4,0,NONE
F-TXN-2534,2218.52,28.42,1025.59,8619.27,53,4,0,NONE
F-TXN-2535,11431.0,1.36,74.87,37891.98,36,3,0,NONE
F-TXN-2536,9061.24,8.33,614.95,7352.05,17,4,0,NONE
F-TXN-2537,12584.67,11.96,589.86,53281.23,50,4,0,NONE
F-TXN-2538,11083.15,4.82,171.49,33550.65,87,4,0,NONE
F-TXN-2539,6533.05,12.26,738.61,11406.38,106,3,0,NONE
F-TXN-2540,7071.93,3.46,177.38,24046.93,136,3,0,NONE
F-TXN-2541,8409.78,6.88,390.41,24156.33,60,2,0,NONE
F-TXN-2542,10836.21,12.07,830.2,14023.96,171,2,0,NONE
F-TXN-2543,10610.16,13.16,400.41,22141.82,127,4,0,NONE
F-TXN-2544,10141.6,8.52,512.62,39777.95,78,3,0,NONE
F-TXN-2545,8059.4,1.26,49.82,26542.92,56,3,0,NONE
F-TXN-2546,2936.69,9.22,358.21,11069.51,80,2,0,NONE
F-TXN-2547,1039.05,32.53,980.55,3930.37,148,2,0,NONE
F-TXN-2548,8585.3,4.81,300.36,32424.1,78,4,0,NONE
F-TXN-2549,13983.32,6.91,477.31,61715.61,85,4,0,NONE
F-TXN-2550,3473.75,15.46,1045.24,8422.38,711,4,1,EXPIRED_CERTIFICATE
F-TXN-2551,9013.93,25.7,891.37,31420.11,54,3,0,NONE
F-TXN-2552,14768.5,1.87,107.87,51851.76,35,3,0,NONE
F-TXN-2553,8627.67,3.6,173.48,14931.69,459,3,1,EXPIRED_CERTIFICATE
F-TXN-2554,9048.67,16.4,932.92,36012.88,673,3,1,EXPIRED_CERTIFICATE
F-TXN-2555,1555.63,16.38,855.06,6707.24,138,2,0,NONE
F-TXN-2556,2852.9,14.79,660.83,5858.67,59,4,0,NONE
F-TXN-2557,5713.23,4.32,277.77,15743.2,148,4,0,NONE
F-TXN-2558,7042.94,19.43,1087.31,21691.84,544,4,1,EXPIRED_CERTIFICATE
F-TXN-2559,12121.06,4.36,153.78,41857.88,11,4,0,NONE
F-TXN-2560,5957.08,20.45,967.32,5622.41,171,2,0,NONE
F-TXN-2561,1710.23,1.46,133.23,6321.01,141,2,0,NONE
F-TXN-2562,3533.1,21.45,762.83,11892.25,31,2,0,NONE
F-TXN-2563,10676.83,18.56,1171.94,34077.21,23,4,0,NONE
F-TXN-2564,887.98,31.79,865.9,917.02,50,3,0,NONE
F-TXN-2565,8933.9,7.31,288.62,19689.18,166,3,0,NONE
F-TXN-2566,770.61,15.8,814.49,2398.89,163,2,0,NONE
F-TXN-2567,9015.78,29.78,847.04,38178.19,32,3,0,NONE
F-TXN-2568,4890.08,1.86,122.08,11848.74,106,4,0,NONE
F-TXN-2569,8330.28,4.02,180.93,30790.56,144,10,1,LOGISTICS_ANOMALY
F-TXN-2570,13416.54,16.92,1159.13,42503.51,7,4,0,NONE
F-TXN-2571,2592.29,1.13,69.29,5748.93,145,2,0,NONE
F-TXN-2572,11366.9,25.8,1086.18,26481.07,170,4,0,NONE
F-TXN-2573,3146.12,20.03,747.92,3851.88,176,4,0,NONE
F-TXN-2574,12882.06,15.18,1120.2,32105.08,145,2,0,NONE
F-TXN-2575,1531.06,2.06,135.88,3924.23,89,3,0,NONE
F-TXN-2576,10022.72,3.02,138.05,41300.04,86,3,0,NONE
F-TXN-2577,9419.5,7.02,380.7,27266.5,98,3,0,NONE
F-TXN-2578,2985.27,5.58,389.59,10012.05,169,3,0,NONE
F-TXN-2579,5659.16,20.05,821.9,14885.61,119,3,0,NONE
F-TXN-2580,7555.86,2.54,148.42,8349.17,76,2,0,NONE
F-TXN-2581,3406.36,15.44,885.58,11714.21,9,4,0,NONE
F-TXN-2582,12332.07,11.23,703.1,19515.21,14,4,0,NONE
F-TXN-2583,13512.85,10.57,656.82,18241.78,105,2,0,NONE
F-TXN-2584,9016.51,31.99,1031.45,24069.14,28,3,0,NONE
F-TXN-2585,722.26,4.08,301.88,2992.51,180,2,0,NONE
F-TXN-2586,2615.99,4.29,207.88,7500.12,42,4,0,NONE
F-TXN-2587,14155.15,1.1,67.7,23240.1,72,3,0,NONE
F-TXN-2588,10182.19,9.52,631.1,23011.41,121,2,0,NONE
F-TXN-2589,1987.97,20.55,1162.76,3673.15,658,4,1,EXPIRED_CERTIFICATE
F-TXN-2590,5963.74,9.09,466.65,24519.88,24,4,0,NONE
F-TXN-2591,14613.5,6.03,283.02,55709.56,93,3,0,NONE
F-TXN-2592,13333.4,0.39,27.79,32399.84,63,2,0,NONE
F-TXN-2593,4537.12,5.58,197.28,13832.51,35,4,0,NONE
F-TXN-2594,12186.77,17.95,869.9,31541.39,58,4,0,NONE
F-TXN-2595,12510.91,1.62,46.49,36693.37,46,2,0,NONE
F-TXN-2596,1084.23,25.42,695.28,1687.89,51,4,0,NONE
F-TXN-2597,9196.44,26.37,685.05,31888.27,174,3,0,NONE
F-TXN-2598,3651.26,14.92,735.7,9368.77,61,3,0,NONE
F-TXN-2599,11982.13,29.31,988.13,38961.61,72,2,0,NONE
F-TXN-2600,5563.79,10.16,555.09,8954.27,103,2,0,NONE
F-TXN-2601,8003.63,2.04,1093.02,31012.41,160,2,1,LOGISTICS_ANOMALY
F-TXN-2602,13240.77,10.49,647.09,14984.66,173,2,0,NONE
F-TXN-2603,8364.4,0.2,21.42,27558.28,115,4,0,NONE
F-TXN-2604,13265.56,18.42,843.22,56301.37,128,3,0,NONE
F-TXN-2605,12122.45,15.68,1091.27,35597.45,113,2,0,NONE
F-TXN-2606,11594.4,37.18,1093.9,34960.51,144,3,0,NONE
F-TXN-2607,583.15,35.33,897.5,1518.48,138,2,0,NONE
F-TXN-2608,3487.0,21.46,969.06,4045.62,114,4,0,NONE
F-TXN-2609,4359.44,12.23,652.6,13142.87,179,3,0,NONE
F-TXN-2610,6527.22,19.3,944.87,14181.16,147,3,0,NONE
F-TXN-2611,4960.83,6.89,426.34,17459.57,173,2,0,NONE
F-TXN-2612,6918.44,25.57,845.19,11112.3,107,3,0,NONE
F-TXN-2613,9392.96,29.95,827.79,20872.38,167,2,0,NONE
F-TXN-2614,12409.77,10.51,576.57,14021.78,72,2,0,NONE
F-TXN-2615,9279.53,12.61,874.9,21210.14,172,4,0,NONE
F-TXN-2616,14519.66,1.51,87.81,20896.93,131,3,0,NONE
F-TXN-2617,3412.59,18.35,945.07,11340.61,398,2,1,EXPIRED_CERTIFICATE
F-TXN-2618,10047.81,39.72,1171.26,18344.86,107,3,0,NONE
F-TXN-2619,6366.54,10.04,256.37,21736.46,28,4,0,NONE
F-TXN-2620,12524.87,26.18,1099.71,54769.27,75,2,0,NONE
F-TXN-2621,3233.19,21.18,1117.06,5698.28,109,4,0,NONE
F-TXN-2622,7847.58,13.99,421.16,1037.59,70,4,1,PRICE_MANIPULATION
F-TXN-2623,8645.4,14.44,928.56,37732.42,122,4,0,NONE
F-TXN-2624,8993.58,1.93,52.27,9590.02,167,2,0,NONE
F-TXN-2625,3903.77,5.23,392.56,10373.27,7,4,0,NONE
F-TXN-2626,4015.56,1.97,129.75,15831.17,24,4,0,NONE
F-TXN-2627,7490.83,5.9,437.17,13246.1,179,2,0,NONE
F-TXN-2628,3393.84,13.02,887.81,5232.75,56,2,0,NONE
F-TXN-2629,5683.6,30.16,939.15,6172.86,174,3,0,NONE
F-TXN-2630,11608.86,24.31,658.94,29888.63,163,3,0,NONE
F-TXN-2631,14782.26,15.73,1078.46,38647.43,135,3,0,NONE
F-TXN-2632,11364.52,3.82,171.33,26972.32,143,2,0,NONE
F-TXN-2633,6194.12,24.81,829.88,27366.95,137,3,0,NONE
F-TXN-2634,680.73,18.66,815.44,718.81,97,4,0,NONE
F-TXN-2635,3236.1,8.11,330.16,13855.87,92,3,0,NONE
F-TXN-2636,6587.48,8.26,514.53,14469.91,107,3,0,NONE
F-TXN-2637,8897.01,20.01,1175.54,33544.63,74,2,0,NONE
F-TXN-2638,12826.42,3.7,251.35,45550.04,126,2,0,NONE
F-TXN-2639,7713.13,17.66,1194.76,20962.15,85,3,0,NONE
F-TXN-2640,8552.04,15.59,690.04,28916.94,20,2,0,NONE
F-TXN-2641,7421.78,16.69,763.24,15010.98,97,3,0,NONE
F-TXN-2642,13885.23,12.38,324.1,17604.86,178,4,0,NONE
F-TXN-2643,8948.39,22.94,785.97,32682.62,95,3,0,NONE
F-TXN-2644,7545.39,12.76,889.1,16990.89,78,3,0,NONE
F-TXN-2645,2525.15,3.41,217.74,5373.06,166,4,0,NONE
F-TXN-2646,12863.35,3.18,104.19,21094.11,86,4,0,NONE
F-TXN-2647,4358.77,20.33,780.68,10675.67,97,4,0,NONE
F-TXN-2648,14531.21,14.76,508.51,12877.2,65,4,0,NONE
F-TXN-2649,11284.73,25.8,904.69,25604.01,29,2,0,NONE
F-TXN-2650,7272.54,1.69,83.51,20069.8,26,2,0,NONE
F-TXN-2651,2718.79,11.26,792.7,5488.16,68,4,0,NONE
F-TXN-2652,9477.19,3.55,174.91,8785.94,174,3,0,NONE
F-TXN-2653,5226.58,7.87,581.86,14632.57,74,4,0,NONE
F-TXN-2654,14584.42,25.1,843.19,43891.69,166,4,0,NONE
F-TXN-2655,8682.25,11.13,637.68,16869.63,93,3,0,NONE
F-TXN-2656,12158.52,12.85,541.4,21491.15,82,2,0,NONE
F-TXN-2657,5339.31,2.13,573.65,23126.4,127,3,1,LOGISTICS_ANOMALY
F-TXN-2658,3851.69,0.54,28.52,9063.68,148,3,0,NONE
F-TXN-2659,2914.78,19.77,889.8,6348.79,72,2,0,NONE
F-TXN-2660,3925.06,12.67,922.16,14989.61,180,3,0,NONE
F-TXN-2661,11315.56,21.63,974.39,44666.31,51,2,0,NONE
F-TXN-2662,9771.2,19.55,748.92,30154.96,53,3,0,NONE
F-TXN-2663,14582.48,0.87,46.11,216707.33,37,4,1,PRICE_MANIPULATION
F-TXN-2664,7716.35,10.65,423.46,28809.87,100,3,0,NONE
F-TXN-2665,1013.7,1.83,114.66,1198.97,73,3,0,NONE
F-TXN-2666,196943.67,28.49,1076.92,435557.69,8,2,1,QUANTITY_ANOMALY
F-TXN-2667,6072.34,31.09,1170.47,27204.34,55,3,0,NONE
F-TXN-2668,1767.74,22.81,805.89,4171.49,84,3,0,NONE
F-TXN-2669,11018.58,17.32,898.78,13939.33,128,4,0,NONE
F-TXN-2670,5645.81,1.17,81.46,25124.69,65,4,0,NONE
F-TXN-2671,671.49,17.9,957.38,1607.61,67,2,0,NONE
F-TXN-2672,8912.39,13.45,835.09,12322.61,27,2,0,NONE
F-TXN-2673,1763.36,10.5,750.0,8221.25,165,2,0,NONE
F-TXN-2674,10737.29,30.09,953.93,17418.58,147,15,1,LOGISTICS_ANOMALY
F-TXN-2675,818.81,8.15,465.77,1522.57,15,3,0,NONE
F-TXN-2676,8616.34,13.19,660.43,25010.14,144,3,0,NONE
F-TXN-2677,7243.05,19.14,1043.84,29101.32,46,2,0,NONE
F-TXN-2678,7069.08,19.78,986.91,17439.74,168,4,0,NONE
F-TXN-2679,3164.8,0.61,42.09,11535.32,66,3,0,NONE
F-TXN-2680,10010.46,14.66,655.97,27461.97,132,4,0,NONE
F-TXN-2681,4612.99,12.01,503.57,5436.6,173,2,0,NONE
F-TXN-2682,3090.27,1.87,56.9,4630.36,13,14,1,LOGISTICS_ANOMALY
F-TXN-2683,8132.17,22.67,847.55,17425.53,160,4,0,NONE
F-TXN-2684,9975.46,2.84,1115.52,25204.78,168,2,1,LOGISTICS_ANOMALY
F-TXN-2685,12378.42,34.15,957.21,38372.1,140,2,0,NONE
F-TXN-2686,12612.75,3.19,111.96,34382.46,30,4,0,NONE
F-TXN-2687,6080.43,4.4,247.88,17698.26,50,4,0,NONE
F-TXN-2688,6533.44,2.36,144.51,13608.0,122,4,0,NONE
F-TXN-2689,13294.23,6.8,216.83,30495.42,91,4,0,NONE
F-TXN-2690,15025.56,13.11,542.75,29455.31,88,3,0,NONE
F-TXN-2691,9691.86,23.98,994.86,16337.48,144,2,0,NONE
F-TXN-2692,8509.25,21.26,898.6,20960.86,106,2,0,NONE
F-TXN-2693,14730.36,14.21,723.0,66088.42,82,2,0,NONE
F-TXN-2694,3645.16,38.79,1029.75,14223.98,75,4,0,NONE
F-TXN-2695,8713.65,23.22,694.5,21951.5,44,2,0,NONE
F-TXN-2696,13376.91,8.76,314.83,25640.84,151,3,0,NONE
F-TXN-2697,3667.86,2.88,111.1,9330.07,129,4,0,NONE
F-TXN-2698,12434.93,2.3,132.53,11685.68,152,3,0,NONE
F-TXN-2699,13813.54,5.54,414.58,341655.48,35,2,1,PRICE_MANIPULATION
F-TXN-2700,9685.63,1.37,83.87,19067.53,149,2,0,NONE
F-TXN-2701,10673.92,3.06,200.77,47840.25,119,4,0,NONE
F-TXN-2702,1761.17,8.43,529.68,2401.26,91,2,0,NONE
F-TXN-2703,11337.23,17.33,666.82,25702.21,116,4,0,NONE
F-TXN-2704,2457.67,13.47,679.97,7964.79,55,4,0,NONE
F-TXN-2705,11141.52,10.8,310.57,40929.42,87,4,0,NONE
F-TXN-2706,1671.01,17.54,812.66,3999.16,87,3,0,NONE
F-TXN-2707,890.23,5.1,379.69,2594.8,118,4,0,NONE
F-TXN-2708,1151.85,28.33,985.44,2394.11,26,2,0,NONE
F-TXN-2709,4079.92,23.46,752.78,15685.9,78,2,0,NONE
F-TXN-2710,12184.0,7.83,380.04,24731.28,142,2,0,NONE
F-TXN-2711,8116.95,6.51,325.22,28254.18,41,4,0,NONE
F-TXN-2712,771.73,12.63,707.95,612.73,48,2,0,NONE
F-TXN-2713,11869.86,27.14,749.2,38493.4,7,2,0,NONE
F-TXN-2714,4442.67,17.75,1025.46,17704.12,9,3,0,NONE
F-TXN-2715,9990.95,6.17,292.78,43683.1,30,3,0,NONE
F-TXN-2716,9152.88,3.05,123.86,40068.34,148,4,0,NONE
F-TXN-2717,13955.99,7.68,379.81,49330.82,9,13,1,LOGISTICS_ANOMALY
F-TXN-2718,3861.96,23.27,1174.33,14893.08,165,3,0,NONE
F-TXN-2719,13394.94,37.46,981.53,38320.56,76,2,0,NONE
F-TXN-2720,13453.47,27.13,795.18,29961.09,178,4,0,NONE
F-TXN-2721,10511.6,10.03,512.45,24758.67,84,4,0,NONE
F-TXN-2722,8321.85,7.89,263.97,23416.45,56,2,0,NONE
F-TXN-2723,10747.8,20.39,638.09,48081.36,42,4,0,NONE
F-TXN-2724,13782.13,7.51,394.65,59384.0,35,2,0,NONE
F-TXN-2725,13359.23,13.39,877.95,53786.22,110,3,0,NONE
F-TXN-2726,11412.52,17.41,989.6,39931.03,43,2,0,NONE
F-TXN-2727,862.0,21.14,1183.43,2812.75,161,11,1,LOGISTICS_ANOMALY
F-TXN-2728,5598.7,17.5,832.01,15036.33,159,3,0,NONE
F-TXN-2729,5909.08,20.56,1025.51,7810.09,54,2,0,NONE
F-TXN-2730,13838.9,31.73,1141.23,3659.21,56,2,1,PRICE_MANIPULATION
F-TXN-2731,7536.01,8.48,403.38,12960.51,108,2,0,NONE
F-TXN-2732,12474.06,19.46,869.84,53169.11,151,4,0,NONE
F-TXN-2733,9824.6,32.14,850.85,11784.97,121,2,0,NONE
F-TXN-2734,4098.95,8.44,654.69,3744.8,104,4,0,NONE
F-TXN-2735,14481.21,5.64,244.02,58910.78,78,3,0,NONE
F-TXN-2736,4753.43,18.56,1104.46,19636.14,123,4,0,NONE
F-TXN-2737,11008.6,2.67,153.54,46832.65,144,2,0,NONE
F-TXN-2738,5166.68,1.12,49.4,21326.83,56,3,0,NONE
F-TXN-2739,10526.6,17.45,1090.45,36387.56,438,2,1,EXPIRED_CERTIFICATE
F-TXN-2740,9676.13,1.8,120.66,33901.16,135,4,0,NONE
F-TXN-2741,5981.78,7.2,469.12,25145.9,149,4,0,NONE
F-TXN-2742,2921.78,2.82,190.64,2635.21,83,3,0,NONE
F-TXN-2743,14484.38,10.39,360.76,59613.65,56,2,0,NONE
F-TXN-2744,4071.6,8.55,561.2,11600.87,6,4,0,NONE
F-TXN-2745,3985.77,14.66,714.86,9057.2,25,4,0,NONE
F-TXN-2746,4027.99,12.1,665.86,11600.71,58,2,0,NONE
F-TXN-2747,1327.65,13.98,431.84,1038.13,152,4,0,NONE
F-TXN-2748,13926.44,1.73,77.86,20118.01,177,3,0,NONE
F-TXN-2749,10460.43,11.16,722.06,15424.15,121,4,0,NONE
F-TXN-2750,14000.08,3.7,129.89,30160.75,102,2,0,NONE
F-TXN-2751,12727.39,1.61,96.61,15965.26,75,3,0,NONE
F-TXN-2752,8151.71,15.0,841.08,9504.24,166,4,0,NONE
F-TXN-2753,7523.06,11.74,832.61,33468.0,78,3,0,NONE
F-TXN-2754,5150.87,8.24,639.96,10802.21,38,4,0,NONE
F-TXN-2755,8095.36,14.89,765.59,11809.59,161,2,0,NONE
F-TXN-2756,14674.03,0.81,21.87,45811.2,35,4,0,NONE
F-TXN-2757,12069.32,26.03,1198.8,24614.44,148,4,0,NONE
F-TXN-2758,9734.6,21.79,834.22,10356.08,81,4,0,NONE
F-TXN-2759,11564.53,3.9,154.33,26374.47,150,4,0,NONE
F-TXN-2760,12478.33,3.53,248.94,53047.06,127,3,0,NONE
F-TXN-2761,9812.9,10.3,588.16,40486.3,142,3,0,NONE
F-TXN-2762,12344.59,40.02,1114.79,33509.07,149,4,0,NONE
F-TXN-2763,8621.19,1.3,42.09,17431.97,95,2,0,NONE
F-TXN-2764,4570.94,0.52,56.78,14156.25,47,4,0,NONE
F-TXN-2765,3243.12,2.59,157.88,6383.19,85,4,0,NONE
F-TXN-2766,143044.57,23.76,1054.92,553417.76,82,2,1,QUANTITY_ANOMALY
F-TXN-2767,5876.22,1.71,64.13,6796.42,134,2,0,NONE
F-TXN-2768,13721.64,5.74,201.81,35325.57,139,3,0,NONE
F-TXN-2769,2568.62,16.02,1048.72,11097.65,178,2,0,NONE
F-TXN-2770,1013.98,7.53,477.35,1288.47,84,2,0,NONE
F-TXN-2771,9142.06,2.74,122.75,8892.35,138,4,0,NONE
F-TXN-2772,867.91,15.88,915.02,1246.24,56,2,0,NONE
F-TXN-2773,8162.99,16.05,931.89,14942.78,45,3,0,NONE
F-TXN-2774,3518.26,11.09,433.38,111.76,77,4,1,PRICE_MANIPULATION
F-TXN-2775,1268.97,0.45,54.21,1180.37,103,2,0,NONE
F-TXN-2776,122709.69,13.5,723.42,477647.75,119,4,1,QUANTITY_ANOMALY
F-TXN-2777,3369.55,13.52,914.92,3643.1,124,4,0,NONE
F-TXN-2778,12330.86,23.0,1105.23,30589.75,180,4,0,NONE
F-TXN-2779,7250.74,8.11,293.4,28825.9,162,3,0,NONE
F-TXN-2780,6220.06,14.64,845.55,23048.44,88,3,0,NONE
F-TXN-2781,1421.49,2.48,153.21,5798.59,77,3,0,NONE
F-TXN-2782,2323.27,1.89,141.46,8866.71,88,4,0,NONE
F-TXN-2783,11970.65,14.72,648.64,27995.8,163,2,0,NONE
F-TXN-2784,14655.61,10.84,472.9,55850.6,156,3,0,NONE
F-TXN-2785,6825.69,18.06,949.05,11417.12,174,4,0,NONE
F-TXN-2786,116875.48,17.65,723.37,135729.97,118,2,1,QUANTITY_ANOMALY
F-TXN-2787,9107.12,14.66,828.9,35282.73,88,3,0,NONE
F-TXN-2788,1360.03,9.12,276.78,4049.71,167,2,0,NONE
F-TXN-2789,9997.41,13.68,554.51,31154.52,119,2,0,NONE
F-TXN-2790,13214.87,5.61,373.69,43840.79,116,4,0,NONE
F-TXN-2791,5516.93,5.27,125.36,24582.21,108,2,0,NONE
F-TXN-2792,1386.96,14.36,1083.27,1087.0,148,3,0,NONE
F-TXN-2793,13065.37,4.66,297.58,29386.85,575,4,1,EXPIRED_CERTIFICATE
F-TXN-2794,6827.45,7.98,269.23,8955.73,147,3,0,NONE
F-TXN-2795,5686.25,12.93,512.34,22970.97,37,2,0,NONE
F-TXN-2796,2632.45,18.69,1064.17,595.06,39,2,1,PRICE_MANIPULATION
F-TXN-2797,10536.69,19.45,1117.77,26194.57,113,4,0,NONE
F-TXN-2798,6074.19,5.76,286.37,4937.6,132,4,0,NONE
F-TXN-2799,7724.87,9.71,504.79,16783.89,14,4,0,NONE
F-TXN-2800,5808.3,9.7,704.72,6352.15,139,3,0,NONE
F-TXN-2801,1620.82,36.87,1070.1,4298.62,174,4,0,NONE
F-TXN-2802,9324.09,21.24,1086.23,7967.0,620,4,1,EXPIRED_CERTIFICATE
F-TXN-2803,5249.54,6.15,436.44,10184.39,47,2,0,NONE
F-TXN-2804,9109.6,5.62,378.8,16266.81,166,3,0,NONE
F-TXN-2805,8820.04,20.23,794.46,31105.98,11,3,0,NONE
F-TXN-2806,2358.44,1.33,110.7,4157.1,162,3,0,NONE
F-TXN-2807,4284.34,16.15,894.89,17606.86,43,4,0,NONE
F-TXN-2808,12137.13,5.62,328.28,31741.94,140,2,0,NONE
F-TXN-2809,1720.71,3.0,191.18,2328.84,131,3,0,NONE
F-TXN-2810,3978.47,9.18,539.42,6239.69,93,2,0,NONE
F-TXN-2811,11445.8,4.77,156.87,26026.15,82,3,0,NONE
F-TXN-2812,11403.63,14.99,648.37,38873.66,126,3,0,NONE
F-TXN-2813,13038.7,1.0,34.0,32419.3,178,3,0,NONE
F-TXN-2814,10337.09,1.17,68.4,32803.17,115,4,0,NONE
F-TXN-2815,12959.33,10.92,415.26,15041.02,172,4,0,NONE
F-TXN-2816,11671.5,14.44,903.93,34786.09,54,4,0,NONE
F-TXN-2817,10467.44,4.41,232.3,34496.5,22,2,0,NONE
F-TXN-2818,8150.43,19.91,828.89,28214.65,69,2,0,NONE
F-TXN-2819,1336.76,10.5,721.08,12470.03,158,4,1,PRICE_MANIPULATION
F-TXN-2820,2387.45,11.57,794.55,6947.61,52,2,0,NONE
F-TXN-2821,4111.49,8.21,571.01,13291.13,75,3,0,NONE
F-TXN-2822,10141.73,24.54,928.74,37618.98,75,2,0,NONE
F-TXN-2823,5313.03,1.57,90.87,9708.27,117,2,0,NONE
F-TXN-2824,13925.2,21.4,740.16,36625.92,41,4,0,NONE
F-TXN-2825,3702.68,10.96,779.14,12784.04,31,2,0,NONE
F-TXN-2826,11703.01,1.05,42.14,37786.85,720,2,1,EXPIRED_CERTIFICATE
F-TXN-2827,2784.28,9.78,409.2,2118.96,130,3,0,NONE
F-TXN-2828,12711.23,14.91,941.51,35610.27,5,3,0,NONE
F-TXN-2829,12358.39,11.04,588.84,52460.2,96,3,0,NONE
F-TXN-2830,6308.22,10.3,766.08,7114.26,141,3,0,NONE
F-TXN-2831,102992.56,9.92,362.15,293564.88,103,4,1,QUANTITY_ANOMALY
F-TXN-2832,13484.73,17.7,764.13,15116.45,166,3,0,NONE
F-TXN-2833,2546.18,4.24,247.85,7668.9,130,3,0,NONE
F-TXN-2834,7728.85,17.48,1158.65,33787.96,553,2,1,EXPIRED_CERTIFICATE
F-TXN-2835,6338.59,5.56,269.78,105583.6,178,4,1,PRICE_MANIPULATION
F-TXN-2836,7521.42,0.21,42.49,23482.76,67,8,1,LOGISTICS_ANOMALY
F-TXN-2837,1251.75,6.08,382.66,3020.65,48,4,0,NONE
F-TXN-2838,2149.33,13.04,722.07,164.88,56,3,1,PRICE_MANIPULATION
F-TXN-2839,14538.91,21.89,699.64,56972.89,59,2,0,NONE
F-TXN-2840,5373.56,5.96,162.48,12569.31,99,4,0,NONE
F-TXN-2841,4017.17,22.59,706.74,15078.26,166,4,0,NONE
F-TXN-2842,2808.43,36.62,1057.96,2510.1,27,4,0,NONE
F-TXN-2843,13303.73,7.96,511.14,48785.67,37,2,0,NONE
F-TXN-2844,4456.55,14.64,551.49,6361.52,14,4,0,NONE
F-TXN-2845,7733.62,20.54,1141.35,28726.39,94,3,0,NONE
F-TXN-2846,3220.31,3.07,1184.19,10072.27,143,4,1,LOGISTICS_ANOMALY
F-TXN-2847,4445.26,3.77,248.59,15005.76,126,3,0,NONE
F-TXN-2848,10338.4,1.37,70.88,18812.23,116,3,0,NONE
F-TXN-2849,12146.49,33.99,914.92,43301.81,142,2,0,NONE
F-TXN-2850,842.15,21.42,627.59,1726.47,118,4,0,NONE
F-TXN-2851,6595.94,12.63,901.56,10912.74,33,3,0,NONE
F-TXN-2852,3806.43,14.48,506.86,16171.79,23,3,0,NONE
F-TXN-2853,1334.13,14.62,534.32,3943.04,50,3,0,NONE
F-TXN-2854,7090.96,5.88,249.1,12742.28,90,2,0,NONE
F-TXN-2855,4548.36,2.83,151.11,120235.44,92,2,1,PRICE_MANIPULATION
F-TXN-2856,8557.88,6.31,291.05,23254.29,60,4,0,NONE
F-TXN-2857,7137.63,0.71,37.11,29041.54,68,3,0,NONE
F-TXN-2858,3855.94,15.08,1114.43,15719.81,6,3,0,NONE
F-TXN-2859,1130.69,9.16,575.37,1175.0,140,3,0,NONE
F-TXN-2860,12089.86,20.89,989.12,20393.81,147,2,0,NONE
F-TXN-2861,6457.14,6.79,277.25,10711.63,28,2,0,NONE
F-TXN-2862,4854.17,12.46,849.9,17460.07,11,3,0,NONE
F-TXN-2863,2506.87,25.18,849.7,10056.56,165,3,0,NONE
F-TXN-2864,517.63,17.2,760.22,1829.09,140,2,0,NONE
F-TXN-2865,11304.53,14.99,843.7,33453.72,58,4,0,NONE
F-TXN-2866,11228.54,1.02,84.68,36626.24,576,2,1,EXPIRED_CERTIFICATE
F-TXN-2867,9508.42,13.18,451.37,27057.81,22,4,0,NONE
F-TXN-2868,3437.12,31.84,1177.88,4171.46,127,4,0,NONE
F-TXN-2869,8801.45,32.72,1151.74,31822.61,62,3,0,NONE
F-TXN-2870,4409.26,20.83,822.67,4507.39,93,3,0,NONE
F-TXN-2871,8136.57,2.9,164.8,26997.86,141,3,0,NONE
F-TXN-2872,5801.41,13.68,814.5,25843.85,21,2,0,NONE
F-TXN-2873,7211.97,1.85,114.6,13407.59,24,2,0,NONE
F-TXN-2874,2128.55,6.41,194.59,3345.94,165,2,0,NONE
F-TXN-2875,14515.78,21.27,658.89,30392.79,118,4,0,NONE
F-TXN-2876,4704.84,1.23,94.28,7874.64,138,4,0,NONE
F-TXN-2877,8914.38,12.4,793.8,23137.17,175,4,0,NONE
F-TXN-2878,8537.79,10.82,560.45,34875.38,83,2,0,NONE
F-TXN-2879,3835.4,11.33,458.84,14921.9,42,3,0,NONE
F-TXN-2880,14455.57,22.63,749.98,39859.87,51,2,0,NONE
F-TXN-2881,10513.85,24.35,806.3,17642.21,15,3,0,NONE
F-TXN-2882,6874.36,12.52,456.21,23550.4,175,3,0,NONE
F-TXN-2883,2690.3,7.17,549.15,7490.96,36,2,0,NONE
F-TXN-2884,7767.08,4.31,191.55,15299.68,6,4,0,NONE
F-TXN-2885,7900.16,19.38,783.75,32423.27,151,4,0,NONE
F-TXN-2886,8704.45,23.31,1090.12,29012.2,127,2,0,NONE
F-TXN-2887,8444.17,8.69,383.54,33107.41,119,3,0,NONE
F-TXN-2888,9341.35,4.47,250.28,1883.64,76,2,1,PRICE_MANIPULATION
F-TXN-2889,14323.92,26.36,1171.49,37676.76,159,4,0,NONE
F-TXN-2890,1277.85,18.15,806.78,4553.6,114,3,0,NONE
F-TXN-2891,649.82,10.27,427.01,1460.89,148,2,0,NONE
F-TXN-2892,13390.65,19.08,895.0,32603.51,46,4,0,NONE
F-TXN-2893,6632.39,33.91,1077.79,19724.18,27,2,0,NONE
F-TXN-2894,7365.42,14.26,1043.68,7744.84,156,3,0,NONE
F-TXN-2895,103926.72,10.29,342.53,260646.6,150,2,1,QUANTITY_ANOMALY
F-TXN-2896,4735.06,9.24,598.89,8904.65,154,3,0,NONE
F-TXN-2897,11215.71,4.4,284.93,15367.54,81,4,0,NONE
F-TXN-2898,7368.54,11.8,791.5,17337.08,130,4,0,NONE
F-TXN-2899,846.81,18.76,922.37,4139.6,158,4,0,NONE
F-TXN-2900,7486.39,14.43,534.56,25125.31,35,3,0,NONE
F-TXN-2901,8892.51,30.77,1017.43,9091.61,86,3,0,NONE
F-TXN-2902,2471.96,5.51,212.7,5762.36,96,2,0,NONE
F-TXN-2903,8257.55,21.94,1124.85,29892.12,51,2,0,NONE
F-TXN-2904,2948.46,9.4,400.68,11515.72,82,3,0,NONE
F-TXN-2905,10376.02,2.65,133.08,40401.33,8,2,0,NONE
F-TXN-2906,5879.09,14.13,592.18,24834.22,31,2,0,NONE
F-TXN-2907,3680.86,3.15,242.33,11524.87,139,4,0,NONE
F-TXN-2908,10780.97,21.08,967.04,44854.93,34,2,0,NONE
F-TXN-2909,7520.09,8.77,387.66,28444.67,157,4,0,NONE
F-TXN-2910,5521.2,32.95,857.68,20879.0,61,2,0,NONE
F-TXN-2911,2520.22,9.79,287.36,3233.73,25,3,0,NONE
F-TXN-2912,11851.67,1.86,111.73,42907.12,15,2,0,NONE
F-TXN-2913,7344.39,40.33,1092.06,146621.23,7,2,1,PRICE_MANIPULATION
F-TXN-2914,3402.53,30.83,811.31,4298.62,76,4,0,NONE
F-TXN-2915,2813.25,10.01,610.75,4677.77,150,2,0,NONE
F-TXN-2916,8187.48,11.75,864.66,138717.76,142,2,1,PRICE_MANIPULATION
F-TXN-2917,12922.45,9.54,580.16,19057.52,177,2,0,NONE
F-TXN-2918,5641.23,12.97,467.95,9288.19,33,3,0,NONE
F-TXN-2919,2061.67,2.52,180.38,7216.61,147,4,0,NONE
F-TXN-2920,7690.31,9.67,474.04,27078.09,495,3,1,EXPIRED_CERTIFICATE
F-TXN-2921,4681.97,29.96,1029.33,5066.86,126,4,0,NONE
F-TXN-2922,683.71,14.05,815.51,1501.85,138,4,0,NONE
F-TXN-2923,2218.84,8.07,485.88,9769.35,48,2,0,NONE
F-TXN-2924,3377.91,3.35,256.31,7726.43,64,3,0,NONE
F-TXN-2925,4524.27,15.86,861.92,8190.56,169,3,0,NONE
F-TXN-2926,10163.73,15.49,1141.16,27458.9,42,3,0,NONE
F-TXN-2927,7562.96,3.69,292.37,6807.48,635,2,1,EXPIRED_CERTIFICATE
F-TXN-2928,14570.69,7.89,471.51,19847.08,164,4,0,NONE
F-TXN-2929,10020.86,12.63,633.54,1298.42,80,4,1,PRICE_MANIPULATION
F-TXN-2930,8367.42,0.48,40.85,37191.67,35,3,0,NONE
F-TXN-2931,12820.34,20.22,542.22,18628.66,173,3,0,NONE
F-TXN-2932,2908.75,12.47,528.2,6414.28,33,4,0,NONE
F-TXN-2933,10086.19,15.51,828.74,26060.19,45,4,0,NONE
F-TXN-2934,7690.51,20.57,1165.63,16143.9,411,3,1,EXPIRED_CERTIFICATE
F-TXN-2935,2270.06,6.88,452.36,235.78,165,3,1,PRICE_MANIPULATION
F-TXN-2936,1364.28,8.23,308.19,2565.71,26,4,0,NONE
F-TXN-2937,2128.06,4.77,220.34,1994.44,670,3,1,EXPIRED_CERTIFICATE
F-TXN-2938,6698.63,1.15,44.07,5877.4,86,3,0,NONE
F-TXN-2939,5193.55,2.86,135.32,17175.92,57,3,0,NONE
F-TXN-2940,12252.18,24.48,807.52,23401.67,116,2,0,NONE
F-TXN-2941,12716.08,14.14,948.84,35749.51,78,3,0,NONE
F-TXN-2942,151086.1,10.37,757.0,521960.06,153,2,1,QUANTITY_ANOMALY
F-TXN-2943,8694.88,13.44,646.66,18075.22,24,4,0,NONE
F-TXN-2944,7895.42,6.35,373.89,15292.87,111,3,0,NONE
F-TXN-2945,7957.86,16.08,812.44,32526.94,165,4,0,NONE
F-TXN-2946,3315.75,10.45,609.06,12363.16,124,3,0,NONE
F-TXN-2947,8148.6,12.18,745.02,19661.17,149,4,0,NONE
F-TXN-2948,8083.75,13.56,449.84,10894.02,180,3,0,NONE
F-TXN-2949,6406.91,14.49,1035.02,20230.91,110,3,0,NONE
F-TXN-2950,9840.21,6.11,322.61,22601.85,34,2,0,NONE
F-TXN-2951,4072.03,21.03,996.13,11609.26,116,3,0,NONE
F-TXN-2952,1000.66,6.47,208.04,1938.23,76,4,0,NONE
F-TXN-2953,9851.97,0.98,69.83,36408.3,19,2,0,NONE
F-TXN-2954,4765.58,1.51,95.03,19892.79,176,4,0,NONE
F-TXN-2955,6239.59,14.81,1010.98,10378.11,151,4,0,NONE
F-TXN-2956,2276.06,15.25,803.78,8186.61,139,3,0,NONE
F-TXN-2957,1831.53,10.81,727.79,3485.72,154,4,0,NONE
F-TXN-2958,11349.87,6.19,298.41,15047.2,49,2,0,NONE
F-TXN-2959,6839.0,5.96,320.08,17947.95,100,4,0,NONE
F-TXN-2960,4977.19,8.16,520.06,22149.52,42,3,0,NONE
F-TXN-2961,5855.1,5.87,383.64,24149.94,13,4,0,NONE
F-TXN-2962,14115.99,13.37,835.01,23816.74,146,3,0,NONE
F-TXN-2963,14417.16,6.87,448.17,17807.48,65,3,0,NONE
F-TXN-2964,13730.35,6.61,483.71,23949.76,28,2,0,NONE
F-TXN-2965,13157.85,3.83,209.07,25753.14,169,3,0,NONE
F-TXN-2966,4459.16,1.88,114.51,11712.79,110,3,0,NONE
F-TXN-2967,13191.83,14.75,987.88,44750.95,134,2,0,NONE
F-TXN-2968,9154.82,16.06,979.85,22823.41,12,2,0,NONE
F-TXN-2969,3107.72,9.39,543.22,2693.1,56,4,0,NONE
F-TXN-2970,8822.47,4.13,150.78,30369.93,171,2,0,NONE
F-TXN-2971,10481.32,23.52,955.32,27023.96,39,3,0,NONE
F-TXN-2972,9090.02,10.6,406.54,10130.18,99,2,0,NONE
F-TXN-2973,6035.93,18.56,1004.92,5309.51,10,4,0,NONE
F-TXN-2974,9576.36,14.77,1090.08,14710.27,48,2,0,NONE
F-TXN-2975,6731.71,11.07,326.99,14543.49,150,2,0,NONE
F-TXN-2976,104456.35,17.1,1115.38,274427.52,62,4,1,QUANTITY_ANOMALY
F-TXN-2977,12271.7,5.09,334.12,27311.48,115,2,0,NONE
F-TXN-2978,14974.31,6.45,353.9,34993.82,109,2,0,NONE
F-TXN-2979,3903.06,14.27,552.15,11535.04,423,3,1,EXPIRED_CERTIFICATE
F-TXN-2980,13185.76,3.29,1169.79,20887.2,103,4,1,LOGISTICS_ANOMALY
F-TXN-2981,1246.11,23.14,1118.66,31083.28,160,4,1,PRICE_MANIPULATION
F-TXN-2982,149662.69,10.26,485.74,655756.7,148,2,1,QUANTITY_ANOMALY
F-TXN-2983,7722.8,16.59,1117.79,10130.51,86,4,0,NONE
F-TXN-2984,2579.37,6.26,157.87,3159.26,76,4,0,NONE
F-TXN-2985,6823.62,28.72,1085.3,26042.12,72,4,0,NONE
F-TXN-2986,13500.52,4.92,392.34,48659.16,43,4,0,NONE
F-TXN-2987,10002.15,34.62,961.9,13437.3,63,2,0,NONE
F-TXN-2988,2932.7,18.47,571.22,11843.48,606,2,1,EXPIRED_CERTIFICATE
F-TXN-2989,10752.4,11.39,592.54,42391.74,42,2,0,NONE
F-TXN-2990,3358.53,5.3,355.26,12210.91,74,4,0,NONE
F-TXN-2991,9091.69,9.9,708.59,24705.8,151,2,0,NONE
F-TXN-2992,1677.3,15.49,926.54,6645.2,11,3,0,NONE
F-TXN-2993,10379.26,8.98,485.12,44917.44,87,2,0,NONE
F-TXN-2994,80733.27,16.82,798.26,349593.59,157,4,1,QUANTITY_ANOMALY
F-TXN-2995,9966.5,27.65,1142.06,35127.38,150,2,0,NONE
F-TXN-2996,1149.38,19.66,779.5,1364.14,23,4,0,NONE
F-TXN-2997,6060.27,14.49,490.65,26334.73,107,2,0,NONE
F-TXN-2998,2815.04,3.03,939.8,10286.81,172,2,1,LOGISTICS_ANOMALY
F-TXN-2999,12130.03,6.61,385.92,15660.62,175,2,0,NONE
F-TXN-3000,7838.08,8.37,597.76,20290.75,149,4,0,NONE
F-TXN-3001,11563.5,17.71,976.97,27463.34,114,2,0,NONE
F-TXN-3002,14636.74,13.79,818.2,50381.66,702,4,1,EXPIRED_CERTIFICATE
F-TXN-3003,1694.01,19.74,572.5,6600.45,81,2,0,NONE
F-TXN-3004,10358.19,9.59,374.48,24774.49,150,2,0,NONE
F-TXN-3005,13852.8,11.93,625.83,31847.6,123,4,0,NONE
F-TXN-3006,12263.4,8.26,439.44,44889.98,9,2,0,NONE
F-TXN-3007,7188.59,13.99,947.69,7092.44,111,4,0,NONE
F-TXN-3008,8921.03,9.4,556.9,28037.06,72,3,0,NONE
F-TXN-3009,13156.96,6.88,240.89,46814.91,159,3,0,NONE
F-TXN-3010,1917.38,25.52,650.56,2560.25,48,4,0,NONE
F-TXN-3011,10482.08,14.28,1045.16,31922.43,129,3,0,NONE
F-TXN-3012,14604.74,7.64,445.66,48946.72,106,3,0,NONE
F-TXN-3013,690.87,0.88,152.06,3094.62,11,2,1,LOGISTICS_ANOMALY
F-TXN-3014,12680.97,19.95,1032.66,14288.52,123,2,0,NONE
F-TXN-3015,713.85,6.97,216.0,2741.63,129,3,0,NONE
F-TXN-3016,80966.19,5.18,257.58,314350.22,18,3,1,QUANTITY_ANOMALY
F-TXN-3017,10804.37,17.35,1175.79,38155.82,157,4,0,NONE
F-TXN-3018,4802.98,11.82,595.25,14031.1,161,4,0,NONE
F-TXN-3019,13090.92,10.11,293.65,11345.51,152,3,0,NONE
F-TXN-3020,4399.68,11.2,784.99,5394.5,164,4,0,NONE
F-TXN-3021,10587.49,0.68,44.55,16071.39,93,3,0,NONE
F-TXN-3022,3773.43,26.05,1092.7,11181.93,173,3,0,NONE
F-TXN-3023,4788.85,11.39,859.43,18628.0,177,4,0,NONE
F-TXN-3024,12051.72,14.82,963.71,37265.5,77,4,0,NONE
F-TXN-3025,10263.22,5.16,172.33,30992.08,30,3,0,NONE
F-TXN-3026,7670.71,5.55,296.97,34564.68,96,3,0,NONE
F-TXN-3027,2806.8,13.71,996.98,2459.29,21,3,0,NONE
F-TXN-3028,9445.37,4.58,162.41,16577.27,92,3,0,NONE
F-TXN-3029,11727.32,9.12,677.29,46185.33,136,4,0,NONE
F-TXN-3030,10651.97,23.97,1113.43,26755.36,33,2,0,NONE
F-TXN-3031,9360.99,34.06,1032.9,27037.91,134,2,0,NONE
F-TXN-3032,2263.95,6.26,262.36,7717.26,118,4,0,NONE
F-TXN-3033,13151.14,4.47,202.07,50355.11,36,2,0,NONE
F-TXN-3034,6610.85,25.21,927.46,24694.62,92,3,0,NONE
F-TXN-3035,1753.96,6.94,459.47,3762.29,175,2,0,NONE
F-TXN-3036,11448.38,13.66,517.63,42919.8,110,3,0,NONE
F-TXN-3037,14287.53,10.55,629.06,61259.59,118,2,0,NONE
F-TXN-3038,10925.02,22.21,630.47,22355.79,107,2,0,NONE
F-TXN-3039,6164.57,1.21,63.77,8591.59,152,2,0,NONE
F-TXN-3040,14686.5,13.81,962.9,64759.15,112,3,0,NONE
F-TXN-3041,10643.56,17.16,1050.78,20977.6,93,2,0,NONE
F-TXN-3042,13457.56,23.28,740.27,31105.64,169,2,0,NONE
F-TXN-3043,9532.64,15.88,749.46,19842.35,171,3,0,NONE
F-TXN-3044,13187.57,2.75,119.45,29777.7,37,4,0,NONE
F-TXN-3045,4639.1,2.75,129.53,12497.29,167,2,0,NONE
F-TXN-3046,4023.1,15.14,933.51,17889.05,410,4,1,EXPIRED_CERTIFICATE
F-TXN-3047,4160.11,19.81,618.85,15295.9,36,3,0,NONE
F-TXN-3048,11206.06,7.62,554.71,42205.72,153,4,0,NONE
F-TXN-3049,14058.71,11.95,805.31,23380.2,81,3,0,NONE
F-TXN-3050,12360.75,21.64,695.86,26777.85,68,2,0,NONE
F-TXN-3051,8925.61,22.7,990.95,10235.17,113,3,0,NONE
F-TXN-3052,6598.99,4.89,173.47,521.17,178,4,1,PRICE_MANIPULATION
F-TXN-3053,8988.06,10.12,771.02,30097.46,130,4,0,NONE
F-TXN-3054,12422.32,5.86,190.33,42587.49,38,4,0,NONE
F-TXN-3055,8084.95,17.46,839.48,7539.84,45,4,0,NONE
F-TXN-3056,14296.58,15.94,729.89,17742.23,151,3,0,NONE
F-TXN-3057,2237.67,0.72,379.81,4244.32,12,2,1,LOGISTICS_ANOMALY
F-TXN-3058,13341.22,3.93,274.39,34785.09,558,4,1,EXPIRED_CERTIFICATE
F-TXN-3059,6529.77,13.36,696.21,293615.06,101,3,1,PRICE_MANIPULATION
F-TXN-3060,7868.0,12.03,563.9,19136.89,88,2,0,NONE
F-TXN-3061,10118.74,13.5,503.36,23068.89,143,2,0,NONE
F-TXN-3062,13345.79,15.77,888.38,53765.8,11,4,0,NONE
F-TXN-3063,11779.61,6.59,384.44,37268.5,26,2,0,NONE
F-TXN-3064,8470.68,12.36,913.99,22664.09,126,4,0,NONE
F-TXN-3065,2150.11,33.31,1124.69,1764.51,57,2,0,NONE
F-TXN-3066,12645.69,24.21,703.87,35150.72,87,3,0,NONE
F-TXN-3067,7647.63,26.78,1121.94,11322.46,11,4,0,NONE
F-TXN-3068,4181.46,4.98,155.28,5937.23,41,2,0,NONE
F-TXN-3069,1841.12,8.69,382.02,2611.38,162,3,0,NONE
F-TXN-3070,10902.03,12.06,371.67,14556.32,87,3,0,NONE
F-TXN-3071,12578.41,4.85,162.74,44972.43,155,2,0,NONE
F-TXN-3072,11326.82,15.27,474.36,11613.82,123,4,0,NONE
F-TXN-3073,7556.56,13.34,500.84,30750.14,73,4,0,NONE
F-TXN-3074,10357.44,6.1,310.65,38151.81,82,4,0,NONE
F-TXN-3075,1667.28,21.64,770.24,7646.17,100,4,0,NONE
F-TXN-3076,11878.31,14.15,654.29,49358.14,120,2,0,NONE
F-TXN-3077,112695.06,12.73,752.46,160284.38,20,3,1,QUANTITY_ANOMALY
F-TXN-3078,10295.95,17.92,1199.11,16543.99,135,3,0,NONE
F-TXN-3079,4796.51,15.67,486.46,302.7,147,3,1,PRICE_MANIPULATION
F-TXN-3080,14209.05,11.26,769.5,48407.33,74,2,0,NONE
F-TXN-3081,5216.69,3.63,268.54,10483.66,39,4,0,NONE
F-TXN-3082,9349.47,0.76,25.05,13473.8,147,4,0,NONE
F-TXN-3083,11462.85,10.36,655.0,37027.38,24,4,0,NONE
F-TXN-3084,101294.33,6.97,436.53,391074.4,96,3,1,QUANTITY_ANOMALY
F-TXN-3085,10614.34,0.36,29.95,45158.0,118,2,0,NONE
F-TXN-3086,846.17,5.38,351.74,1647.38,28,4,0,NONE
F-TXN-3087,12224.31,3.52,280.95,53637.42,14,3,0,NONE
F-TXN-3088,10741.96,29.57,735.11,47477.77,168,3,0,NONE
F-TXN-3089,8733.08,11.53,602.93,28433.34,688,4,1,EXPIRED_CERTIFICATE
F-TXN-3090,1436.95,5.8,171.33,2637.03,150,2,0,NONE
F-TXN-3091,11105.09,4.83,343.71,9937.56,178,4,0,NONE
F-TXN-3092,10428.38,42.36,1062.06,24691.59,177,4,0,NONE
F-TXN-3093,6799.65,30.6,1194.23,22463.13,565,3,1,EXPIRED_CERTIFICATE
F-TXN-3094,1022.62,32.11,871.04,4588.64,141,3,0,NONE
F-TXN-3095,6257.12,5.91,414.95,23398.48,62,4,0,NONE
F-TXN-3096,1548.0,9.39,314.98,3221.63,165,4,0,NONE
F-TXN-3097,92816.49,1.13,48.35,395936.38,69,2,1,QUANTITY_ANOMALY
F-TXN-3098,5381.28,1.7,84.23,20509.6,23,4,0,NONE
F-TXN-3099,11532.15,13.7,757.91,13041.91,20,2,0,NONE
F-TXN-3100,13423.14,12.79,838.17,13822.13,118,2,0,NONE
F-TXN-3101,9528.4,1.99,97.63,27592.7,80,3,0,NONE
F-TXN-3102,9477.48,7.51,505.11,35273.44,164,2,0,NONE
F-TXN-3103,7231.02,9.02,525.16,8539.45,171,4,0,NONE
F-TXN-3104,7188.42,11.46,407.27,8322.77,157,4,0,NONE
F-TXN-3105,13634.19,3.33,168.66,28693.32,128,10,1,LOGISTICS_ANOMALY
F-TXN-3106,12112.96,2.95,91.38,29108.48,171,3,0,NONE
F-TXN-3107,13290.51,28.42,935.08,25925.03,92,3,0,NONE
F-TXN-3108,672.38,12.23,712.0,624.4,134,4,0,NONE
F-TXN-3109,6590.42,6.83,250.58,27631.81,22,3,0,NONE
F-TXN-3110,7443.7,16.83,836.37,25030.6,153,4,0,NONE
F-TXN-3111,9462.2,15.94,514.06,23269.51,15,3,0,NONE
F-TXN-3112,485.32,7.71,283.17,1771.17,66,3,0,NONE
F-TXN-3113,14402.35,6.84,411.19,22298.56,52,2,0,NONE
F-TXN-3114,1517.78,2.17,55.42,2845.8,54,4,0,NONE
F-TXN-3115,11681.65,2.63,71.81,17930.05,49,2,0,NONE
F-TXN-3116,10957.08,7.94,420.98,15902.42,10,2,0,NONE
F-TXN-3117,13687.36,0.89,44.77,30185.02,33,3,0,NONE
F-TXN-3118,4893.86,4.58,303.38,15986.56,139,4,0,NONE
F-TXN-3119,13130.19,3.15,97.15,55752.31,53,2,0,NONE
F-TXN-3120,10510.46,8.0,395.18,33149.63,16,4,0,NONE
F-TXN-3121,12821.54,11.11,367.14,22294.51,166,3,0,NONE
F-TXN-3122,12820.49,16.83,1162.69,20263.19,25,3,0,NONE
F-TXN-3123,9422.41,4.88,217.57,38155.55,135,3,0,NONE
F-TXN-3124,7304.42,9.69,399.75,24200.88,131,3,0,NONE
F-TXN-3125,6262.52,20.34,1107.0,5809.63,61,2,0,NONE
F-TXN-3126,3923.87,5.79,277.94,8774.69,45,3,0,NONE
F-TXN-3127,1788.53,22.88,906.91,4804.96,63,4,0,NONE
F-TXN-3128,6733.78,12.41,571.71,25140.79,575,3,1,EXPIRED_CERTIFICATE
F-TXN-3129,145602.13,18.45,781.52,160892.45,133,4,1,QUANTITY_ANOMALY
F-TXN-3130,13856.94,4.52,136.12,13115.11,480,3,1,EXPIRED_CERTIFICATE
F-TXN-3131,4121.56,14.77,899.35,16066.4,53,4,0,NONE
F-TXN-3132,2524.32,17.37,1028.9,7248.37,71,2,0,NONE
F-TXN-3133,4566.54,5.88,429.03,19777.81,153,4,0,NONE
F-TXN-3134,13059.03,4.69,288.54,20616.24,64,15,1,LOGISTICS_ANOMALY
F-TXN-3135,7063.7,23.68,954.46,10762.37,111,2,0,NONE
F-TXN-3136,12856.57,2.35,55.52,51826.3,83,4,0,NONE
F-TXN-3137,5407.27,9.28,514.59,12358.97,546,3,1,EXPIRED_CERTIFICATE
F-TXN-3138,8702.37,1.77,58.01,38633.45,89,4,0,NONE
F-TXN-3139,9253.93,10.4,737.25,40864.58,57,3,0,NONE
F-TXN-3140,100540.47,2.75,148.19,248521.02,82,2,1,QUANTITY_ANOMALY
F-TXN-3141,3096.63,17.51,995.24,2872.4,55,2,0,NONE
F-TXN-3142,6108.09,7.06,262.95,16747.6,121,2,0,NONE
F-TXN-3143,715.25,5.89,405.59,1618.11,33,2,0,NONE
F-TXN-3144,7460.75,1.36,101.14,29988.77,38,2,0,NONE
F-TXN-3145,12403.95,24.59,804.46,36058.97,84,4,0,NONE
F-TXN-3146,10828.78,16.09,561.57,48674.62,119,2,0,NONE
F-TXN-3147,9239.6,7.55,311.27,27099.74,130,3,0,NONE
F-TXN-3148,1101.5,1.88,127.5,4469.02,93,4,0,NONE
F-TXN-3149,11948.78,7.16,481.49,47248.43,111,2,0,NONE
F-TXN-3150,9433.3,11.6,529.85,30615.22,150,2,0,NONE
F-TXN-3151,14184.44,3.54,302.84,25972.1,165,4,0,NONE
F-TXN-3152,13840.74,13.69,843.69,22112.94,131,3,0,NONE
F-TXN-3153,8457.36,41.95,1194.47,10318.01,88,3,0,NONE
F-TXN-3154,4172.95,13.14,617.16,4477.63,177,4,0,NONE
F-TXN-3155,5416.2,14.02,491.22,5165.97,69,2,0,NONE
F-TXN-3156,2456.24,16.75,810.95,6205.69,26,4,0,NONE
F-TXN-3157,10842.89,11.07,536.51,19774.47,46,2,0,NONE
F-TXN-3158,9265.48,6.96,229.14,33055.68,48,2,0,NONE
F-TXN-3159,557.27,7.63,342.44,1104.89,13,4,0,NONE
F-TXN-3160,6894.73,0.56,76.35,18859.77,174,4,0,NONE
F-TXN-3161,1987.29,17.38,834.61,5946.58,17,3,0,NONE
F-TXN-3162,14044.41,12.71,462.08,15804.82,112,2,0,NONE
F-TXN-3163,5308.31,4.12,246.74,8686.52,29,4,0,NONE
F-TXN-3164,2947.0,16.64,510.5,5925.98,148,4,0,NONE
F-TXN-3165,3599.99,9.41,659.21,4363.63,59,2,0,NONE
F-TXN-3166,3008.36,12.01,494.52,6877.26,122,2,0,NONE
F-TXN-3167,9892.84,16.07,455.4,15969.94,635,4,1,EXPIRED_CERTIFICATE
F-TXN-3168,1951.21,8.35,652.69,7832.19,48,3,0,NONE
F-TXN-3169,9195.02,19.85,1178.07,30376.0,39,3,0,NONE
F-TXN-3170,11605.93,10.99,831.4,37871.85,22,3,0,NONE
F-TXN-3171,82458.22,21.32,775.9,245507.93,8,2,1,QUANTITY_ANOMALY
F-TXN-3172,2259.04,6.57,298.95,4038.51,25,2,0,NONE
F-TXN-3173,7620.69,6.05,258.37,24302.5,65,4,0,NONE
F-TXN-3174,14166.93,22.02,892.32,25942.4,169,2,0,NONE
F-TXN-3175,14616.03,19.85,784.69,13233.04,89,3,0,NONE
F-TXN-3176,8228.44,18.39,1089.83,14450.62,180,4,0,NONE
F-TXN-3177,9409.8,11.41,470.15,22578.95,6,2,0,NONE
F-TXN-3178,1619.57,4.84,247.11,2072.96,57,2,0,NONE
F-TXN-3179,3885.88,0.31,112.23,7650.11,55,2,1,LOGISTICS_ANOMALY
F-TXN-3180,8874.66,33.57,1161.92,35440.46,128,2,0,NONE
F-TXN-3181,5660.07,10.01,465.71,13538.95,161,4,0,NONE
F-TXN-3182,2794.59,23.77,1145.43,9878.52,114,2,0,NONE
F-TXN-3183,13860.43,21.97,722.32,48202.94,70,3,0,NONE
F-TXN-3184,7094.58,9.12,462.67,7361.59,39,4,0,NONE
F-TXN-3185,2741.89,9.7,243.76,7289.7,100,3,0,NONE
F-TXN-3186,6523.74,7.43,485.69,14524.66,83,4,0,NONE
F-TXN-3187,1495.06,13.61,1064.3,2051.78,149,2,0,NONE
F-TXN-3188,6874.24,4.56,321.2,23725.99,135,4,0,NONE
F-TXN-3189,10536.81,14.7,841.82,44414.18,68,2,0,NONE
F-TXN-3190,13846.42,7.79,446.47,12570.28,175,4,0,NONE
F-TXN-3191,9288.52,34.66,1134.23,15945.9,153,4,0,NONE
F-TXN-3192,637.29,16.06,929.75,2764.69,106,4,0,NONE
F-TXN-3193,13511.13,18.98,631.87,32211.62,114,3,0,NONE
F-TXN-3194,7855.4,9.0,649.18,23040.8,110,4,0,NONE
F-TXN-3195,2019.8,10.51,695.68,7855.54,73,4,0,NONE
F-TXN-3196,11412.19,33.25,844.83,16259.04,130,2,0,NONE
F-TXN-3197,164515.87,13.54,792.34,235288.08,100,2,1,QUANTITY_ANOMALY
F-TXN-3198,3201.73,24.31,1139.21,11871.34,52,2,0,NONE
F-TXN-3199,12283.45,3.42,246.42,49215.16,117,9,1,LOGISTICS_ANOMALY
F-TXN-3200,2867.63,8.12,365.89,5510.74,92,2,0,NONE
F-TXN-3201,7429.54,27.33,813.91,7542.91,6,4,0,NONE
F-TXN-3202,14781.48,2.95,134.27,12119.64,159,4,0,NONE
F-TXN-3203,11519.02,23.02,1119.91,23633.19,114,3,0,NONE
F-TXN-3204,13398.25,18.33,1199.35,57474.48,175,3,0,NONE
F-TXN-3205,1366.73,10.31,440.11,1528.56,121,4,0,NONE
F-TXN-3206,12673.34,42.56,1111.54,15689.13,140,3,0,NONE
F-TXN-3207,11413.45,5.99,313.27,38054.2,126,4,0,NONE
F-TXN-3208,3319.94,15.96,1183.69,12193.36,9,4,0,NONE
F-TXN-3209,1201.64,23.11,972.92,2780.09,160,3,0,NONE
F-TXN-3210,9412.41,2.31,116.02,39819.46,126,4,0,NONE
F-TXN-3211,13662.65,22.46,886.45,20761.67,41,4,0,NONE
F-TXN-3212,11863.54,32.67,865.67,31379.74,27,3,0,NONE
F-TXN-3213,14969.31,24.36,1184.92,61511.84,34,3,0,NONE
F-TXN-3214,3943.58,4.29,269.74,12860.68,27,2,0,NONE
F-TXN-3215,10822.89,3.0,209.08,45056.48,76,2,0,NONE
F-TXN-3216,10195.17,19.4,1142.77,33172.42,141,4,0,NONE
F-TXN-3217,1838.95,12.33,836.31,7611.53,158,2,0,NONE
F-TXN-3218,5974.12,14.13,866.58,13199.58,169,4,0,NONE
F-TXN-3219,6731.63,7.83,295.37,13049.69,33,2,0,NONE
F-TXN-3220,9068.91,3.14,242.02,26566.6,37,3,0,NONE
F-TXN-3221,8880.91,1.14,21.98,24535.08,104,3,0,NONE
F-TXN-3222,5829.41,12.85,821.58,15760.17,159,4,0,NONE
F-TXN-3223,6248.96,13.95,655.19,8409.44,80,2,0,NONE
F-TXN-3224,7051.72,22.84,729.73,23181.24,13,4,0,NONE
F-TXN-3225,7788.12,21.55,832.55,30627.62,151,3,0,NONE
F-TXN-3226,3687.31,4.94,363.96,3579.64,90,2,0,NONE
F-TXN-3227,3534.21,13.55,884.54,12175.96,18,2,0,NONE
F-TXN-3228,11077.39,5.42,372.94,46379.48,45,2,0,NONE
F-TXN-3229,5405.69,11.39,819.92,19416.74,105,2,0,NONE
F-TXN-3230,4630.75,24.47,841.72,18391.41,105,2,0,NONE
F-TXN-3231,11460.73,11.06,704.85,44964.48,82,3,0,NONE
F-TXN-3232,8840.2,11.12,541.42,36630.1,58,2,0,NONE
F-TXN-3233,3325.86,18.61,788.46,13385.55,31,4,0,NONE
F-TXN-3234,12901.43,6.01,464.34,42892.46,48,2,0,NONE
F-TXN-3235,196382.62,0.95,81.92,629563.28,156,3,1,QUANTITY_ANOMALY
F-TXN-3236,6379.12,1.63,60.11,16437.31,157,2,0,NONE
F-TXN-3237,5877.1,13.0,836.32,19021.02,123,4,0,NONE
F-TXN-3238,9719.47,21.27,545.24,12231.7,36,3,0,NONE
F-TXN-3239,13788.33,5.2,285.42,60877.59,127,3,0,NONE
F-TXN-3240,1920.8,16.79,719.6,8255.48,116,3,0,NONE
F-TXN-3241,1852.58,1.16,94.93,7325.5,52,3,0,NONE
F-TXN-3242,811.17,13.37,676.15,2872.09,130,2,0,NONE
F-TXN-3243,8862.66,13.62,862.22,11222.24,58,4,0,NONE
F-TXN-3244,3018.71,21.43,726.94,8977.97,85,2,0,NONE
F-TXN-3245,9957.18,3.13,123.63,35715.94,26,13,1,LOGISTICS_ANOMALY
F-TXN-3246,2969.72,19.85,1172.98,5064.87,16,4,0,NONE
F-TXN-3247,4780.32,20.42,650.24,12447.46,85,4,0,NONE
F-TXN-3248,14903.8,14.5,735.28,49807.06,174,2,0,NONE
F-TXN-3249,3235.99,6.04,373.66,13866.02,159,4,0,NONE
F-TXN-3250,5677.15,3.16,171.62,6260.46,70,3,0,NONE
F-TXN-3251,13580.66,16.67,492.07,23478.76,113,4,0,NONE
F-TXN-3252,3459.73,20.44,762.89,10883.85,170,2,0,NONE
F-TXN-3253,8671.7,15.61,784.37,12201.18,44,3,0,NONE
F-TXN-3254,6746.94,1.16,50.57,7399.61,36,4,0,NONE
F-TXN-3255,184263.53,17.68,775.41,374923.18,74,2,1,QUANTITY_ANOMALY
F-TXN-3256,676.25,6.17,465.04,1515.43,31,2,0,NONE
F-TXN-3257,11035.87,5.54,381.73,28810.15,140,3,0,NONE
F-TXN-3258,12959.72,12.26,670.82,53540.68,48,3,0,NONE
F-TXN-3259,6087.25,6.26,427.3,26932.4,141,4,0,NONE
F-TXN-3260,12812.12,18.47,582.7,10601.94,136,4,0,NONE
F-TXN-3261,2273.73,7.7,466.98,2267.02,168,3,0,NONE
F-TXN-3262,4127.94,11.97,738.27,6093.71,95,3,0,NONE
F-TXN-3263,4564.6,7.46,524.76,18231.56,63,3,0,NONE
F-TXN-3264,1773.52,5.92,380.68,6915.63,167,2,0,NONE
F-TXN-3265,14184.29,7.66,214.83,50441.97,146,8,1,LOGISTICS_ANOMALY
F-TXN-3266,6598.09,9.77,620.25,16977.32,136,4,0,NONE
F-TXN-3267,13297.15,18.27,843.5,41221.11,6,4,0,NONE
F-TXN-3268,8203.07,5.87,427.17,26778.38,140,4,0,NONE
F-TXN-3269,9208.49,19.92,1158.28,37896.41,139,2,0,NONE
F-TXN-3270,5772.55,4.28,177.32,5668.78,131,3,0,NONE
F-TXN-3271,14565.95,6.72,418.79,56279.57,35,3,0,NONE
F-TXN-3272,4737.26,4.35,271.42,13776.23,60,3,0,NONE
F-TXN-3273,14348.26,8.9,628.32,61417.58,163,3,0,NONE
F-TXN-3274,9422.94,9.6,407.69,134.33,52,3,1,PRICE_MANIPULATION
F-TXN-3275,8230.49,23.37,1080.24,34195.07,6,2,0,NONE
F-TXN-3276,4186.05,13.31,575.42,8847.06,51,4,0,NONE
F-TXN-3277,2049.66,8.34,537.52,2761.69,95,4,0,NONE
F-TXN-3278,5660.43,29.87,1047.21,8695.15,15,2,0,NONE
F-TXN-3279,11305.89,32.52,1083.18,17308.69,127,4,0,NONE
F-TXN-3280,2191.77,11.78,597.1,7481.94,37,3,0,NONE
F-TXN-3281,11746.31,8.51,491.85,41966.68,104,2,0,NONE
F-TXN-3282,12048.88,3.86,168.83,696.95,180,2,1,PRICE_MANIPULATION
F-TXN-3283,11121.1,13.33,532.51,29127.46,114,2,0,NONE
F-TXN-3284,11138.91,5.83,240.5,13535.58,72,4,0,NONE
F-TXN-3285,12391.27,3.79,254.13,47135.34,133,4,0,NONE
F-TXN-3286,14855.8,12.59,717.61,24507.56,38,3,0,NONE
F-TXN-3287,13932.46,1.99,523.04,15856.99,18,3,1,LOGISTICS_ANOMALY
F-TXN-3288,3837.11,8.29,416.69,10390.28,169,2,0,NONE
F-TXN-3289,4486.75,8.29,351.06,10435.41,86,2,0,NONE
F-TXN-3290,438.26,19.5,799.31,832.52,76,4,0,NONE
F-TXN-3291,4083.97,14.16,599.72,5161.19,176,10,1,LOGISTICS_ANOMALY
F-TXN-3292,11296.24,7.05,446.43,30857.13,100,2,0,NONE
F-TXN-3293,3535.67,6.91,473.18,4565.68,159,2,0,NONE
F-TXN-3294,3205.26,1.51,546.01,14122.26,163,3,1,LOGISTICS_ANOMALY
F-TXN-3295,8263.4,5.75,201.33,19318.23,69,4,0,NONE
F-TXN-3296,13483.39,9.28,549.21,56267.12,22,3,0,NONE
F-TXN-3297,14033.45,23.31,614.57,42058.39,38,3,0,NONE
F-TXN-3298,11999.01,13.82,838.69,302846.48,180,4,1,PRICE_MANIPULATION
F-TXN-3299,7920.06,15.49,683.75,24059.84,57,2,0,NONE
F-TXN-3300,9057.83,0.39,30.46,24673.99,133,12,1,LOGISTICS_ANOMALY
F-TXN-3301,3647.75,16.75,855.74,5262.94,16,4,0,NONE
F-TXN-3302,1133.09,2.39,194.8,4572.09,74,2,0,NONE
F-TXN-3303,4073.78,18.74,991.62,3331.64,93,4,0,NONE
F-TXN-3304,5902.57,1.71,118.23,16425.1,39,3,0,NONE
F-TXN-3305,4771.39,20.98,1182.61,4059.54,96,2,0,NONE
F-TXN-3306,4602.98,12.47,322.06,14909.28,154,2,0,NONE
F-TXN-3307,10488.88,29.89,1135.87,32498.27,159,4,0,NONE
F-TXN-3308,6898.55,11.34,402.63,21731.41,106,2,0,NONE
F-TXN-3309,11105.4,16.06,532.01,28524.44,131,2,0,NONE
F-TXN-3310,12359.75,4.72,227.81,52973.12,51,4,0,NONE
F-TXN-3311,5035.37,16.18,1064.6,16746.17,53,2,0,NONE
F-TXN-3312,6745.2,9.33,556.93,15263.6,139,2,0,NONE
F-TXN-3313,12177.27,16.79,731.89,10832.07,8,4,0,NONE
F-TXN-3314,2386.75,23.48,928.74,10284.44,158,2,0,NONE
F-TXN-3315,681.92,18.47,954.16,2478.07,26,2,0,NONE
F-TXN-3316,11501.24,15.93,1073.02,22360.29,127,2,0,NONE
F-TXN-3317,8339.42,7.09,335.6,7419.62,16,2,0,NONE
F-TXN-3318,1958.18,23.11,1066.02,1589.37,62,2,0,NONE
F-TXN-3319,6076.08,11.44,436.91,25650.91,180,3,0,NONE
F-TXN-3320,10828.76,22.42,1083.91,48527.83,62,2,0,NONE
F-TXN-3321,4624.75,2.46,110.02,9822.69,26,2,0,NONE
F-TXN-3322,3097.54,11.18,645.97,10414.92,43,4,0,NONE
F-TXN-3323,9623.53,5.1,358.67,17125.07,132,4,0,NONE
F-TXN-3324,4365.69,16.82,1090.24,16205.94,43,4,0,NONE
F-TXN-3325,2652.39,8.59,547.1,11806.02,22,2,0,NONE
F-TXN-3326,14442.39,11.49,348.6,64720.36,51,3,0,NONE
F-TXN-3327,7748.02,8.93,587.92,23088.39,167,3,0,NONE
F-TXN-3328,14200.58,24.45,1107.49,40244.85,142,4,0,NONE
F-TXN-3329,8247.67,10.57,291.54,28431.92,139,4,0,NONE
F-TXN-3330,12179.28,9.35,278.81,26026.3,57,2,0,NONE
F-TXN-3331,7409.49,5.2,177.64,30758.83,97,2,0,NONE
F-TXN-3332,2486.14,13.86,1026.91,10985.32,67,2,0,NONE
F-TXN-3333,1328.08,2.24,182.61,4457.17,101,4,0,NONE
F-TXN-3334,83623.19,14.72,847.65,89585.86,157,2,1,QUANTITY_ANOMALY
F-TXN-3335,1675.03,1.26,110.94,6207.2,43,2,0,NONE
F-TXN-3336,2507.22,9.06,642.39,6431.8,91,3,0,NONE
F-TXN-3337,10510.8,10.63,358.39,42982.04,13,4,0,NONE
F-TXN-3338,7793.83,0.32,32.82,25806.58,121,4,0,NONE
F-TXN-3339,4276.6,17.09,695.04,6952.24,45,3,0,NONE
F-TXN-3340,8170.26,37.13,1173.95,12583.83,163,2,0,NONE
F-TXN-3341,3202.74,16.79,900.27,12351.42,124,3,0,NONE
F-TXN-3342,9768.36,29.89,996.16,37156.92,170,3,0,NONE
F-TXN-3343,2111.92,2.29,111.81,8005.69,12,2,0,NONE
F-TXN-3344,8295.18,0.92,97.08,29981.63,84,2,0,NONE
F-TXN-3345,9804.48,1.67,58.19,43040.28,149,2,0,NONE
F-TXN-3346,11957.16,1.61,73.9,51333.23,7,3,0,NONE
F-TXN-3347,14440.01,14.5,610.25,32367.19,96,2,0,NONE
F-TXN-3348,1958.63,7.94,500.6,2314.21,43,2,0,NONE
F-TXN-3349,6181.35,10.5,711.9,11356.08,43,4,0,NONE
F-TXN-3350,13298.55,2.19,130.08,54351.84,179,4,0,NONE
F-TXN-3351,10928.78,23.5,1192.23,48844.38,160,4,0,NONE
F-TXN-3352,11718.33,17.5,548.03,21943.97,164,3,0,NONE
F-TXN-3353,199316.69,21.84,1196.47,866042.26,150,4,1,QUANTITY_ANOMALY
F-TXN-3354,2520.48,20.1,1047.14,338.02,27,3,1,PRICE_MANIPULATION
F-TXN-3355,4530.06,15.29,448.73,6703.44,122,3,0,NONE
F-TXN-3356,14628.55,19.86,920.51,62031.73,36,4,0,NONE
F-TXN-3357,5735.11,7.42,358.22,17832.2,179,2,0,NONE
F-TXN-3358,7908.65,18.64,757.07,8758.44,110,4,0,NONE
F-TXN-3359,13122.05,43.73,1189.67,58366.24,19,4,0,NONE
F-TXN-3360,10677.99,20.62,681.74,12832.74,101,2,0,NONE
F-TXN-3361,12784.94,4.52,283.2,42172.32,94,3,0,NONE
F-TXN-3362,8302.16,32.38,985.58,12230.26,32,3,0,NONE
F-TXN-3363,3372.96,9.65,407.89,15362.83,129,2,0,NONE
F-TXN-3364,7399.51,13.01,348.48,10314.8,125,2,0,NONE
F-TXN-3365,5091.11,1.21,56.96,11291.24,97,3,0,NONE
F-TXN-3366,3587.99,10.33,269.56,12815.28,113,3,0,NONE
F-TXN-3367,3014.59,5.24,187.25,3454.6,120,3,0,NONE
F-TXN-3368,10206.71,4.98,326.15,11630.55,114,3,0,NONE
F-TXN-3369,4872.95,3.47,254.35,12430.07,142,4,0,NONE
F-TXN-3370,14558.35,7.35,535.41,42356.44,7,4,0,NONE
F-TXN-3371,9081.84,2.4,111.81,28180.53,87,4,0,NONE
F-TXN-3372,14102.92,13.93,896.55,27776.79,43,3,0,NONE
F-TXN-3373,7689.97,5.91,393.36,25485.18,72,4,0,NONE
F-TXN-3374,14877.35,16.76,1133.12,46697.36,168,4,0,NONE
F-TXN-3375,11257.98,0.76,241.44,41643.65,158,3,1,LOGISTICS_ANOMALY
F-TXN-3376,10317.85,26.86,1147.02,22197.09,82,3,0,NONE
F-TXN-3377,13082.61,15.03,845.19,32665.84,110,3,0,NONE
F-TXN-3378,8360.23,9.96,637.34,10196.52,50,3,0,NONE
F-TXN-3379,3081.88,14.11,721.97,6779.5,173,4,0,NONE
F-TXN-3380,9725.5,12.29,848.47,40287.66,30,2,0,NONE
F-TXN-3381,2020.86,13.64,786.56,4392.64,132,4,0,NONE
F-TXN-3382,13964.24,2.89,137.65,41093.61,13,4,0,NONE
F-TXN-3383,6611.47,5.91,283.0,14697.18,55,3,0,NONE
F-TXN-3384,5588.2,19.62,956.63,23325.67,170,4,0,NONE
F-TXN-3385,6228.37,17.76,1128.75,16660.75,73,4,0,NONE
F-TXN-3386,12625.53,20.98,958.26,21440.82,111,2,0,NONE
F-TXN-3387,11986.39,2.95,1012.11,42194.45,86,3,1,LOGISTICS_ANOMALY
F-TXN-3388,8536.59,8.87,481.81,19271.42,18,4,0,NONE
F-TXN-3389,14108.86,8.12,480.69,32288.06,86,4,0,NONE
F-TXN-3390,3771.92,27.34,857.83,4716.64,152,3,0,NONE
F-TXN-3391,9547.8,6.16,327.07,41410.25,57,2,0,NONE
F-TXN-3392,148614.8,28.53,928.64,458951.99,144,2,1,QUANTITY_ANOMALY
F-TXN-3393,14742.36,2.45,768.67,21944.49,172,2,1,LOGISTICS_ANOMALY
F-TXN-3394,11768.1,14.74,947.54,38209.07,75,2,0,NONE
F-TXN-3395,9615.82,15.03,773.3,11279.31,122,4,0,NONE
F-TXN-3396,2535.78,9.65,329.15,2816.86,97,2,0,NONE
F-TXN-3397,7633.21,1.99,45.91,32897.69,24,2,0,NONE
F-TXN-3398,5821.84,5.39,390.03,22636.53,51,3,0,NONE
F-TXN-3399,9986.88,1.31,764.83,12474.17,92,3,1,LOGISTICS_ANOMALY
F-TXN-3400,2808.81,12.22,895.2,4134.22,12,4,0,NONE
F-TXN-3401,3587.96,1.26,450.57,3243.41,40,2,1,LOGISTICS_ANOMALY
F-TXN-3402,4492.87,7.76,255.1,15195.03,171,3,0,NONE
F-TXN-3403,12174.37,7.31,534.55,51470.19,69,2,0,NONE
F-TXN-3404,12807.41,11.3,866.53,15079.29,155,3,0,NONE
F-TXN-3405,3512.48,19.24,872.03,8491.73,157,4,0,NONE
F-TXN-3406,5138.08,2.79,146.92,7643.17,95,3,0,NONE
F-TXN-3407,12422.69,7.92,550.3,53910.44,69,4,0,NONE
F-TXN-3408,9187.62,14.71,1055.16,25760.56,106,2,0,NONE
F-TXN-3409,6747.09,6.51,239.38,10736.95,454,3,1,EXPIRED_CERTIFICATE
F-TXN-3410,2194.86,15.91,395.94,4523.95,124,4,0,NONE
F-TXN-3411,13557.01,14.95,682.74,40838.27,139,2,0,NONE
F-TXN-3412,10957.61,17.28,1136.6,35894.21,595,4,1,EXPIRED_CERTIFICATE
F-TXN-3413,6806.57,27.52,979.81,6788.96,131,3,0,NONE
F-TXN-3414,6578.45,5.17,166.43,13280.76,675,2,1,EXPIRED_CERTIFICATE
F-TXN-3415,9756.01,13.9,1030.2,447147.8,77,2,1,PRICE_MANIPULATION
F-TXN-3416,760.6,8.62,574.47,1826.56,82,3,0,NONE
F-TXN-3417,5524.99,1.85,114.13,14378.02,17,3,0,NONE
F-TXN-3418,14779.21,10.86,602.14,61478.43,100,4,0,NONE
F-TXN-3419,1264.82,0.2,32.27,2291.94,116,2,1,LOGISTICS_ANOMALY
F-TXN-3420,5898.63,14.49,1085.4,24969.46,18,3,0,NONE
F-TXN-3421,1110.02,1.89,76.64,2046.42,161,3,0,NONE
F-TXN-3422,2984.45,3.2,182.56,3651.55,42,4,0,NONE
F-TXN-3423,14551.1,10.68,507.69,18118.75,140,2,0,NONE
F-TXN-3424,10020.47,28.2,1172.09,35149.58,62,2,0,NONE
F-TXN-3425,4790.33,2.04,117.7,19227.0,173,4,0,NONE
F-TXN-3426,3482.02,1.63,112.06,3774.86,8,4,0,NONE
F-TXN-3427,12292.82,8.35,241.74,19541.05,156,4,0,NONE
F-TXN-3428,5004.75,18.83,1134.37,16218.02,134,2,0,NONE
F-TXN-3429,3681.66,6.54,449.1,14790.76,136,2,0,NONE
F-TXN-3430,3250.76,10.35,347.85,6097.25,152,4,0,NONE
F-TXN-3431,83419.93,24.64,899.13,342592.74,52,3,1,QUANTITY_ANOMALY
F-TXN-3432,7010.54,4.71,333.38,7749.19,115,2,0,NONE
F-TXN-3433,7742.13,22.27,619.35,13937.37,30,2,0,NONE
F-TXN-3434,11065.32,13.28,518.65,25319.94,157,3,0,NONE
F-TXN-3435,7577.54,8.81,531.61,24511.72,33,2,0,NONE
F-TXN-3436,8831.0,5.71,301.75,161010.15,163,4,1,PRICE_MANIPULATION
F-TXN-3437,12361.71,16.95,836.19,17875.36,57,3,0,NONE
F-TXN-3438,10714.41,14.61,359.81,15826.3,164,3,0,NONE
F-TXN-3439,12918.57,24.87,831.76,42685.97,47,2,0,NONE
F-TXN-3440,7099.64,19.79,1155.45,17045.07,10,2,0,NONE
F-TXN-3441,13224.4,3.29,221.46,11204.44,95,3,0,NONE
F-TXN-3442,7550.68,10.51,312.06,29203.3,150,4,0,NONE
F-TXN-3443,12592.62,19.38,639.82,16815.38,29,2,0,NONE
F-TXN-3444,11212.44,9.03,554.09,49911.45,70,4,0,NONE
F-TXN-3445,5749.92,0.35,36.0,19869.27,137,4,0,NONE
F-TXN-3446,13478.25,23.5,722.98,45420.76,168,2,0,NONE
F-TXN-3447,6459.22,4.33,279.9,13786.16,12,2,0,NONE
F-TXN-3448,10556.49,14.97,528.25,11964.37,101,4,0,NONE
F-TXN-3449,13139.48,11.45,820.99,32492.01,515,2,1,EXPIRED_CERTIFICATE
F-TXN-3450,5456.44,7.56,410.81,23861.61,75,3,0,NONE
F-TXN-3451,8819.35,12.84,848.17,11244.46,121,4,0,NONE
F-TXN-3452,12000.29,4.81,360.32,31782.23,180,2,0,NONE
F-TXN-3453,2712.31,20.75,1160.67,8643.41,82,3,0,NONE
F-TXN-3454,12110.71,1.78,38.4,22285.26,156,2,0,NONE
F-TXN-3455,678.71,6.37,435.66,568.23,525,3,1,EXPIRED_CERTIFICATE
F-TXN-3456,7745.28,21.77,1151.06,33497.81,74,2,0,NONE
F-TXN-3457,3325.25,24.14,710.57,5410.38,126,3,0,NONE
F-TXN-3458,10387.98,10.78,475.76,42619.06,71,3,0,NONE
F-TXN-3459,3114.98,7.85,534.26,11299.6,40,4,0,NONE
F-TXN-3460,4133.15,14.67,511.25,7888.89,81,4,0,NONE
F-TXN-3461,7196.63,3.5,236.38,27881.87,29,2,0,NONE
F-TXN-3462,10530.62,9.94,614.5,22443.6,95,3,0,NONE
F-TXN-3463,14470.25,8.14,564.32,13046.55,112,2,0,NONE
F-TXN-3464,9436.74,9.99,376.82,25473.83,37,4,0,NONE
F-TXN-3465,8632.96,5.56,366.14,19505.16,108,4,0,NONE
F-TXN-3466,151374.76,3.4,119.9,673250.9,32,3,1,QUANTITY_ANOMALY
F-TXN-3467,8752.53,11.98,834.9,10902.76,154,4,0,NONE
F-TXN-3468,10889.54,16.94,847.86,31363.82,131,2,0,NONE
F-TXN-3469,10278.12,25.78,1025.66,20170.54,6,3,0,NONE
F-TXN-3470,3376.73,3.02,99.23,13724.44,138,2,0,NONE
F-TXN-3471,1877.4,1.04,49.09,4557.34,36,3,0,NONE
F-TXN-3472,14762.2,14.14,987.92,41599.57,161,4,0,NONE
F-TXN-3473,9932.39,5.53,165.37,8730.85,41,4,0,NONE
F-TXN-3474,3039.01,17.39,895.16,7534.44,79,3,0,NONE
F-TXN-3475,14350.19,10.41,601.7,32293.47,32,3,0,NONE
F-TXN-3476,6665.2,0.96,53.01,19053.35,7,4,0,NONE
F-TXN-3477,9742.56,19.25,1074.0,9381.47,95,2,0,NONE
F-TXN-3478,10956.79,4.89,346.75,23444.64,133,2,0,NONE
F-TXN-3479,10726.63,16.99,480.94,34707.76,95,4,0,NONE
F-TXN-3480,5351.87,13.5,863.92,9972.51,173,3,0,NONE
F-TXN-3481,1523.06,19.96,1010.4,6418.27,160,4,0,NONE
F-TXN-3482,10729.34,10.7,618.24,18999.69,87,4,0,NONE
F-TXN-3483,5622.22,16.42,748.62,5310.33,45,2,0,NONE
F-TXN-3484,7799.28,20.04,821.6,517.18,65,2,1,PRICE_MANIPULATION
F-TXN-3485,6605.25,1.38,95.96,7930.9,23,3,0,NONE
F-TXN-3486,9217.16,14.42,1012.0,18599.48,120,3,0,NONE
F-TXN-3487,9834.71,19.7,676.63,25612.51,178,3,0,NONE
F-TXN-3488,11232.23,10.0,532.19,42010.75,27,4,0,NONE
F-TXN-3489,3472.21,14.04,975.81,64933.42,109,4,1,PRICE_MANIPULATION
F-TXN-3490,14403.44,17.49,879.37,21760.87,58,4,0,NONE
F-TXN-3491,7789.54,6.55,440.65,30772.07,22,3,0,NONE
F-TXN-3492,5930.66,3.81,103.62,21858.53,81,2,0,NONE
F-TXN-3493,1299.14,2.02,657.83,4813.58,79,3,1,LOGISTICS_ANOMALY
F-TXN-3494,2746.76,7.12,359.92,4718.89,137,4,0,NONE
F-TXN-3495,6208.95,1.58,86.84,7553.0,125,3,0,NONE
F-TXN-3496,1012.04,14.77,517.26,3994.44,20,2,0,NONE
F-TXN-3497,12295.18,6.33,408.94,51493.58,20,2,0,NONE
F-TXN-3498,12224.94,12.85,685.35,47301.92,14,3,0,NONE
F-TXN-3499,14327.51,12.4,725.81,15555.86,146,3,0,NONE
