batch_id,crop_type,temperature,humidity,storage_duration,transportation_duration,moisture,quality_score
Q-BATCH-1000,Mango,10.92,82.72,1.33,2.29,89.09,87.17
Q-BATCH-1001,Banana,11.21,74.92,1.41,1.11,84.33,92.06
Q-BATCH-1002,Banana,29.09,40.38,3.87,4.33,83.85,10.0
Q-BATCH-1003,Tomato,7.17,62.04,3.8,5.46,74.29,76.17
Q-BATCH-1004,Mango,34.17,61.95,10.49,3.99,87.39,10.0
Q-BATCH-1005,Potato,5.42,53.22,8.51,5.08,67.15,62.42
Q-BATCH-1006,Mango,29.86,49.43,5.94,3.45,83.09,10.0
Q-BATCH-1007,Mango,26.6,49.48,8.92,1.61,91.72,10.0
Q-BATCH-1008,Onion,27.82,43.24,3.85,2.61,86.74,44.19
Q-BATCH-1009,Mango,31.17,58.25,3.74,6.63,75.68,10.0
Q-BATCH-1010,Banana,27.09,71.26,2.86,1.41,76.57,25.97
Q-BATCH-1011,Potato,19.8,45.27,3.85,6.98,,10.0
Q-BATCH-1012,Tomato,5.97,62.13,11.3,3.24,79.29,66.25
Q-BATCH-1013,Mango,31.43,83.55,9.84,1.24,74.18,10.0
Q-BATCH-1014,Tomato,31.15,55.28,6.9,6.7,69.82,10.0
Q-BATCH-1015,Potato,10.17,61.69,11.94,3.8,90.74,54.65
Q-BATCH-1016,Mango,7.47,61.05,8.79,3.68,86.78,64.01
Q-BATCH-1017,Tomato,6.66,68.19,12.41,6.66,85.54,56.24
Q-BATCH-1018,Tomato,9.12,70.61,9.58,6.65,91.04,61.55
Q-BATCH-1019,Tomato,24.82,61.66,10.27,3.09,77.19,10.0
Q-BATCH-1020,Mango,11.13,52.77,5.4,4.32,82.04,74.94
Q-BATCH-1021,Mango,11.38,78.8,12.18,0.96,68.57,73.56
Q-BATCH-1022,Onion,18.66,63.61,8.49,2.08,82.79,63.63
Q-BATCH-1023,Banana,24.87,97.08,7.07,5.24,75.87,10.0
Q-BATCH-1024,Mango,17.91,64.47,4.23,1.74,71.74,68.23
Q-BATCH-1025,Banana,7.04,77.82,11.5,6.06,65.4,57.83
Q-BATCH-1026,Tomato,10.63,63.26,3.16,3.66,75.23,81.14
Q-BATCH-1027,Potato,12.84,80.4,13.04,5.6,86.15,24.22
Q-BATCH-1028,Banana,34.03,73.59,3.01,2.43,85.2,10.0
Q-BATCH-1029,Onion,20.46,43.3,7.2,6.48,87.99,36.85
Q-BATCH-1030,Mango,7.72,91.64,9.78,2.03,81.05,73.47
Q-BATCH-1031,Banana,13.81,55.12,9.55,4.17,73.48,64.73
Q-BATCH-1032,Tomato,13.8,83.61,9.73,2.45,77.37,64.56
Q-BATCH-1033,Mango,12.22,94.13,1.95,1.89,88.74,85.02
Q-BATCH-1034,Tomato,13.38,97.06,6.7,4.03,79.28,72.05
Q-BATCH-1035,Onion,33.11,47.79,4.89,4.81,67.89,10.0
Q-BATCH-1036,Potato,14.63,79.87,4.66,1.87,78.65,61.09
Q-BATCH-1037,Mango,12.58,40.21,2.2,3.25,82.2,75.51
Q-BATCH-1038,Banana,4.3,44.36,8.17,3.28,89.41,62.06
Q-BATCH-1039,Potato,7.95,57.88,8.57,1.46,86.5,77.15
Q-BATCH-1040,Potato,7.19,85.25,3.73,2.12,75.97,87.77
Q-BATCH-1041,Tomato,9.04,86.39,13.03,2.04,76.13,65.07
Q-BATCH-1042,Potato,24.77,82.63,11.17,3.18,69.3,10.0
Q-BATCH-1043,Banana,10.9,87.36,12.34,6.08,73.24,64.4
Q-BATCH-1044,Tomato,16.35,56.16,3.9,4.79,85.88,43.92
Q-BATCH-1045,Onion,20.62,94.48,6.2,6.88,91.2,32.6
Q-BATCH-1046,Potato,14.72,85.61,1.5,4.38,91.57,61.76
Q-BATCH-1047,Onion,17.52,70.16,3.47,0.79,83.55,90.63
Q-BATCH-1048,Tomato,24.59,59.15,5.73,0.95,87.9,10.0
Q-BATCH-1049,Potato,14.11,80.44,7.59,4.83,70.18,33.64
Q-BATCH-1050,Banana,23.08,57.46,9.81,6.37,65.01,10.0
Q-BATCH-1051,Banana,13.99,65.62,11.21,4.44,78.8,62.01
Q-BATCH-1052,Tomato,24.58,75.92,9.57,2.34,90.7,10.0
Q-BATCH-1053,Potato,4.76,54.2,3.92,1.79,87.94,81.2
Q-BATCH-1054,Banana,26.27,62.27,12.52,4.24,68.98,10.0
Q-BATCH-1055,Mango,28.93,80.36,11.12,1.92,80.05,10.0
Q-BATCH-1056,Mango,24.69,97.3,6.93,5.71,90.65,10.0
Q-BATCH-1057,Onion,17.23,92.6,11.6,6.3,69.3,41.77
Q-BATCH-1058,Banana,23.77,84.42,4.37,2.11,81.92,20.28
Q-BATCH-1059,Mango,14.41,91.8,10.28,2.02,69.07,67.64
Q-BATCH-1060,Tomato,16.64,71.47,10.18,0.92,70.58,34.11
Q-BATCH-1061,Onion,31.3,73.39,13.3,0.63,90.45,10.0
Q-BATCH-1062,Banana,16.99,83.36,12.09,6.7,81.29,16.52
Q-BATCH-1063,Tomato,16.05,78.79,4.55,3.66,84.55,56.66
Q-BATCH-1064,Tomato,32.11,74.33,13.75,3.97,67.27,10.0
Q-BATCH-1065,Banana,14.15,66.37,3.36,2.19,88.75,84.92
Q-BATCH-1066,Banana,4.6,71.29,4.28,1.03,74.45,85.65
Q-BATCH-1067,Mango,10.18,41.18,10.81,6.67,68.41,56.26
Q-BATCH-1068,Onion,11.94,61.4,13.32,3.52,91.02,67.77
Q-BATCH-1069,Tomato,4.8,58.09,13.54,1.2,90.87,57.89
Q-BATCH-1070,Tomato,23.44,45.91,1.99,4.99,87.96,10.0
Q-BATCH-1071,Mango,5.27,70.9,11.35,4.18,66.86,69.21
Q-BATCH-1072,Mango,7.27,95.73,12.04,5.85,87.38,63.16
Q-BATCH-1073,Banana,24.16,75.72,3.29,3.89,85.92,11.75
Q-BATCH-1074,Onion,29.75,45.03,4.49,6.04,71.58,10.0
Q-BATCH-1075,Onion,19.32,58.85,9.69,2.69,74.58,56.91
Q-BATCH-1076,Potato,12.56,40.59,12.44,5.06,67.31,23.07
Q-BATCH-1077,Banana,18.76,81.29,8.22,2.06,65.47,34.71
Q-BATCH-1078,Banana,22.03,67.45,9.99,2.49,76.49,10.0
Q-BATCH-1079,Potato,13.51,53.37,5.57,3.45,73.52,50.53
Q-BATCH-1080,Tomato,12.57,74.2,3.49,5.3,81.11,78.71
Q-BATCH-1081,Tomato,13.37,81.07,4.85,2.85,66.23,72.79
Q-BATCH-1082,Potato,30.92,68.47,10.07,1.32,80.5,10.0
Q-BATCH-1083,Banana,11.83,89.98,5.43,6.78,66.76,72.03
Q-BATCH-1084,Onion,8.63,72.64,9.18,0.85,91.84,69.83
Q-BATCH-1085,Banana,11.0,70.31,8.88,5.64,76.95,66.24
Q-BATCH-1086,Banana,22.9,82.93,4.97,4.54,70.61,10.0
Q-BATCH-1087,Mango,6.33,40.16,3.04,1.63,81.03,83.43
Q-BATCH-1088,Tomato,30.65,44.13,4.75,2.34,72.14,10.0
Q-BATCH-1089,Onion,17.18,71.58,9.6,6.57,89.53,57.41
Q-BATCH-1090,Mango,22.45,87.81,1.78,5.65,76.86,33.05
Q-BATCH-1091,Potato,19.51,68.64,10.1,6.63,66.08,10.0
Q-BATCH-1092,Potato,11.1,79.11,8.85,0.67,80.85,61.88
Q-BATCH-1093,Potato,9.43,70.1,8.49,5.46,72.51,66.48
Q-BATCH-1094,Banana,6.83,60.18,9.25,3.7,83.09,67.15
Q-BATCH-1095,Potato,24.54,63.23,6.35,3.72,65.99,10.0
Q-BATCH-1096,Potato,16.53,69.85,5.2,6.81,82.76,18.16
Q-BATCH-1097,Banana,23.3,68.91,1.7,3.87,66.39,31.96
Q-BATCH-1098,Tomato,25.65,47.04,13.06,3.35,81.44,10.0
Q-BATCH-1099,Tomato,16.65,53.03,5.04,0.59,68.06,66.61
Q-BATCH-1100,Tomato,19.78,55.86,7.48,5.16,91.47,10.0
Q-BATCH-1101,Onion,22.58,83.28,2.88,1.74,66.88,73.37
Q-BATCH-1102,Banana,12.28,40.15,5.42,5.62,87.61,64.94
Q-BATCH-1103,Banana,19.01,59.28,12.25,3.4,75.18,10.0
Q-BATCH-1104,Tomato,15.87,89.65,13.75,2.05,73.59,25.71
Q-BATCH-1105,Banana,29.44,96.89,6.02,4.81,66.0,10.0
Q-BATCH-1106,Onion,30.2,45.78,5.32,1.15,65.41,39.55
Q-BATCH-1107,Tomato,12.22,76.15,1.97,5.58,67.17,78.79
Q-BATCH-1108,Onion,26.28,84.05,5.94,2.56,65.97,33.33
Q-BATCH-1109,Potato,17.45,45.71,13.97,5.35,88.56,10.0
Q-BATCH-1110,Potato,28.68,57.02,12.74,0.8,68.93,10.0
Q-BATCH-1111,Onion,9.43,75.35,9.86,1.67,83.44,70.91
Q-BATCH-1112,Onion,11.87,54.81,2.86,3.5,,86.35
Q-BATCH-1113,Potato,17.69,60.04,9.81,1.53,82.25,15.9
Q-BATCH-1114,Potato,34.98,89.49,6.94,2.46,75.3,10.0
Q-BATCH-1115,Potato,34.32,78.18,13.9,2.42,80.28,10.0
Q-BATCH-1116,Mango,29.82,92.37,12.84,5.34,71.21,10.0
Q-BATCH-1117,Tomato,25.01,81.81,9.28,4.54,87.64,10.0
Q-BATCH-1118,Mango,21.97,82.48,5.02,3.37,72.97,32.87
Q-BATCH-1119,Tomato,31.17,61.22,3.61,5.61,72.36,10.0
Q-BATCH-1120,Banana,30.98,86.65,13.58,2.42,67.03,10.0
Q-BATCH-1121,Tomato,34.38,96.1,12.18,5.21,74.88,10.0
Q-BATCH-1122,Mango,15.43,83.44,4.44,1.3,75.29,83.39
Q-BATCH-1123,Potato,4.78,91.29,2.41,2.02,89.71,82.23
Q-BATCH-1124,Mango,25.73,77.66,9.26,3.52,66.22,10.0
Q-BATCH-1125,Banana,20.66,62.54,2.51,2.03,90.63,65.81
Q-BATCH-1126,Onion,8.79,64.06,6.45,5.32,78.21,70.45
Q-BATCH-1127,Potato,17.74,95.13,1.43,2.91,67.68,64.71
Q-BATCH-1128,Onion,5.88,56.0,12.72,4.69,90.62,65.83
Q-BATCH-1129,Mango,22.51,41.24,9.62,4.67,71.58,10.0
Q-BATCH-1130,Onion,21.18,74.01,3.67,5.89,71.29,53.48
Q-BATCH-1131,Onion,8.49,47.54,1.04,6.08,69.71,82.52
Q-BATCH-1132,Mango,28.44,74.15,2.71,2.83,,10.36
Q-BATCH-1133,Tomato,27.12,67.62,10.64,3.92,78.86,10.0
Q-BATCH-1134,Onion,26.54,92.71,3.88,4.5,73.14,32.89
Q-BATCH-1135,Mango,16.45,79.79,1.79,3.61,89.56,76.38
Q-BATCH-1136,Mango,7.91,76.21,5.19,1.46,84.23,79.99
Q-BATCH-1137,Onion,22.77,45.75,7.9,3.45,88.03,39.49
Q-BATCH-1138,Onion,18.0,53.25,10.37,1.9,77.24,63.06
Q-BATCH-1139,Mango,11.9,95.31,5.06,2.53,77.81,75.09
Q-BATCH-1140,Mango,26.9,87.08,2.21,1.13,80.83,54.21
Q-BATCH-1141,Potato,31.08,94.59,9.71,3.17,89.73,10.0
Q-BATCH-1142,Potato,21.92,52.34,8.81,2.79,71.05,10.0
Q-BATCH-1143,Onion,21.8,86.82,5.78,5.46,91.31,44.41
Q-BATCH-1144,Onion,22.88,78.15,9.77,4.12,65.78,23.11
Q-BATCH-1145,Potato,9.62,48.31,12.98,2.78,66.88,57.65
Q-BATCH-1146,Mango,15.66,66.31,2.19,3.95,73.41,70.6
Q-BATCH-1147,Onion,8.82,83.76,8.75,6.24,,53.82
Q-BATCH-1148,Banana,17.7,55.84,9.61,3.66,68.07,27.69
Q-BATCH-1149,Potato,20.33,57.89,9.82,4.36,91.58,10.0
Q-BATCH-1150,Tomato,8.25,54.82,4.92,1.87,65.21,81.77
Q-BATCH-1151,Tomato,11.13,72.41,2.68,3.96,74.56,81.69
Q-BATCH-1152,Mango,6.41,58.16,6.67,3.49,75.92,72.66
Q-BATCH-1153,Potato,14.07,86.48,2.5,0.64,87.46,85.31
Q-BATCH-1154,Mango,17.51,63.23,6.68,1.19,88.5,61.64
Q-BATCH-1155,Tomato,19.82,46.61,5.33,1.59,89.46,30.65
Q-BATCH-1156,Tomato,10.12,74.94,4.07,1.45,82.7,86.39
Q-BATCH-1157,Banana,21.96,79.51,7.03,4.16,82.36,10.0
Q-BATCH-1158,Potato,8.68,43.96,12.24,4.58,73.18,50.62
Q-BATCH-1159,Mango,18.31,42.18,5.58,0.98,72.75,61.83
Q-BATCH-1160,Mango,18.34,72.15,9.0,3.8,89.19,26.51
Q-BATCH-1161,Onion,18.74,48.75,9.47,2.59,67.79,62.76
Q-BATCH-1162,Potato,24.03,42.27,13.77,1.05,91.76,10.0
Q-BATCH-1163,Onion,12.77,63.71,3.06,2.92,81.14,84.95
Q-BATCH-1164,Potato,25.03,56.48,1.86,1.11,82.73,60.85
Q-BATCH-1165,Tomato,8.38,60.29,5.33,4.29,83.86,73.27
Q-BATCH-1166,Onion,21.33,77.32,10.21,1.05,68.45,49.92
Q-BATCH-1167,Onion,19.76,41.06,2.21,4.86,90.68,72.77
Q-BATCH-1168,Banana,8.8,57.16,3.5,7.0,78.71,70.12
Q-BATCH-1169,Onion,27.76,47.6,1.49,2.69,69.38,65.11
Q-BATCH-1170,Onion,17.57,63.83,11.52,1.58,71.41,59.63
Q-BATCH-1171,Potato,11.25,53.87,10.78,5.59,86.18,41.79
Q-BATCH-1172,Tomato,34.52,66.78,5.78,6.66,75.31,10.0
Q-BATCH-1173,Tomato,8.29,54.5,11.62,5.71,88.6,54.25
Q-BATCH-1174,Mango,7.87,44.86,10.25,3.85,77.13,62.4
Q-BATCH-1175,Banana,29.32,91.31,2.19,6.42,76.2,10.0
Q-BATCH-1176,Potato,15.62,41.63,4.07,6.96,87.66,28.18
Q-BATCH-1177,Tomato,29.72,80.37,2.79,2.36,84.05,10.0
Q-BATCH-1178,Mango,10.69,48.67,12.78,0.62,81.44,62.8
Q-BATCH-1179,Potato,11.39,77.06,4.09,1.29,66.7,88.39
Q-BATCH-1180,Banana,19.98,54.03,8.76,0.61,76.59,27.2
Q-BATCH-1181,Tomato,24.71,70.36,8.42,1.72,90.74,10.0
Q-BATCH-1182,Onion,18.57,76.87,8.2,3.04,71.85,52.89
Q-BATCH-1183,Mango,23.48,84.75,5.48,5.26,73.98,10.0
Q-BATCH-1184,Onion,29.74,79.71,5.4,4.68,77.92,10.0
Q-BATCH-1185,Tomato,18.19,57.02,1.82,5.55,,42.77
Q-BATCH-1186,Mango,16.34,87.29,5.1,2.52,65.99,71.44
Q-BATCH-1187,Potato,30.84,59.25,5.64,5.58,74.94,10.0
Q-BATCH-1188,Banana,34.19,68.78,12.63,3.01,89.96,10.0
Q-BATCH-1189,Mango,22.68,87.7,10.45,1.01,73.67,10.0
Q-BATCH-1190,Potato,17.21,80.01,4.98,4.42,66.14,32.49
Q-BATCH-1191,Potato,23.82,85.91,8.99,3.33,83.12,10.0
Q-BATCH-1192,Onion,33.54,48.28,11.41,4.92,86.1,10.0
Q-BATCH-1193,Mango,15.23,95.07,4.07,4.69,,64.42
Q-BATCH-1194,Banana,27.66,73.29,13.33,2.92,75.75,10.0
Q-BATCH-1195,Tomato,9.77,70.03,13.49,0.67,68.18,67.96
Q-BATCH-1196,Banana,25.51,97.92,3.79,4.48,68.66,10.0
Q-BATCH-1197,Tomato,6.72,79.55,12.68,3.39,73.63,62.48
Q-BATCH-1198,Mango,13.3,49.14,8.15,2.39,83.91,67.72
Q-BATCH-1199,Potato,10.23,48.05,7.61,1.29,65.71,67.35
Q-BATCH-1200,Potato,8.02,91.29,7.08,6.89,75.75,73.29
Q-BATCH-1201,Banana,29.52,44.28,7.83,5.5,82.34,10.0
Q-BATCH-1202,Onion,28.19,77.11,5.48,6.21,91.09,10.0
Q-BATCH-1203,Mango,13.43,49.39,11.81,3.87,71.09,63.17
Q-BATCH-1204,Onion,11.77,76.83,12.63,6.0,68.38,49.91
Q-BATCH-1205,Onion,22.35,73.68,2.21,4.67,81.86,63.84
Q-BATCH-1206,Potato,29.58,41.65,11.95,4.16,,10.0
Q-BATCH-1207,Onion,21.74,75.85,4.44,1.87,,71.57
Q-BATCH-1208,Onion,18.97,86.67,4.77,6.72,73.03,52.05
Q-BATCH-1209,Mango,18.4,59.73,3.06,3.2,88.26,70.16
Q-BATCH-1210,Potato,15.49,72.58,13.68,1.35,77.59,10.0
Q-BATCH-1211,Tomato,33.31,90.12,2.83,0.83,90.99,10.0
Q-BATCH-1212,Potato,9.88,49.24,13.14,5.19,77.6,50.52
Q-BATCH-1213,Banana,19.67,96.07,1.3,6.64,74.53,40.4
Q-BATCH-1214,Banana,24.85,56.57,8.77,5.98,,10.0
Q-BATCH-1215,Tomato,27.68,61.22,12.47,5.23,80.4,10.0
Q-BATCH-1216,Onion,17.96,71.89,4.75,3.01,81.83,72.4
Q-BATCH-1217,Tomato,28.64,59.67,13.68,3.06,85.38,10.0
Q-BATCH-1218,Onion,5.21,81.39,6.22,0.76,79.02,75.83
Q-BATCH-1219,Onion,13.87,62.79,2.82,6.55,87.75,79.46
Q-BATCH-1220,Onion,25.97,57.39,11.77,3.96,74.95,10.0
Q-BATCH-1221,Banana,26.49,79.91,8.59,5.68,,10.0
Q-BATCH-1222,Onion,22.09,49.89,8.51,5.19,81.73,37.51
Q-BATCH-1223,Tomato,21.75,80.63,11.68,2.07,76.91,10.0
Q-BATCH-1224,Banana,28.02,93.39,9.98,3.17,84.87,10.0
Q-BATCH-1225,Tomato,34.94,67.75,7.74,4.15,90.83,10.0
Q-BATCH-1226,Onion,27.93,81.81,5.45,2.8,83.72,31.86
Q-BATCH-1227,Tomato,13.25,94.61,13.45,2.31,85.82,56.68
Q-BATCH-1228,Banana,32.94,86.13,5.12,2.77,68.29,10.0
Q-BATCH-1229,Banana,14.7,84.84,12.64,3.06,66.14,67.25
Q-BATCH-1230,Mango,11.95,67.79,5.5,3.38,79.54,79.03
Q-BATCH-1231,Potato,22.19,54.06,2.78,4.5,79.34,15.55
Q-BATCH-1232,Mango,18.64,79.51,2.3,2.65,91.04,73.53
Q-BATCH-1233,Tomato,31.23,67.69,6.29,6.58,91.03,10.0
Q-BATCH-1234,Mango,21.8,71.04,12.8,1.08,90.29,10.0
Q-BATCH-1235,Tomato,32.95,42.11,6.43,5.94,86.27,10.0
Q-BATCH-1236,Potato,21.61,46.22,12.4,0.56,72.68,10.0
Q-BATCH-1237,Onion,8.16,69.24,7.82,6.28,86.84,66.61
Q-BATCH-1238,Banana,4.44,59.55,9.43,5.17,83.21,57.05
Q-BATCH-1239,Onion,29.64,69.89,12.13,6.33,83.07,10.0
Q-BATCH-1240,Tomato,4.21,62.25,7.21,6.58,72.21,60.32
Q-BATCH-1241,Onion,24.26,80.18,10.4,0.57,68.19,29.46
Q-BATCH-1242,Banana,31.52,84.65,9.92,6.5,82.25,10.0
Q-BATCH-1243,Potato,8.14,48.88,8.99,1.92,81.35,72.13
Q-BATCH-1244,Onion,28.86,87.89,12.87,5.42,83.37,10.0
Q-BATCH-1245,Mango,15.22,93.2,7.83,3.93,87.38,64.29
Q-BATCH-1246,Tomato,14.17,70.18,8.45,1.47,70.55,61.68
Q-BATCH-1247,Mango,5.72,47.65,12.69,3.4,80.23,56.28
Q-BATCH-1248,Potato,29.31,83.26,10.4,3.07,66.22,10.0
Q-BATCH-1249,Mango,31.72,97.2,8.04,0.89,72.75,10.0
Q-BATCH-1250,Tomato,24.02,64.38,10.96,6.86,75.33,10.0
Q-BATCH-1251,Banana,24.52,71.28,5.88,4.94,74.39,10.0
Q-BATCH-1252,Onion,34.34,88.42,6.11,1.33,91.42,12.59
Q-BATCH-1253,Onion,11.12,66.72,6.51,2.97,70.09,82.99
Q-BATCH-1254,Mango,23.06,94.3,1.42,4.79,71.5,31.96
Q-BATCH-1255,Onion,25.8,42.82,1.44,4.39,75.86,54.1
Q-BATCH-1256,Tomato,8.34,97.62,10.81,5.54,89.74,68.84
Q-BATCH-1257,Onion,13.94,57.5,8.77,4.87,82.83,66.62
Q-BATCH-1258,Potato,22.34,82.64,4.58,4.12,83.33,10.0
Q-BATCH-1259,Mango,24.81,85.58,13.64,6.62,76.24,10.0
Q-BATCH-1260,Banana,11.47,53.07,3.39,4.0,68.9,74.75
Q-BATCH-1261,Mango,21.28,47.78,8.31,6.79,70.49,10.0
Q-BATCH-1262,Banana,26.46,51.05,12.01,1.1,83.19,10.0
Q-BATCH-1263,Mango,26.45,72.41,3.45,5.45,88.48,10.0
Q-BATCH-1264,Mango,26.99,83.32,3.75,1.74,89.69,25.73
Q-BATCH-1265,Tomato,13.97,56.42,6.16,2.06,82.52,62.51
Q-BATCH-1266,Potato,7.06,96.92,7.67,3.73,87.67,82.27
Q-BATCH-1267,Potato,30.79,82.99,5.07,0.8,,10.0
Q-BATCH-1268,Onion,8.72,59.13,8.53,3.21,87.5,73.51
Q-BATCH-1269,Potato,33.96,77.22,4.35,5.84,69.54,10.0
Q-BATCH-1270,Tomato,9.71,91.58,2.82,4.05,90.85,87.31
Q-BATCH-1271,Mango,27.69,63.92,13.29,4.84,71.25,10.0
Q-BATCH-1272,Mango,5.87,76.99,3.84,3.46,89.64,85.88
Q-BATCH-1273,Mango,4.37,70.71,1.09,4.09,91.39,81.55
Q-BATCH-1274,Banana,7.32,45.59,11.48,6.41,70.18,45.8
Q-BATCH-1275,Potato,15.56,63.55,4.48,3.08,91.74,49.95
Q-BATCH-1276,Mango,27.55,45.42,9.5,6.08,79.92,10.0
Q-BATCH-1277,Mango,30.21,77.4,10.14,1.04,91.39,10.0
Q-BATCH-1278,Onion,31.94,80.15,12.95,1.99,72.32,10.0
Q-BATCH-1279,Potato,5.02,93.87,12.69,4.16,90.96,65.12
Q-BATCH-1280,Banana,21.48,72.87,13.08,2.45,83.28,10.0
Q-BATCH-1281,Banana,34.64,82.0,10.82,1.41,91.31,10.0
Q-BATCH-1282,Banana,22.76,75.6,4.02,0.99,91.16,46.21
Q-BATCH-1283,Potato,11.07,72.08,11.19,3.43,70.01,48.73
Q-BATCH-1284,Banana,28.74,81.36,2.11,4.52,69.16,10.0
Q-BATCH-1285,Tomato,7.3,40.3,10.62,2.56,74.72,53.19
Q-BATCH-1286,Tomato,21.27,69.72,2.13,3.3,67.42,40.81
Q-BATCH-1287,Onion,15.94,56.93,8.77,2.61,67.29,77.24
Q-BATCH-1288,Tomato,15.8,48.05,8.44,1.6,78.31,42.04
Q-BATCH-1289,Banana,28.26,60.95,4.59,2.45,84.46,10.0
Q-BATCH-1290,Onion,13.44,95.03,3.54,1.2,81.75,85.4
Q-BATCH-1291,Potato,29.53,77.76,6.72,3.3,73.11,10.0
Q-BATCH-1292,Tomato,16.35,58.51,7.23,1.65,82.09,50.46
Q-BATCH-1293,Tomato,28.36,61.17,5.24,2.32,70.39,10.0
Q-BATCH-1294,Tomato,33.54,66.77,9.86,4.08,76.84,10.0
Q-BATCH-1295,Mango,16.68,68.96,11.65,5.67,71.53,25.59
Q-BATCH-1296,Banana,34.71,67.8,11.26,0.98,78.68,10.0
Q-BATCH-1297,Banana,15.15,91.94,8.07,5.64,82.23,59.32
Q-BATCH-1298,Tomato,24.06,42.57,9.55,2.81,83.29,10.0
Q-BATCH-1299,Potato,4.33,55.01,13.55,3.3,79.01,60.3
Q-BATCH-1300,Onion,18.35,79.41,3.87,2.93,69.07,75.92
Q-BATCH-1301,Banana,33.81,46.73,2.36,3.2,68.83,10.0
Q-BATCH-1302,Banana,14.8,45.66,11.2,3.89,77.22,48.39
Q-BATCH-1303,Mango,30.32,77.58,11.53,1.25,69.44,10.0
Q-BATCH-1304,Tomato,14.26,64.73,7.71,4.09,86.54,54.87
Q-BATCH-1305,Tomato,4.9,75.62,9.33,3.31,80.99,68.82
Q-BATCH-1306,Tomato,29.07,43.63,3.68,5.39,88.54,10.0
Q-BATCH-1307,Potato,24.79,68.39,3.56,1.24,73.46,29.38
Q-BATCH-1308,Banana,30.21,75.81,8.63,2.76,84.06,10.0
Q-BATCH-1309,Onion,13.71,53.84,8.67,4.87,75.08,66.25
Q-BATCH-1310,Banana,15.9,50.77,6.44,1.4,83.72,67.49
Q-BATCH-1311,Tomato,8.35,58.25,8.21,3.68,66.45,68.87
Q-BATCH-1312,Mango,15.9,72.57,7.3,1.77,76.05,66.6
Q-BATCH-1313,Banana,4.96,84.14,7.35,1.04,72.42,82.64
Q-BATCH-1314,Tomato,27.95,68.73,11.15,4.18,80.46,10.0
Q-BATCH-1315,Onion,29.5,42.41,11.7,2.88,79.75,10.0
Q-BATCH-1316,Mango,11.67,90.74,10.57,4.75,,67.49
Q-BATCH-1317,Mango,28.04,53.74,6.71,6.96,80.87,10.0
Q-BATCH-1318,Onion,8.32,51.98,9.23,1.58,66.6,74.09
Q-BATCH-1319,Potato,34.35,56.97,8.76,1.59,90.71,10.0
Q-BATCH-1320,Mango,16.76,43.44,2.76,5.38,82.71,61.44
Q-BATCH-1321,Tomato,29.68,84.17,4.25,5.12,78.22,10.0
Q-BATCH-1322,Potato,6.34,86.09,9.16,2.94,75.88,73.24
Q-BATCH-1323,Potato,22.04,90.4,6.91,3.67,67.51,10.0
Q-BATCH-1324,Potato,16.33,96.15,12.05,5.67,78.36,10.0
Q-BATCH-1325,Potato,21.55,68.15,5.39,4.26,83.43,10.0
Q-BATCH-1326,Mango,4.5,93.91,9.14,5.94,77.33,74.24
Q-BATCH-1327,Banana,8.09,77.7,3.63,4.98,90.18,78.91
Q-BATCH-1328,Potato,32.02,49.6,4.26,2.92,73.25,10.0
Q-BATCH-1329,Tomato,6.95,52.38,6.58,1.09,81.03,78.37
Q-BATCH-1330,Banana,29.33,97.31,1.12,5.02,68.57,10.0
Q-BATCH-1331,Banana,7.2,61.32,2.16,5.74,75.33,77.7
Q-BATCH-1332,Tomato,6.12,72.67,9.34,4.9,69.43,64.28
Q-BATCH-1333,Tomato,16.76,79.82,9.17,1.48,67.34,33.87
Q-BATCH-1334,Mango,33.86,58.24,8.66,3.0,72.48,10.0
Q-BATCH-1335,Onion,12.83,94.59,8.81,5.19,,61.58
Q-BATCH-1336,Potato,9.85,62.72,3.67,4.45,86.16,75.19
Q-BATCH-1337,Tomato,19.49,74.45,7.43,1.23,91.4,28.45
Q-BATCH-1338,Potato,21.62,61.19,2.72,6.1,85.59,10.0
Q-BATCH-1339,Mango,12.13,42.31,1.22,0.94,86.31,89.3
Q-BATCH-1340,Onion,16.47,77.15,10.97,3.25,69.12,54.45
Q-BATCH-1341,Mango,29.05,71.11,7.65,1.82,82.13,10.0
Q-BATCH-1342,Mango,33.56,53.84,5.03,3.34,89.96,10.0
Q-BATCH-1343,Onion,26.99,82.96,8.91,2.51,84.11,11.74
Q-BATCH-1344,Tomato,20.03,87.71,7.45,2.75,75.04,10.15
Q-BATCH-1345,Potato,31.9,59.43,10.53,1.27,79.14,10.0
Q-BATCH-1346,Onion,19.83,43.22,9.16,3.72,69.51,41.28
Q-BATCH-1347,Mango,7.58,82.97,12.63,4.88,,62.65
Q-BATCH-1348,Mango,15.87,48.7,4.18,3.57,88.15,65.19
Q-BATCH-1349,Banana,32.39,58.56,3.92,2.11,80.43,10.0
Q-BATCH-1350,Mango,34.42,95.34,3.33,5.73,77.56,10.0
Q-BATCH-1351,Potato,4.25,51.64,5.25,4.1,73.21,79.26
Q-BATCH-1352,Banana,34.93,85.0,5.79,6.82,79.76,10.0
Q-BATCH-1353,Tomato,11.22,60.09,1.08,3.17,88.68,89.08
Q-BATCH-1354,Mango,26.88,57.84,10.87,2.95,91.54,10.0
Q-BATCH-1355,Mango,12.67,42.55,13.64,1.43,87.83,55.51
Q-BATCH-1356,Potato,22.0,69.31,6.96,5.36,75.65,10.0
Q-BATCH-1357,Mango,11.34,55.14,6.65,6.77,86.62,66.21
Q-BATCH-1358,Potato,6.32,51.76,5.13,2.27,80.79,77.11
Q-BATCH-1359,Tomato,7.74,60.78,6.84,2.54,77.2,71.39
Q-BATCH-1360,Mango,13.43,80.87,2.18,5.75,70.81,84.14
Q-BATCH-1361,Tomato,15.03,69.78,2.19,2.11,72.02,86.27
Q-BATCH-1362,Mango,21.23,71.91,13.38,6.05,67.75,10.0
Q-BATCH-1363,Mango,34.46,47.58,1.16,5.9,75.05,10.0
Q-BATCH-1364,Mango,29.2,41.26,8.57,2.18,89.37,10.0
Q-BATCH-1365,Tomato,29.08,47.11,2.2,6.01,66.37,10.0
Q-BATCH-1366,Banana,4.91,79.63,11.68,3.07,70.8,65.07
Q-BATCH-1367,Potato,23.04,75.78,6.8,1.47,78.47,10.0
Q-BATCH-1368,Banana,8.25,51.57,1.79,2.32,79.2,86.79
Q-BATCH-1369,Onion,28.24,60.83,11.33,6.93,78.09,10.0
Q-BATCH-1370,Onion,4.81,74.63,5.18,2.26,,82.54
Q-BATCH-1371,Potato,20.41,84.48,1.76,6.94,91.3,12.11
Q-BATCH-1372,Tomato,32.44,43.24,4.46,5.81,70.92,10.0
Q-BATCH-1373,Banana,30.2,50.21,5.61,5.95,86.77,10.0
Q-BATCH-1374,Onion,33.37,72.69,1.37,5.05,70.08,35.27
Q-BATCH-1375,Banana,5.18,43.26,8.05,1.64,65.54,67.46
Q-BATCH-1376,Potato,8.05,81.58,12.93,1.81,87.8,68.3
Q-BATCH-1377,Mango,8.39,46.43,2.92,5.08,74.85,73.71
Q-BATCH-1378,Banana,14.0,96.6,8.62,2.69,76.8,80.08
Q-BATCH-1379,Banana,34.03,80.23,9.44,1.63,86.25,10.0
Q-BATCH-1380,Onion,26.75,57.08,11.59,2.96,65.05,10.0
Q-BATCH-1381,Onion,33.92,41.88,6.09,6.96,89.87,10.0
Q-BATCH-1382,Tomato,19.38,59.21,9.32,1.18,74.36,10.0
Q-BATCH-1383,Mango,26.61,59.47,11.68,4.86,,10.0
Q-BATCH-1384,Mango,26.33,42.79,5.56,5.62,76.33,10.0
Q-BATCH-1385,Banana,20.93,45.88,7.41,2.96,88.33,10.0
Q-BATCH-1386,Tomato,30.22,57.1,3.11,0.98,90.69,10.0
Q-BATCH-1387,Tomato,6.33,94.63,12.54,1.55,74.12,78.67
Q-BATCH-1388,Banana,24.26,75.22,10.16,3.3,66.45,10.0
Q-BATCH-1389,Tomato,32.69,71.33,6.32,4.1,73.03,10.0
Q-BATCH-1390,Banana,8.76,60.93,8.43,5.96,72.95,61.11
Q-BATCH-1391,Onion,10.42,77.02,7.24,1.13,77.79,75.66
Q-BATCH-1392,Banana,12.22,77.23,7.12,6.32,75.02,64.66
Q-BATCH-1393,Tomato,18.42,53.12,6.8,2.21,66.66,35.59
Q-BATCH-1394,Mango,20.78,96.3,2.11,2.73,79.95,67.16
Q-BATCH-1395,Onion,30.87,67.54,6.44,3.98,77.86,10.0
Q-BATCH-1396,Mango,28.81,79.3,7.53,6.35,68.25,10.0
Q-BATCH-1397,Tomato,10.57,51.18,13.34,1.59,,58.05
Q-BATCH-1398,Banana,8.58,74.51,3.62,5.85,84.63,78.54
Q-BATCH-1399,Mango,14.11,56.02,6.05,3.08,88.58,76.88
Q-BATCH-1400,Onion,7.49,48.68,8.64,5.58,80.73,66.27
Q-BATCH-1401,Mango,7.13,56.59,13.02,4.16,74.28,54.9
Q-BATCH-1402,Banana,18.66,49.99,9.51,4.22,81.69,11.1
Q-BATCH-1403,Banana,14.28,53.78,1.5,6.28,89.86,79.03
Q-BATCH-1404,Mango,13.64,88.89,5.39,5.66,83.49,76.31
Q-BATCH-1405,Tomato,17.74,87.9,2.75,6.83,76.25,39.85
Q-BATCH-1406,Tomato,16.62,68.1,6.74,6.44,75.1,17.84
Q-BATCH-1407,Tomato,16.5,85.27,1.85,5.11,80.35,57.9
Q-BATCH-1408,Tomato,18.15,93.25,11.88,2.12,72.4,10.0
Q-BATCH-1409,Onion,25.12,54.03,6.16,6.5,77.04,25.08
Q-BATCH-1410,Banana,9.07,91.88,8.63,2.77,83.6,74.49
Q-BATCH-1411,Banana,28.17,52.43,1.65,6.05,71.08,10.0
Q-BATCH-1412,Banana,33.98,79.57,7.67,6.12,68.57,10.0
Q-BATCH-1413,Mango,33.23,81.34,3.91,4.45,72.44,10.0
Q-BATCH-1414,Potato,13.37,70.2,6.97,1.92,80.78,53.66
Q-BATCH-1415,Potato,12.76,79.7,8.3,4.36,74.08,42.6
Q-BATCH-1416,Potato,26.04,91.76,12.2,2.2,69.05,10.0
Q-BATCH-1417,Mango,22.6,78.31,11.47,5.72,84.47,10.0
Q-BATCH-1418,Potato,16.04,42.05,4.37,3.22,80.45,46.73
Q-BATCH-1419,Tomato,18.75,94.56,9.92,4.65,73.11,10.0
Q-BATCH-1420,Onion,7.97,55.0,3.35,1.13,85.6,90.0
Q-BATCH-1421,Potato,10.92,90.54,9.51,1.94,88.94,67.62
Q-BATCH-1422,Onion,18.59,90.25,4.82,6.03,90.5,53.1
Q-BATCH-1423,Tomato,15.83,57.3,7.51,6.14,88.06,27.9
Q-BATCH-1424,Tomato,31.68,97.23,5.45,6.92,88.28,10.0
Q-BATCH-1425,Mango,9.48,76.8,7.34,4.6,,74.2
Q-BATCH-1426,Tomato,28.34,85.23,8.49,1.53,76.71,10.0
Q-BATCH-1427,Banana,5.17,51.57,13.55,2.99,65.38,54.04
Q-BATCH-1428,Onion,23.43,54.43,3.48,4.9,74.3,52.72
Q-BATCH-1429,Banana,6.02,42.65,7.54,2.49,77.31,64.26
Q-BATCH-1430,Onion,34.86,59.88,5.39,6.27,74.7,10.0
Q-BATCH-1431,Banana,34.53,52.25,1.25,1.96,,10.0
Q-BATCH-1432,Mango,5.16,90.84,5.77,4.73,79.44,72.3
Q-BATCH-1433,Mango,4.61,80.01,9.61,4.75,75.27,70.72
Q-BATCH-1434,Banana,25.26,40.54,10.12,1.84,67.73,10.0
Q-BATCH-1435,Onion,29.75,46.09,8.87,1.39,68.18,10.0
Q-BATCH-1436,Mango,28.12,88.23,7.47,4.46,74.66,10.0
Q-BATCH-1437,Tomato,10.44,94.12,1.51,3.73,65.07,84.34
Q-BATCH-1438,Mango,8.62,45.22,11.86,4.85,84.54,47.89
Q-BATCH-1439,Potato,34.3,55.32,9.38,3.47,86.96,10.0
Q-BATCH-1440,Potato,17.21,46.72,5.68,4.9,89.04,15.28
Q-BATCH-1441,Tomato,15.08,65.39,9.62,1.61,88.72,45.6
Q-BATCH-1442,Potato,33.83,55.77,3.38,3.11,87.97,10.0
Q-BATCH-1443,Tomato,5.82,94.66,2.47,5.03,76.23,82.72
Q-BATCH-1444,Onion,15.77,60.8,9.82,1.68,,71.66
Q-BATCH-1445,Tomato,31.52,65.56,7.28,3.67,82.68,10.0
Q-BATCH-1446,Onion,21.52,96.72,10.98,4.25,74.13,21.46
Q-BATCH-1447,Onion,11.71,60.05,2.24,4.8,75.39,83.68
Q-BATCH-1448,Onion,4.36,94.19,12.6,4.48,77.67,49.92
Q-BATCH-1449,Tomato,11.47,96.27,1.97,3.7,71.01,83.91
Q-BATCH-1450,Banana,17.77,73.24,11.62,1.01,78.46,32.38
Q-BATCH-1451,Banana,16.51,42.08,10.69,0.62,87.3,50.93
Q-BATCH-1452,Onion,21.43,77.97,9.29,6.29,74.2,26.37
Q-BATCH-1453,Tomato,27.79,74.8,11.98,2.66,74.81,10.0
Q-BATCH-1454,Mango,14.58,88.13,10.87,1.94,72.88,63.29
Q-BATCH-1455,Mango,8.35,81.58,1.6,1.57,67.89,88.93
Q-BATCH-1456,Tomato,10.68,87.82,2.57,6.04,74.12,81.57
Q-BATCH-1457,Mango,22.25,84.78,13.05,5.94,82.78,10.0
Q-BATCH-1458,Tomato,26.82,72.09,13.53,0.53,80.8,10.0
Q-BATCH-1459,Tomato,29.27,46.01,9.99,1.63,81.37,10.0
Q-BATCH-1460,Banana,25.47,54.4,6.44,4.46,74.26,10.0
Q-BATCH-1461,Tomato,31.48,69.71,2.8,4.42,79.79,10.0
Q-BATCH-1462,Onion,23.35,56.85,9.22,1.81,83.15,42.6
Q-BATCH-1463,Tomato,13.99,46.69,7.55,5.01,77.97,50.57
Q-BATCH-1464,Banana,20.55,90.89,9.77,6.31,65.34,10.0
Q-BATCH-1465,Banana,10.2,83.51,2.89,4.86,72.74,78.86
Q-BATCH-1466,Mango,27.36,41.87,9.98,2.42,67.77,10.0
Q-BATCH-1467,Onion,21.4,53.78,12.24,5.33,86.57,22.71
Q-BATCH-1468,Mango,33.66,96.6,13.04,3.02,79.91,10.0
Q-BATCH-1469,Potato,30.67,65.7,3.64,6.15,82.11,10.0
Q-BATCH-1470,Potato,22.7,85.02,10.82,4.05,72.94,10.0
Q-BATCH-1471,Mango,19.93,61.88,3.43,1.63,80.03,53.67
Q-BATCH-1472,Onion,18.46,94.37,12.0,0.54,,50.17
Q-BATCH-1473,Onion,23.08,78.39,1.66,6.56,80.46,54.97
Q-BATCH-1474,Potato,20.14,85.6,7.83,6.72,79.66,10.0
Q-BATCH-1475,Potato,14.29,60.93,3.88,1.89,85.32,66.12
Q-BATCH-1476,Onion,4.27,78.8,11.71,6.88,89.42,56.51
Q-BATCH-1477,Onion,31.46,62.12,4.17,0.76,68.06,48.13
Q-BATCH-1478,Potato,27.89,69.83,1.32,3.86,78.14,18.01
Q-BATCH-1479,Tomato,6.97,96.35,5.16,1.04,79.4,88.23
Q-BATCH-1480,Tomato,30.81,64.6,9.71,5.53,79.52,10.0
Q-BATCH-1481,Banana,27.15,48.92,9.41,6.61,73.96,10.0
Q-BATCH-1482,Mango,6.18,87.65,3.31,2.14,76.01,81.77
Q-BATCH-1483,Banana,24.87,71.02,6.63,0.61,81.7,10.0
Q-BATCH-1484,Onion,15.09,69.16,1.59,6.01,83.52,79.53
Q-BATCH-1485,Potato,16.25,78.32,10.95,3.34,79.4,10.0
Q-BATCH-1486,Banana,13.14,76.77,11.36,6.02,88.95,62.91
Q-BATCH-1487,Potato,31.12,48.2,13.45,0.57,,10.0
Q-BATCH-1488,Banana,13.45,83.4,7.98,6.66,74.28,71.91
Q-BATCH-1489,Onion,23.12,54.66,2.85,1.7,83.12,76.12
Q-BATCH-1490,Mango,34.82,66.75,12.07,6.56,72.85,10.0
Q-BATCH-1491,Mango,33.5,60.71,3.57,4.27,71.33,10.0
Q-BATCH-1492,Mango,17.97,75.75,12.7,2.57,80.77,22.36
Q-BATCH-1493,Potato,9.23,58.17,11.5,6.73,84.23,51.03
Q-BATCH-1494,Potato,26.72,90.92,11.92,1.37,74.69,10.0
Q-BATCH-1495,Onion,6.54,56.28,2.41,4.7,89.07,81.48
Q-BATCH-1496,Mango,30.34,76.63,10.46,6.3,80.63,10.0
Q-BATCH-1497,Tomato,20.85,97.93,12.78,4.09,85.93,10.0
Q-BATCH-1498,Tomato,30.57,47.77,12.59,4.33,67.44,10.0
Q-BATCH-1499,Mango,29.0,75.61,9.61,6.01,78.88,10.0
Q-BATCH-1500,Tomato,31.04,48.48,8.36,4.18,90.36,10.0
Q-BATCH-1501,Banana,11.25,78.78,4.01,2.22,86.37,87.52
Q-BATCH-1502,Banana,24.1,45.99,12.46,0.76,82.11,10.0
Q-BATCH-1503,Potato,15.68,61.95,8.52,4.21,89.25,16.96
Q-BATCH-1504,Potato,20.01,60.47,5.89,6.4,78.15,10.0
Q-BATCH-1505,Onion,17.64,53.34,1.09,6.23,72.58,72.48
Q-BATCH-1506,Tomato,7.67,53.36,5.71,5.16,84.45,67.14
Q-BATCH-1507,Banana,24.07,63.83,7.23,4.34,68.45,10.0
Q-BATCH-1508,Tomato,21.74,43.24,9.18,0.75,69.86,10.0
Q-BATCH-1509,Onion,31.23,82.22,13.6,4.64,90.58,10.0
Q-BATCH-1510,Onion,9.29,88.16,13.91,6.14,86.45,49.61
Q-BATCH-1511,Tomato,9.2,79.76,9.1,3.82,81.11,66.2
Q-BATCH-1512,Banana,10.27,89.86,6.01,1.21,76.33,79.25
Q-BATCH-1513,Mango,22.59,90.91,3.31,6.36,85.31,10.0
Q-BATCH-1514,Tomato,4.04,94.39,12.73,4.01,76.65,63.24
Q-BATCH-1515,Mango,33.09,67.96,10.07,3.29,74.46,10.0
Q-BATCH-1516,Onion,18.79,53.49,2.27,1.37,72.65,89.03
Q-BATCH-1517,Banana,27.05,40.41,4.35,0.54,79.03,10.0
Q-BATCH-1518,Tomato,15.23,48.98,9.94,2.55,71.85,41.56
Q-BATCH-1519,Banana,34.75,63.05,8.34,4.48,79.91,10.0
Q-BATCH-1520,Tomato,11.87,57.79,5.81,4.11,84.05,69.66
Q-BATCH-1521,Mango,25.68,49.38,10.72,3.4,75.82,10.0
Q-BATCH-1522,Onion,5.61,62.57,8.98,4.95,86.72,70.99
Q-BATCH-1523,Banana,5.99,52.86,13.04,3.33,66.02,55.14
Q-BATCH-1524,Banana,26.06,74.65,8.98,3.89,87.15,10.0
Q-BATCH-1525,Banana,32.85,70.05,1.14,6.03,86.17,10.0
Q-BATCH-1526,Tomato,15.15,77.99,9.0,4.88,67.34,34.37
Q-BATCH-1527,Banana,22.17,70.03,5.59,3.07,66.85,10.0
Q-BATCH-1528,Potato,22.07,60.15,10.44,4.13,71.11,10.0
Q-BATCH-1529,Banana,12.09,63.61,13.09,4.24,66.95,52.22
Q-BATCH-1530,Mango,31.16,87.16,11.44,6.72,83.74,10.0
Q-BATCH-1531,Onion,14.53,84.98,7.29,2.08,89.21,72.26
Q-BATCH-1532,Banana,23.64,97.66,2.51,0.94,71.21,54.58
Q-BATCH-1533,Potato,29.8,54.4,7.71,0.56,83.19,10.0
Q-BATCH-1534,Mango,13.73,52.68,8.21,1.66,69.94,71.06
Q-BATCH-1535,Tomato,26.8,90.62,7.49,1.8,70.47,10.0
Q-BATCH-1536,Onion,7.72,44.55,5.63,5.56,78.3,65.61
Q-BATCH-1537,Onion,15.51,58.29,13.45,6.01,88.79,58.19
Q-BATCH-1538,Potato,32.4,56.26,7.38,6.9,80.57,10.0
Q-BATCH-1539,Banana,19.58,62.84,7.22,4.01,69.72,19.88
Q-BATCH-1540,Onion,4.37,52.22,6.98,4.98,73.79,75.23
Q-BATCH-1541,Potato,12.35,95.59,3.43,2.21,69.97,72.43
Q-BATCH-1542,Banana,30.48,56.22,10.11,2.92,68.54,10.0
Q-BATCH-1543,Tomato,28.93,72.21,11.58,5.19,70.29,10.0
Q-BATCH-1544,Tomato,17.07,47.8,7.15,0.56,82.03,42.03
Q-BATCH-1545,Potato,21.43,72.93,11.21,2.45,83.64,10.0
Q-BATCH-1546,Potato,17.95,59.41,7.2,4.59,80.13,10.0
Q-BATCH-1547,Potato,14.88,79.42,5.47,3.18,80.58,50.87
Q-BATCH-1548,Onion,15.01,79.05,3.27,5.57,84.89,80.09
Q-BATCH-1549,Banana,33.65,90.36,8.98,3.51,90.07,10.0
Q-BATCH-1550,Onion,6.21,49.4,8.43,6.02,73.56,64.86
Q-BATCH-1551,Potato,31.52,85.3,8.87,3.07,85.19,10.0
Q-BATCH-1552,Banana,4.72,82.21,6.38,1.7,90.39,85.09
Q-BATCH-1553,Mango,6.96,94.33,3.74,3.08,66.45,85.83
Q-BATCH-1554,Onion,12.14,49.01,10.94,1.04,88.91,70.58
Q-BATCH-1555,Tomato,7.92,70.55,10.59,3.38,65.95,63.16
Q-BATCH-1556,Potato,31.0,94.22,12.24,3.54,68.65,10.0
Q-BATCH-1557,Onion,23.56,76.88,3.3,4.38,79.13,54.02
Q-BATCH-1558,Potato,11.04,45.19,12.82,3.63,76.13,38.71
Q-BATCH-1559,Mango,30.29,59.95,1.0,5.8,65.22,10.0
Q-BATCH-1560,Banana,28.74,74.63,4.89,5.48,79.8,10.0
Q-BATCH-1561,Onion,26.16,77.47,6.68,2.12,70.96,37.73
Q-BATCH-1562,Tomato,23.01,80.25,7.72,5.7,82.51,10.0
Q-BATCH-1563,Potato,9.65,56.8,6.37,6.05,81.68,61.2
Q-BATCH-1564,Onion,8.72,96.24,7.4,2.58,,76.14
Q-BATCH-1565,Potato,26.54,53.5,4.5,5.15,78.33,10.0
Q-BATCH-1566,Potato,15.51,80.42,11.21,3.74,,10.0
Q-BATCH-1567,Tomato,6.21,67.27,1.73,5.54,87.72,79.63
Q-BATCH-1568,Mango,11.72,84.73,2.59,5.49,84.92,72.71
Q-BATCH-1569,Banana,24.65,52.09,10.56,1.11,90.95,10.0
Q-BATCH-1570,Tomato,33.06,70.21,9.18,0.77,82.24,10.0
Q-BATCH-1571,Mango,7.5,76.71,12.23,1.92,69.52,70.65
Q-BATCH-1572,Mango,34.03,73.7,6.15,2.08,83.59,10.0
Q-BATCH-1573,Mango,25.26,59.63,4.23,3.75,85.51,10.0
Q-BATCH-1574,Potato,28.54,47.3,9.38,5.06,91.51,10.0
Q-BATCH-1575,Potato,9.98,79.98,11.47,3.35,68.64,57.34
Q-BATCH-1576,Banana,20.82,68.43,10.19,4.13,79.68,10.0
Q-BATCH-1577,Banana,32.35,72.16,4.58,5.9,69.19,10.0
Q-BATCH-1578,Potato,28.05,69.35,8.04,3.45,88.84,10.0
Q-BATCH-1579,Potato,26.35,78.18,11.09,2.05,75.46,10.0
Q-BATCH-1580,Banana,12.78,63.77,10.95,1.5,67.6,69.49
Q-BATCH-1581,Mango,31.08,51.72,11.86,1.34,67.67,10.0
Q-BATCH-1582,Banana,25.74,54.84,9.55,3.92,81.36,10.0
Q-BATCH-1583,Tomato,29.79,67.15,9.52,6.53,74.75,10.0
Q-BATCH-1584,Banana,5.81,75.78,11.69,5.66,84.83,63.63
Q-BATCH-1585,Mango,7.01,82.06,13.28,6.74,70.12,59.15
Q-BATCH-1586,Tomato,21.31,72.37,8.41,6.66,85.69,10.0
Q-BATCH-1587,Banana,7.23,85.96,10.13,3.28,78.63,70.57
Q-BATCH-1588,Onion,14.92,58.28,13.98,3.38,73.77,65.09
Q-BATCH-1589,Banana,11.46,71.65,11.74,2.6,79.86,65.23
Q-BATCH-1590,Potato,16.31,82.13,13.5,3.41,81.09,10.0
Q-BATCH-1591,Potato,10.66,58.26,1.09,6.9,90.47,73.22
Q-BATCH-1592,Onion,21.72,45.47,7.65,4.21,69.21,41.62
Q-BATCH-1593,Onion,13.31,73.09,4.25,2.17,70.87,79.89
Q-BATCH-1594,Potato,29.6,80.0,11.31,1.62,89.51,10.0
Q-BATCH-1595,Potato,15.83,85.25,1.49,5.75,74.03,55.17
Q-BATCH-1596,Banana,30.96,53.15,6.41,6.14,81.26,10.0
Q-BATCH-1597,Banana,13.9,72.76,1.7,3.91,83.84,78.94
Q-BATCH-1598,Banana,21.83,45.22,13.62,5.39,86.23,10.0
Q-BATCH-1599,Potato,5.53,63.15,2.07,4.21,78.55,85.6
Q-BATCH-1600,Tomato,10.14,62.93,10.91,3.63,80.15,67.98
Q-BATCH-1601,Onion,28.08,58.76,4.2,0.97,67.42,56.38
Q-BATCH-1602,Banana,14.68,78.01,5.75,1.74,69.57,79.74
Q-BATCH-1603,Banana,32.65,53.54,9.1,3.36,69.21,10.0
Q-BATCH-1604,Mango,33.42,93.75,2.46,0.85,87.14,26.63
Q-BATCH-1605,Mango,14.29,82.92,4.97,3.56,79.75,82.49
Q-BATCH-1606,Onion,8.38,80.53,7.28,5.24,,66.02
Q-BATCH-1607,Onion,12.8,85.77,1.57,1.61,66.43,86.45
Q-BATCH-1608,Mango,24.55,92.95,1.87,4.79,67.91,19.67
Q-BATCH-1609,Banana,34.27,45.78,4.01,2.97,88.4,10.0
Q-BATCH-1610,Tomato,21.38,81.32,3.59,6.78,,10.0
Q-BATCH-1611,Potato,8.87,60.11,5.34,3.06,81.88,74.7
Q-BATCH-1612,Onion,11.99,62.46,4.59,0.9,91.74,90.05
Q-BATCH-1613,Potato,16.18,47.96,3.93,2.72,79.06,50.82
Q-BATCH-1614,Tomato,17.22,58.12,6.43,4.22,77.13,33.25
Q-BATCH-1615,Tomato,10.27,48.01,8.55,4.95,89.26,64.49
Q-BATCH-1616,Banana,8.5,94.12,13.94,6.84,73.57,56.43
Q-BATCH-1617,Mango,8.51,41.71,3.39,5.96,91.27,78.25
Q-BATCH-1618,Potato,31.72,94.13,6.76,6.57,86.04,10.0
Q-BATCH-1619,Tomato,23.13,75.13,1.34,6.91,81.1,10.0
Q-BATCH-1620,Mango,18.77,69.13,5.67,4.97,84.22,33.48
Q-BATCH-1621,Banana,9.99,41.87,7.39,1.39,65.41,71.11
Q-BATCH-1622,Banana,10.29,51.86,3.89,4.86,90.78,77.9
Q-BATCH-1623,Onion,18.18,54.31,7.37,2.61,66.13,72.92
Q-BATCH-1624,Banana,33.11,73.17,10.36,3.06,82.32,10.0
Q-BATCH-1625,Mango,29.64,42.46,7.77,3.44,79.0,10.0
Q-BATCH-1626,Mango,23.55,42.86,8.25,3.85,75.75,10.0
Q-BATCH-1627,Potato,23.01,43.16,7.0,3.25,68.84,10.0
Q-BATCH-1628,Banana,9.57,73.96,2.18,3.75,79.75,82.92
Q-BATCH-1629,Potato,22.3,81.33,6.86,1.66,77.28,10.0
Q-BATCH-1630,Tomato,7.54,66.07,10.34,1.3,79.14,64.35
Q-BATCH-1631,Onion,21.06,42.55,8.96,1.54,74.05,57.66
Q-BATCH-1632,Tomato,27.84,42.98,3.11,1.44,84.71,14.43
Q-BATCH-1633,Potato,8.08,51.77,9.14,1.26,71.83,70.78
Q-BATCH-1634,Banana,31.36,53.8,8.07,0.54,77.84,10.0
Q-BATCH-1635,Mango,31.35,56.13,8.82,0.54,87.14,10.0
Q-BATCH-1636,Tomato,5.14,89.52,2.93,4.75,87.63,82.22
Q-BATCH-1637,Mango,9.53,78.98,1.64,3.21,83.67,87.6
Q-BATCH-1638,Onion,21.95,94.03,3.31,3.46,73.08,57.2
Q-BATCH-1639,Banana,30.14,43.77,11.66,5.43,68.29,10.0
Q-BATCH-1640,Potato,25.57,75.5,7.85,3.91,84.7,10.0
Q-BATCH-1641,Mango,32.95,97.2,7.29,4.98,81.44,10.0
Q-BATCH-1642,Onion,32.74,75.63,8.48,4.55,84.69,10.0
Q-BATCH-1643,Tomato,13.01,51.23,12.49,2.01,77.55,51.32
Q-BATCH-1644,Tomato,16.84,59.36,11.39,6.99,82.21,10.0
Q-BATCH-1645,Tomato,6.1,57.42,9.97,2.15,85.71,62.75
Q-BATCH-1646,Potato,23.1,41.69,5.44,5.21,73.92,10.0
Q-BATCH-1647,Banana,24.02,67.93,12.91,5.68,89.09,10.0
Q-BATCH-1648,Potato,32.76,43.25,7.01,5.79,80.25,10.0
Q-BATCH-1649,Onion,25.25,86.37,7.97,1.85,74.55,37.14
Q-BATCH-1650,Potato,15.63,70.99,11.93,2.7,81.35,11.55
Q-BATCH-1651,Mango,25.86,58.24,12.24,5.39,,10.0
Q-BATCH-1652,Banana,29.71,57.55,12.4,2.92,69.73,10.0
Q-BATCH-1653,Mango,17.76,41.45,11.11,6.44,78.5,10.0
Q-BATCH-1654,Banana,28.04,48.31,10.52,3.9,87.2,10.0
Q-BATCH-1655,Tomato,16.02,90.16,3.67,0.74,73.4,72.58
Q-BATCH-1656,Onion,31.56,45.98,12.33,2.67,85.13,10.0
Q-BATCH-1657,Potato,10.22,56.62,9.31,1.86,85.87,65.63
Q-BATCH-1658,Potato,4.47,76.13,2.94,2.28,70.58,84.88
Q-BATCH-1659,Potato,28.92,73.3,4.52,6.63,73.41,10.0
Q-BATCH-1660,Onion,18.59,79.18,6.77,1.35,66.45,67.08
Q-BATCH-1661,Tomato,23.51,80.03,10.16,6.29,74.6,10.0
Q-BATCH-1662,Tomato,20.54,96.47,10.27,4.86,77.57,10.0
Q-BATCH-1663,Banana,23.98,84.46,2.26,2.52,90.58,35.31
Q-BATCH-1664,Onion,9.68,93.2,4.35,2.86,88.24,74.07
Q-BATCH-1665,Banana,14.89,66.75,1.39,3.59,85.73,83.8
Q-BATCH-1666,Tomato,26.14,46.2,7.6,3.14,66.91,10.0
Q-BATCH-1667,Banana,23.25,71.78,6.21,3.19,75.36,10.0
Q-BATCH-1668,Onion,21.58,59.85,6.6,6.87,69.67,35.19
Q-BATCH-1669,Onion,22.48,58.87,11.88,1.24,77.02,37.33
Q-BATCH-1670,Banana,29.24,84.74,1.9,1.21,78.35,40.95
Q-BATCH-1671,Mango,22.0,83.79,3.83,1.4,85.44,49.61
Q-BATCH-1672,Banana,21.92,51.35,7.91,3.03,73.55,10.0
Q-BATCH-1673,Potato,26.25,93.08,12.94,6.59,80.73,10.0
Q-BATCH-1674,Onion,13.12,61.41,6.25,1.33,66.43,80.2
Q-BATCH-1675,Potato,4.97,65.04,2.43,2.33,81.88,85.61
Q-BATCH-1676,Banana,24.54,67.54,5.96,4.04,75.38,10.0
Q-BATCH-1677,Banana,24.77,47.79,3.01,6.98,65.42,10.0
Q-BATCH-1678,Banana,8.21,47.96,9.55,6.84,88.22,58.38
Q-BATCH-1679,Onion,18.09,64.6,13.09,4.55,75.39,48.0
Q-BATCH-1680,Banana,30.25,53.73,8.86,4.26,76.09,10.0
Q-BATCH-1681,Potato,18.98,61.38,1.44,0.75,90.97,71.2
Q-BATCH-1682,Onion,28.14,66.97,13.79,6.89,89.03,10.0
Q-BATCH-1683,Banana,24.73,79.68,9.2,4.81,80.65,10.0
Q-BATCH-1684,Potato,18.08,92.55,7.96,0.57,73.95,28.19
Q-BATCH-1685,Potato,32.61,83.47,4.76,0.73,80.22,10.0
Q-BATCH-1686,Banana,24.35,56.92,8.52,4.22,65.74,10.0
Q-BATCH-1687,Tomato,12.61,47.69,7.57,6.03,88.16,52.54
Q-BATCH-1688,Mango,26.91,78.23,8.85,6.42,69.74,10.0
Q-BATCH-1689,Tomato,30.72,59.89,7.3,5.7,68.92,10.0
Q-BATCH-1690,Tomato,16.8,62.22,11.89,5.39,84.6,10.0
Q-BATCH-1691,Onion,23.91,83.82,10.55,2.74,69.53,20.93
Q-BATCH-1692,Potato,32.6,53.55,7.19,6.66,75.53,10.0
Q-BATCH-1693,Onion,32.74,66.03,12.31,0.58,90.97,10.0
Q-BATCH-1694,Mango,14.97,88.97,2.27,3.95,82.61,78.93
Q-BATCH-1695,Potato,24.28,62.69,4.47,1.14,85.23,24.2
Q-BATCH-1696,Onion,25.01,97.61,11.02,3.88,65.29,10.0
Q-BATCH-1697,Mango,7.22,65.86,1.16,1.14,72.65,85.55
Q-BATCH-1698,Mango,22.42,91.85,9.05,0.87,81.18,10.85
Q-BATCH-1699,Mango,15.65,84.3,2.12,4.43,86.69,72.51
Q-BATCH-1700,Mango,18.48,94.3,10.04,2.15,89.91,29.7
Q-BATCH-1701,Banana,27.87,54.93,10.0,4.84,72.49,10.0
Q-BATCH-1702,Banana,33.62,55.35,5.32,0.89,78.28,10.0
Q-BATCH-1703,Onion,7.36,71.36,6.1,4.7,81.58,66.95
Q-BATCH-1704,Banana,6.26,73.14,10.3,1.17,77.04,71.17
Q-BATCH-1705,Tomato,5.17,62.65,9.49,0.51,73.91,73.29
Q-BATCH-1706,Mango,19.21,65.29,7.7,6.61,86.09,10.0
Q-BATCH-1707,Onion,25.37,85.23,3.94,3.0,79.45,58.64
Q-BATCH-1708,Potato,23.6,95.61,9.86,3.1,79.43,10.0
Q-BATCH-1709,Mango,12.99,51.78,11.94,5.44,91.12,60.94
Q-BATCH-1710,Potato,23.55,60.84,10.05,6.33,82.09,10.0
Q-BATCH-1711,Tomato,34.89,53.83,1.46,0.66,86.4,36.75
Q-BATCH-1712,Banana,17.93,97.76,7.94,5.92,,22.09
Q-BATCH-1713,Mango,24.27,70.34,6.27,1.88,88.5,12.17
Q-BATCH-1714,Onion,26.8,68.36,4.03,0.97,,64.44
Q-BATCH-1715,Onion,8.05,49.99,1.6,5.06,,83.64
Q-BATCH-1716,Mango,22.32,87.43,6.93,1.61,78.42,27.31
Q-BATCH-1717,Tomato,14.46,88.48,1.82,1.82,75.85,81.38
Q-BATCH-1718,Onion,33.91,52.37,8.1,2.59,,10.0
Q-BATCH-1719,Mango,16.87,80.39,2.57,1.42,76.84,83.32
Q-BATCH-1720,Mango,23.6,61.82,2.73,5.64,88.75,10.23
Q-BATCH-1721,Mango,24.2,91.44,3.33,1.08,86.8,48.96
Q-BATCH-1722,Tomato,20.22,63.9,3.68,4.66,81.48,12.92
Q-BATCH-1723,Tomato,6.73,87.94,10.32,4.48,76.31,70.46
Q-BATCH-1724,Tomato,6.97,60.99,2.53,3.95,79.57,78.86
Q-BATCH-1725,Tomato,28.7,79.74,4.59,1.76,77.81,10.0
Q-BATCH-1726,Mango,10.5,54.58,1.7,2.87,89.03,85.19
Q-BATCH-1727,Mango,9.45,85.56,10.63,6.51,68.13,68.68
Q-BATCH-1728,Banana,10.16,79.26,8.71,2.62,86.03,70.92
Q-BATCH-1729,Mango,10.2,91.7,4.08,3.18,80.8,76.96
Q-BATCH-1730,Banana,18.1,62.47,2.88,6.53,84.44,46.13
Q-BATCH-1731,Potato,25.46,43.46,3.63,1.33,87.99,22.44
Q-BATCH-1732,Tomato,13.15,49.09,10.88,1.93,90.72,60.43
Q-BATCH-1733,Onion,6.68,89.7,13.61,6.06,91.88,43.05
Q-BATCH-1734,Banana,26.82,54.31,4.63,5.25,80.65,10.0
Q-BATCH-1735,Onion,31.85,64.23,13.3,6.44,,10.0
Q-BATCH-1736,Onion,18.86,86.29,1.44,3.95,77.22,75.23
Q-BATCH-1737,Onion,16.61,52.64,10.79,5.01,71.45,65.38
Q-BATCH-1738,Mango,25.8,89.76,7.24,2.48,65.66,10.0
Q-BATCH-1739,Tomato,28.49,61.48,12.36,3.13,82.1,10.0
Q-BATCH-1740,Mango,20.46,57.2,6.0,4.99,83.85,13.58
Q-BATCH-1741,Onion,6.51,91.09,11.33,5.62,66.48,53.21
Q-BATCH-1742,Potato,15.33,75.91,12.54,1.22,69.73,17.17
Q-BATCH-1743,Mango,8.29,59.43,8.29,5.53,82.52,67.27
Q-BATCH-1744,Onion,27.35,84.13,12.32,5.07,89.24,10.0
Q-BATCH-1745,Banana,14.7,68.2,4.6,0.91,68.31,81.96
Q-BATCH-1746,Onion,15.41,79.05,12.69,3.44,91.41,62.1
Q-BATCH-1747,Tomato,6.49,92.08,12.59,3.48,90.83,61.94
Q-BATCH-1748,Potato,8.67,51.85,2.46,1.46,65.61,84.73
Q-BATCH-1749,Onion,17.02,82.79,13.11,3.58,,42.47
Q-BATCH-1750,Mango,33.37,77.39,12.33,2.01,74.26,10.0
Q-BATCH-1751,Potato,20.44,71.81,7.32,4.83,80.32,10.0
Q-BATCH-1752,Potato,19.01,96.3,3.23,2.19,66.28,47.74
Q-BATCH-1753,Banana,8.98,71.05,13.43,4.52,69.73,61.78
Q-BATCH-1754,Tomato,34.81,73.32,3.1,1.26,74.98,10.0
Q-BATCH-1755,Mango,8.59,66.01,9.65,6.86,79.41,64.51
Q-BATCH-1756,Mango,8.51,66.57,6.26,3.75,65.12,77.99
Q-BATCH-1757,Onion,18.69,56.81,5.31,5.09,91.48,66.2
Q-BATCH-1758,Tomato,32.59,59.64,11.39,5.24,77.93,10.0
Q-BATCH-1759,Onion,23.14,52.78,2.52,0.66,73.81,82.62
Q-BATCH-1760,Tomato,33.01,56.12,8.58,1.94,,10.0
Q-BATCH-1761,Banana,34.25,62.88,9.8,6.72,81.29,10.0
Q-BATCH-1762,Mango,8.59,89.52,12.81,2.85,75.07,72.02
Q-BATCH-1763,Potato,21.39,52.51,5.01,3.4,85.02,10.0
Q-BATCH-1764,Banana,34.08,64.58,4.75,5.74,68.77,10.0
Q-BATCH-1765,Mango,34.64,70.47,2.87,2.47,90.2,10.0
Q-BATCH-1766,Banana,32.35,64.04,2.15,3.16,84.18,10.0
Q-BATCH-1767,Tomato,12.97,68.45,3.59,5.91,73.15,75.86
Q-BATCH-1768,Banana,4.83,40.14,8.27,3.51,90.81,64.18
Q-BATCH-1769,Banana,12.92,50.4,2.61,4.83,82.41,77.56
Q-BATCH-1770,Potato,22.57,60.98,7.41,6.81,76.77,10.0
Q-BATCH-1771,Banana,15.57,82.51,13.67,5.82,,38.06
Q-BATCH-1772,Onion,31.23,47.86,1.76,2.58,72.36,55.38
Q-BATCH-1773,Potato,23.81,44.46,1.63,2.4,81.96,49.03
Q-BATCH-1774,Onion,31.05,87.96,10.78,4.03,73.13,10.0
Q-BATCH-1775,Potato,29.52,40.75,2.25,4.27,75.07,10.0
Q-BATCH-1776,Potato,10.75,69.2,12.97,1.56,86.47,51.89
Q-BATCH-1777,Onion,25.77,86.55,12.0,5.13,89.73,10.0
Q-BATCH-1778,Tomato,13.66,61.03,13.0,3.62,89.02,43.14
Q-BATCH-1779,Potato,27.08,46.88,3.24,2.48,83.74,10.0
Q-BATCH-1780,Potato,6.44,80.07,2.63,1.35,67.1,90.89
Q-BATCH-1781,Banana,28.58,69.78,1.55,1.2,68.21,39.84
Q-BATCH-1782,Mango,6.99,47.18,4.92,0.57,80.87,81.35
Q-BATCH-1783,Potato,27.13,56.09,1.38,1.45,74.51,56.05
Q-BATCH-1784,Onion,7.07,73.53,4.14,4.21,,77.39
Q-BATCH-1785,Tomato,27.37,40.25,13.54,1.62,89.95,10.0
Q-BATCH-1786,Banana,17.63,95.55,5.76,4.33,74.58,50.27
Q-BATCH-1787,Tomato,27.6,58.23,7.69,3.15,79.03,10.0
Q-BATCH-1788,Potato,5.26,59.03,10.16,4.12,72.66,65.18
Q-BATCH-1789,Potato,11.0,63.62,9.93,5.97,76.55,44.86
Q-BATCH-1790,Banana,4.4,79.1,13.21,2.89,75.7,65.44
Q-BATCH-1791,Mango,25.55,96.7,2.55,3.07,89.1,28.81
Q-BATCH-1792,Potato,22.44,97.46,13.68,2.7,87.63,10.0
Q-BATCH-1793,Potato,22.4,83.87,10.94,5.48,90.47,10.0
Q-BATCH-1794,Onion,19.85,48.55,13.35,6.92,68.3,19.54
Q-BATCH-1795,Tomato,7.09,43.07,9.17,1.37,83.31,74.05
Q-BATCH-1796,Banana,13.39,76.15,8.86,2.63,82.85,72.65
Q-BATCH-1797,Banana,24.52,68.43,11.31,1.81,74.28,10.0
Q-BATCH-1798,Onion,34.71,91.05,1.23,5.47,77.15,17.29
Q-BATCH-1799,Banana,21.26,89.9,6.98,0.71,84.06,31.22
Q-BATCH-1800,Tomato,27.68,72.99,5.06,3.03,79.95,10.0
Q-BATCH-1801,Banana,19.71,62.7,7.19,6.05,91.21,10.0
Q-BATCH-1802,Potato,5.9,74.25,10.96,2.35,74.89,71.84
Q-BATCH-1803,Onion,14.58,45.65,1.35,6.29,74.65,77.26
Q-BATCH-1804,Tomato,22.37,92.8,4.22,4.71,73.23,10.0
Q-BATCH-1805,Mango,24.39,64.5,8.0,0.74,76.37,10.0
Q-BATCH-1806,Banana,15.71,62.64,8.64,6.91,86.82,41.63
Q-BATCH-1807,Tomato,27.71,59.69,5.37,3.77,74.81,10.0
Q-BATCH-1808,Banana,6.33,89.32,9.26,6.83,72.16,67.94
Q-BATCH-1809,Onion,27.03,45.33,6.23,1.97,67.56,33.24
Q-BATCH-1810,Mango,17.24,60.14,8.36,3.95,87.24,39.35
Q-BATCH-1811,Potato,10.2,63.33,6.63,4.01,77.24,67.76
Q-BATCH-1812,Tomato,20.0,50.82,12.45,4.58,82.84,10.0
Q-BATCH-1813,Banana,29.08,89.46,4.48,4.65,90.24,10.0
Q-BATCH-1814,Mango,8.58,48.73,7.79,2.87,73.11,72.68
Q-BATCH-1815,Potato,23.65,89.07,12.18,6.42,72.75,10.0
Q-BATCH-1816,Onion,8.65,41.61,4.07,2.05,73.38,82.83
Q-BATCH-1817,Banana,10.26,55.82,6.49,6.39,,68.81
Q-BATCH-1818,Potato,30.43,95.9,9.56,1.64,65.54,10.0
Q-BATCH-1819,Mango,5.97,95.4,5.08,2.44,83.14,87.33
Q-BATCH-1820,Banana,8.36,46.49,13.26,5.21,90.19,45.73
Q-BATCH-1821,Onion,11.81,91.3,13.35,6.56,68.3,51.2
Q-BATCH-1822,Potato,28.98,83.15,11.82,5.29,70.89,10.0
Q-BATCH-1823,Tomato,11.88,74.19,13.61,3.36,75.12,62.55
Q-BATCH-1824,Potato,11.64,56.11,8.09,3.59,68.91,53.07
Q-BATCH-1825,Potato,33.97,75.14,11.68,0.64,82.88,10.0
Q-BATCH-1826,Tomato,23.81,80.64,4.29,3.0,83.5,10.0
Q-BATCH-1827,Tomato,32.2,62.79,12.15,3.03,71.9,10.0
Q-BATCH-1828,Tomato,8.97,65.45,4.87,6.09,86.93,71.06
Q-BATCH-1829,Mango,28.16,68.52,4.56,1.02,90.02,13.42
Q-BATCH-1830,Banana,29.56,80.51,12.4,5.83,74.5,10.0
Q-BATCH-1831,Onion,4.85,43.02,10.59,3.45,82.01,65.04
Q-BATCH-1832,Tomato,13.47,73.4,1.04,1.8,71.74,87.04
Q-BATCH-1833,Tomato,28.57,58.53,12.01,4.96,84.85,10.0
Q-BATCH-1834,Onion,10.16,64.04,11.75,5.7,88.66,66.38
Q-BATCH-1835,Onion,32.62,77.53,3.92,6.66,89.48,10.0
Q-BATCH-1836,Tomato,5.54,75.84,4.4,6.04,69.03,81.62
Q-BATCH-1837,Tomato,26.28,65.24,13.31,1.26,77.25,10.0
Q-BATCH-1838,Mango,33.33,87.18,3.92,1.82,85.15,10.0
Q-BATCH-1839,Banana,34.85,56.41,12.13,4.4,76.29,10.0
Q-BATCH-1840,Tomato,11.3,66.16,1.37,6.84,80.74,78.36
Q-BATCH-1841,Mango,14.02,80.2,1.13,1.37,84.26,93.66
Q-BATCH-1842,Onion,5.82,59.31,4.33,1.12,89.52,87.27
Q-BATCH-1843,Onion,4.17,69.26,10.22,5.76,91.39,65.99
Q-BATCH-1844,Tomato,22.0,55.1,13.58,4.14,90.12,10.0
Q-BATCH-1845,Tomato,17.42,55.1,2.17,5.12,91.42,50.38
Q-BATCH-1846,Potato,12.77,90.86,10.72,6.52,85.56,29.31
Q-BATCH-1847,Potato,26.84,68.49,6.67,1.57,80.0,10.0
Q-BATCH-1848,Banana,11.13,42.08,1.69,1.47,84.06,85.2
Q-BATCH-1849,Banana,25.98,68.14,1.53,2.82,87.84,33.16
Q-BATCH-1850,Mango,12.81,88.43,5.54,1.82,87.21,81.58
Q-BATCH-1851,Onion,4.13,84.48,3.76,6.99,89.85,66.92
Q-BATCH-1852,Banana,4.8,79.52,9.8,6.27,75.64,63.51
Q-BATCH-1853,Mango,6.51,88.18,11.88,1.5,77.26,78.39
Q-BATCH-1854,Onion,5.36,76.1,9.55,2.64,90.58,76.89
Q-BATCH-1855,Onion,28.85,56.41,2.68,6.11,85.08,24.79
Q-BATCH-1856,Onion,9.52,95.97,5.96,3.09,67.41,72.63
Q-BATCH-1857,Tomato,24.06,95.36,6.05,3.12,73.06,10.0
Q-BATCH-1858,Potato,15.13,45.57,12.75,4.42,70.4,10.0
Q-BATCH-1859,Banana,17.12,83.88,7.19,4.16,81.57,50.89
Q-BATCH-1860,Banana,34.17,79.23,2.21,3.84,84.27,10.0
Q-BATCH-1861,Onion,13.01,65.37,9.18,3.91,77.9,64.14
Q-BATCH-1862,Tomato,11.71,64.81,9.9,2.45,79.88,74.82
Q-BATCH-1863,Onion,6.93,78.33,2.4,3.26,71.84,85.85
Q-BATCH-1864,Mango,26.96,66.85,10.99,0.61,87.76,10.0
Q-BATCH-1865,Banana,22.2,66.39,12.4,2.43,81.84,10.0
Q-BATCH-1866,Tomato,34.45,55.04,3.74,1.01,76.71,10.0
Q-BATCH-1867,Banana,18.79,80.12,2.52,1.62,91.08,73.73
Q-BATCH-1868,Banana,23.12,80.06,4.94,5.79,83.23,10.0
Q-BATCH-1869,Mango,7.47,40.92,2.63,0.59,88.19,90.66
Q-BATCH-1870,Tomato,23.41,85.82,9.45,3.33,73.12,10.0
Q-BATCH-1871,Banana,31.97,82.85,6.48,1.26,78.1,10.0
Q-BATCH-1872,Banana,21.65,88.36,8.61,1.81,65.21,10.0
Q-BATCH-1873,Banana,26.85,74.56,13.73,6.02,72.85,10.0
Q-BATCH-1874,Banana,32.99,92.49,7.67,5.21,71.26,10.0
Q-BATCH-1875,Mango,5.97,91.79,6.49,2.55,77.78,83.59
Q-BATCH-1876,Potato,9.0,82.12,6.83,3.34,76.83,73.96
Q-BATCH-1877,Onion,22.67,88.86,12.82,2.7,68.54,12.37
Q-BATCH-1878,Banana,24.87,82.61,13.48,5.92,86.59,10.0
Q-BATCH-1879,Onion,6.67,68.01,3.69,4.99,69.22,81.61
Q-BATCH-1880,Banana,11.28,72.3,13.26,3.71,74.69,64.44
Q-BATCH-1881,Tomato,19.61,86.8,3.27,6.09,68.08,17.1
Q-BATCH-1882,Onion,14.55,60.6,3.91,2.18,,86.75
Q-BATCH-1883,Potato,31.08,75.05,12.65,6.05,66.36,10.0
Q-BATCH-1884,Banana,34.21,85.34,13.51,5.41,88.18,10.0
Q-BATCH-1885,Onion,23.53,90.51,1.55,1.19,69.24,83.18
Q-BATCH-1886,Banana,30.99,48.95,10.91,3.74,87.12,10.0
Q-BATCH-1887,Tomato,27.84,54.23,6.71,3.2,74.22,10.0
Q-BATCH-1888,Mango,16.87,76.51,4.46,5.15,85.34,58.78
Q-BATCH-1889,Tomato,32.46,92.09,2.79,3.29,78.94,10.0
Q-BATCH-1890,Mango,26.25,70.01,6.75,5.51,74.13,10.0
Q-BATCH-1891,Tomato,5.15,93.51,6.64,3.06,80.51,83.46
Q-BATCH-1892,Onion,31.46,80.65,13.64,3.23,84.48,10.0
Q-BATCH-1893,Potato,20.36,93.39,1.1,2.32,77.05,64.8
Q-BATCH-1894,Onion,17.71,60.02,9.12,4.52,82.52,67.16
Q-BATCH-1895,Potato,16.09,81.7,2.1,3.99,79.05,60.73
Q-BATCH-1896,Tomato,20.16,83.91,2.21,4.09,65.75,43.23
Q-BATCH-1897,Onion,13.42,64.52,4.36,5.91,84.76,79.49
Q-BATCH-1898,Potato,5.48,77.76,9.15,2.8,73.04,77.28
Q-BATCH-1899,Banana,27.12,73.73,5.41,2.03,90.31,10.0
Q-BATCH-1900,Onion,24.67,87.27,4.04,2.44,68.78,55.24
Q-BATCH-1901,Tomato,9.97,85.16,2.37,3.86,68.96,82.39
Q-BATCH-1902,Banana,31.54,67.62,2.07,0.9,74.97,28.18
Q-BATCH-1903,Onion,31.03,73.89,8.27,5.56,91.91,10.0
Q-BATCH-1904,Banana,9.05,69.34,10.51,3.21,77.36,70.29
Q-BATCH-1905,Onion,10.59,67.45,12.22,1.27,90.49,68.38
Q-BATCH-1906,Mango,7.75,73.16,8.82,3.16,,65.69
Q-BATCH-1907,Potato,13.11,41.62,4.96,2.93,86.16,60.91
Q-BATCH-1908,Potato,29.39,68.35,12.56,1.9,74.41,10.0
Q-BATCH-1909,Banana,18.02,59.59,7.26,2.51,87.53,50.93
Q-BATCH-1910,Tomato,18.29,66.1,10.91,3.78,88.39,10.0
Q-BATCH-1911,Onion,11.22,62.93,9.64,3.16,90.87,75.73
Q-BATCH-1912,Potato,25.92,73.18,9.4,6.13,84.1,10.0
Q-BATCH-1913,Mango,33.61,71.43,9.37,1.05,90.85,10.0
Q-BATCH-1914,Banana,24.41,70.85,7.53,0.62,72.42,10.0
Q-BATCH-1915,Onion,22.81,63.3,6.77,5.74,,39.82
Q-BATCH-1916,Mango,4.75,70.62,5.42,1.67,67.46,86.8
Q-BATCH-1917,Onion,11.92,45.2,3.19,1.44,76.0,83.86
Q-BATCH-1918,Onion,26.11,57.29,13.49,1.68,68.85,10.0
Q-BATCH-1919,Potato,7.75,51.75,5.88,5.88,80.82,69.51
Q-BATCH-1920,Onion,5.88,66.96,6.01,1.25,78.07,83.68
Q-BATCH-1921,Tomato,21.18,74.0,12.88,0.62,85.6,10.0
Q-BATCH-1922,Tomato,6.6,76.88,4.96,3.14,91.13,78.45
Q-BATCH-1923,Tomato,17.14,92.87,11.17,3.99,65.03,10.6
Q-BATCH-1924,Onion,4.02,94.14,4.76,6.82,81.14,71.37
Q-BATCH-1925,Banana,10.6,88.76,13.99,5.98,69.36,56.0
Q-BATCH-1926,Mango,7.81,48.1,4.91,3.07,72.55,74.98
Q-BATCH-1927,Onion,31.4,94.83,7.56,5.71,91.45,10.0
Q-BATCH-1928,Potato,14.59,66.67,4.2,6.89,65.43,43.22
Q-BATCH-1929,Mango,4.3,50.07,8.91,0.53,83.81,73.45
Q-BATCH-1930,Banana,24.12,44.5,8.0,5.62,,10.0
Q-BATCH-1931,Banana,29.2,87.99,9.74,2.79,69.78,10.0
Q-BATCH-1932,Mango,9.98,40.54,2.62,2.91,85.48,79.98
Q-BATCH-1933,Potato,23.38,86.89,3.49,5.81,91.46,10.0
Q-BATCH-1934,Mango,25.92,52.13,4.65,6.38,87.17,10.0
Q-BATCH-1935,Potato,21.11,78.27,8.4,3.71,83.42,10.0
Q-BATCH-1936,Mango,7.95,94.15,8.65,5.35,88.79,68.69
Q-BATCH-1937,Potato,34.75,80.19,3.49,4.91,71.83,10.0
Q-BATCH-1938,Banana,24.87,77.7,1.03,3.28,73.72,42.93
Q-BATCH-1939,Banana,18.46,60.97,4.56,4.92,88.86,36.87
Q-BATCH-1940,Potato,13.8,62.73,12.94,3.96,88.76,14.45
Q-BATCH-1941,Tomato,6.31,54.5,13.72,3.25,73.39,57.04
Q-BATCH-1942,Mango,4.74,86.24,1.36,3.31,87.69,87.11
Q-BATCH-1943,Banana,5.69,59.35,4.1,2.72,90.48,81.66
Q-BATCH-1944,Onion,17.84,47.24,6.7,1.12,89.75,77.08
Q-BATCH-1945,Mango,28.87,43.18,11.17,0.9,76.66,10.0
Q-BATCH-1946,Mango,15.83,45.56,8.27,2.42,71.29,52.18
Q-BATCH-1947,Onion,28.65,91.04,1.14,3.0,74.17,62.53
Q-BATCH-1948,Mango,9.97,45.96,6.9,2.63,66.82,75.09
Q-BATCH-1949,Tomato,19.78,60.61,12.76,1.32,81.76,10.0
Q-BATCH-1950,Tomato,13.66,65.28,11.36,0.89,85.37,55.39
Q-BATCH-1951,Onion,13.57,59.89,11.08,1.46,65.22,74.97
Q-BATCH-1952,Tomato,29.89,89.8,1.75,3.8,70.28,10.0
Q-BATCH-1953,Tomato,24.7,80.3,11.21,2.72,81.19,10.0
Q-BATCH-1954,Onion,13.29,59.06,8.36,2.68,88.65,78.96
Q-BATCH-1955,Banana,10.91,53.36,3.85,0.52,71.45,89.65
Q-BATCH-1956,Potato,16.41,87.91,11.49,2.94,,10.0
Q-BATCH-1957,Potato,13.01,51.28,1.39,1.25,85.67,81.83
Q-BATCH-1958,Mango,10.79,55.2,3.59,2.35,87.88,81.83
Q-BATCH-1959,Tomato,32.23,41.22,1.28,5.98,75.23,10.0
Q-BATCH-1960,Mango,18.14,61.44,5.4,1.87,69.63,59.92
Q-BATCH-1961,Onion,6.03,48.38,12.46,6.21,86.46,58.04
Q-BATCH-1962,Banana,17.32,76.9,10.03,2.57,85.6,41.8
Q-BATCH-1963,Onion,11.66,76.51,4.82,1.47,68.41,84.02
Q-BATCH-1964,Onion,6.52,67.3,12.52,1.86,66.75,67.45
Q-BATCH-1965,Onion,9.55,81.32,5.87,3.87,78.05,80.73
Q-BATCH-1966,Banana,32.56,73.87,4.49,3.11,,10.0
Q-BATCH-1967,Tomato,10.78,64.65,6.88,2.02,69.24,82.76
Q-BATCH-1968,Potato,6.6,65.78,8.16,1.37,80.77,75.41
Q-BATCH-1969,Onion,17.41,61.32,5.37,3.43,72.37,66.97
Q-BATCH-1970,Banana,15.13,44.78,4.04,4.69,78.85,68.78
Q-BATCH-1971,Potato,6.21,42.22,13.05,1.14,70.31,58.84
Q-BATCH-1972,Potato,30.21,51.06,10.69,5.5,68.72,10.0
Q-BATCH-1973,Onion,13.28,87.69,12.86,0.56,75.9,60.55
Q-BATCH-1974,Onion,24.28,97.38,10.85,0.58,88.37,20.51
Q-BATCH-1975,Tomato,28.37,83.94,7.17,3.85,77.46,10.0
Q-BATCH-1976,Potato,33.2,64.23,12.0,3.29,88.03,10.0
Q-BATCH-1977,Tomato,33.24,40.56,8.51,1.33,87.53,10.0
Q-BATCH-1978,Banana,27.65,80.05,6.53,5.39,80.85,10.0
Q-BATCH-1979,Mango,33.53,59.15,12.99,1.5,81.28,10.0
Q-BATCH-1980,Banana,16.11,71.0,13.74,1.83,67.93,44.55
Q-BATCH-1981,Banana,9.31,79.14,9.31,2.48,87.31,74.6
Q-BATCH-1982,Mango,33.85,56.46,3.43,0.95,82.81,10.0
Q-BATCH-1983,Mango,14.13,92.77,5.79,0.57,91.72,78.27
Q-BATCH-1984,Banana,33.61,90.21,7.22,0.95,70.55,10.0
Q-BATCH-1985,Banana,13.62,51.77,3.06,4.24,77.39,72.09
Q-BATCH-1986,Tomato,22.75,54.32,6.79,5.86,80.37,10.0
Q-BATCH-1987,Banana,12.93,91.1,8.49,5.29,83.91,74.04
Q-BATCH-1988,Potato,30.35,64.07,6.08,5.85,81.68,10.0
Q-BATCH-1989,Banana,21.63,62.83,12.84,1.69,71.47,10.0
Q-BATCH-1990,Potato,24.67,43.87,12.47,4.0,89.36,10.0
Q-BATCH-1991,Banana,34.85,44.44,13.9,4.09,85.7,10.0
Q-BATCH-1992,Banana,5.38,41.55,3.14,1.85,83.24,81.28
Q-BATCH-1993,Potato,16.3,40.62,10.7,6.06,89.76,10.0
Q-BATCH-1994,Banana,21.0,54.05,7.3,0.94,68.79,23.68
Q-BATCH-1995,Tomato,7.12,57.06,3.22,0.62,75.55,82.57
Q-BATCH-1996,Mango,15.1,52.57,9.81,1.5,,64.94
Q-BATCH-1997,Tomato,23.68,70.33,6.75,0.81,82.82,10.0
Q-BATCH-1998,Potato,5.51,61.89,6.77,4.39,71.74,73.65
Q-BATCH-1999,Tomato,34.67,59.55,2.19,3.24,83.06,10.0
Q-BATCH-2000,Mango,9.2,49.69,11.36,5.9,67.91,57.26
Q-BATCH-2001,Onion,32.96,62.91,9.15,4.56,71.28,10.0
Q-BATCH-2002,Potato,13.8,62.57,3.26,3.11,66.78,68.19
Q-BATCH-2003,Onion,10.78,57.49,5.8,0.94,91.54,78.67
Q-BATCH-2004,Onion,21.65,54.61,11.29,6.49,73.76,22.78
Q-BATCH-2005,Banana,25.51,59.26,9.81,6.82,88.87,10.0
Q-BATCH-2006,Banana,32.28,66.04,1.88,0.61,85.03,38.2
Q-BATCH-2007,Mango,31.8,57.91,4.02,4.51,85.45,10.0
Q-BATCH-2008,Mango,10.26,61.79,2.79,3.74,71.43,86.15
Q-BATCH-2009,Banana,12.62,77.33,10.61,2.64,79.06,71.81
Q-BATCH-2010,Potato,26.72,59.88,10.76,1.99,66.46,10.0
Q-BATCH-2011,Tomato,10.9,90.62,11.42,5.03,69.96,67.37
Q-BATCH-2012,Mango,9.97,76.79,12.31,0.95,70.51,71.92
Q-BATCH-2013,Onion,10.34,69.43,8.14,5.67,77.61,63.62
Q-BATCH-2014,Tomato,11.72,56.55,4.18,1.65,82.16,84.25
Q-BATCH-2015,Banana,16.35,49.73,2.04,6.82,78.64,61.97
Q-BATCH-2016,Tomato,4.61,62.12,11.65,5.66,85.49,57.11
Q-BATCH-2017,Onion,9.45,62.07,7.98,4.09,72.65,72.95
Q-BATCH-2018,Banana,18.55,48.97,1.94,1.39,65.35,74.63
Q-BATCH-2019,Potato,33.15,96.29,7.39,6.52,78.22,10.0
Q-BATCH-2020,Onion,34.77,47.22,1.93,6.25,69.38,10.0
Q-BATCH-2021,Potato,14.81,81.13,11.03,5.39,74.94,10.0
Q-BATCH-2022,Banana,11.51,42.0,13.04,5.28,82.04,46.85
Q-BATCH-2023,Tomato,25.11,54.75,4.4,3.46,90.7,10.0
Q-BATCH-2024,Mango,26.06,62.29,2.52,1.1,91.3,52.32
Q-BATCH-2025,Tomato,17.23,80.13,12.39,1.58,79.4,19.1
Q-BATCH-2026,Onion,31.17,82.2,5.0,3.18,82.18,18.27
Q-BATCH-2027,Potato,10.5,83.4,11.58,2.25,65.17,57.05
Q-BATCH-2028,Banana,25.59,70.45,1.02,0.95,84.79,66.79
Q-BATCH-2029,Potato,19.08,69.15,3.42,1.37,80.31,50.27
Q-BATCH-2030,Tomato,27.53,55.04,1.77,1.69,76.04,34.06
Q-BATCH-2031,Onion,6.47,44.97,2.42,4.64,66.74,72.82
Q-BATCH-2032,Tomato,7.13,43.54,7.21,4.87,65.2,65.25
Q-BATCH-2033,Mango,4.23,74.97,2.26,3.9,85.56,88.84
Q-BATCH-2034,Banana,14.43,79.55,10.84,4.43,73.51,60.1
Q-BATCH-2035,Potato,5.77,60.65,9.65,2.96,67.7,72.08
Q-BATCH-2036,Banana,8.3,74.91,10.43,6.27,72.55,60.06
Q-BATCH-2037,Tomato,24.43,67.56,5.79,4.52,70.07,10.0
Q-BATCH-2038,Potato,5.42,86.84,1.22,2.84,77.0,89.84
Q-BATCH-2039,Banana,14.8,94.47,10.61,5.66,77.86,62.15
Q-BATCH-2040,Mango,10.05,48.3,10.55,2.41,80.44,72.13
Q-BATCH-2041,Onion,6.7,88.28,1.41,3.74,91.65,81.82
Q-BATCH-2042,Banana,20.76,54.11,13.42,3.63,90.49,10.0
Q-BATCH-2043,Mango,8.97,93.88,6.65,5.15,85.69,71.29
Q-BATCH-2044,Potato,24.79,78.6,9.66,6.68,82.11,10.0
Q-BATCH-2045,Potato,27.76,74.84,12.34,6.56,75.18,10.0
Q-BATCH-2046,Banana,33.95,65.34,9.5,5.6,72.0,10.0
Q-BATCH-2047,Mango,33.05,83.19,2.16,5.31,74.93,10.0
Q-BATCH-2048,Banana,5.92,71.06,8.5,0.51,91.46,78.92
Q-BATCH-2049,Potato,7.92,78.5,11.37,6.57,67.88,60.22
Q-BATCH-2050,Banana,13.2,52.7,5.11,5.8,68.98,65.09
Q-BATCH-2051,Mango,34.7,47.16,8.79,2.51,84.08,10.0
Q-BATCH-2052,Tomato,15.68,96.91,7.44,5.08,87.35,41.48
Q-BATCH-2053,Tomato,30.83,50.38,10.11,0.84,75.58,10.0
Q-BATCH-2054,Tomato,14.46,79.32,13.88,4.06,85.46,31.75
Q-BATCH-2055,Onion,32.61,80.66,10.45,2.34,67.63,10.0
Q-BATCH-2056,Onion,32.97,57.64,12.26,0.85,80.58,10.0
Q-BATCH-2057,Banana,10.76,83.41,4.78,1.44,65.25,89.0
Q-BATCH-2058,Onion,30.61,61.84,2.33,5.61,83.35,23.61
Q-BATCH-2059,Mango,9.57,43.04,2.25,6.83,82.55,73.42
Q-BATCH-2060,Tomato,5.05,53.97,9.15,3.13,83.58,70.95
Q-BATCH-2061,Banana,24.79,45.2,11.09,6.94,87.09,10.0
Q-BATCH-2062,Banana,6.56,68.37,5.78,1.28,78.76,79.52
Q-BATCH-2063,Onion,25.51,45.48,13.84,3.62,75.37,10.0
Q-BATCH-2064,Banana,14.08,81.4,4.88,1.31,79.51,82.28
Q-BATCH-2065,Mango,28.29,70.75,6.12,5.81,87.6,10.0
Q-BATCH-2066,Mango,24.42,46.8,10.8,1.85,83.77,10.0
Q-BATCH-2067,Banana,7.99,51.96,11.41,1.3,80.19,69.36
Q-BATCH-2068,Mango,13.26,96.04,2.1,1.31,91.38,89.31
Q-BATCH-2069,Tomato,20.1,85.4,4.91,6.65,77.01,10.0
Q-BATCH-2070,Potato,14.92,71.22,7.79,6.91,67.67,18.79
Q-BATCH-2071,Tomato,30.54,52.48,1.48,1.42,79.91,33.85
Q-BATCH-2072,Potato,6.31,54.79,2.67,4.55,89.4,79.14
Q-BATCH-2073,Mango,33.15,48.31,13.28,4.9,82.0,10.0
Q-BATCH-2074,Tomato,24.08,69.66,10.29,4.16,87.18,10.0
Q-BATCH-2075,Banana,11.67,55.67,5.93,6.77,83.47,62.69
Q-BATCH-2076,Potato,14.34,55.85,9.32,2.86,71.1,24.68
Q-BATCH-2077,Banana,33.51,85.4,13.73,1.94,79.21,10.0
Q-BATCH-2078,Onion,20.4,80.63,11.68,3.68,79.89,37.86
Q-BATCH-2079,Mango,16.08,60.02,3.22,6.65,91.14,61.22
Q-BATCH-2080,Onion,22.36,55.03,12.47,3.12,84.26,24.72
Q-BATCH-2081,Tomato,5.64,82.07,5.92,5.28,84.1,70.85
Q-BATCH-2082,Onion,17.61,60.53,6.44,3.48,72.74,73.95
Q-BATCH-2083,Onion,29.23,57.7,13.24,6.23,90.58,10.0
Q-BATCH-2084,Potato,6.38,53.92,11.99,4.63,80.53,56.04
Q-BATCH-2085,Potato,31.1,95.81,8.2,3.7,78.73,10.0
Q-BATCH-2086,Banana,24.98,70.88,7.47,4.95,65.38,10.0
Q-BATCH-2087,Mango,27.24,54.17,10.28,5.07,90.67,10.0
Q-BATCH-2088,Onion,17.91,49.77,9.89,0.78,85.62,68.21
Q-BATCH-2089,Tomato,19.92,95.24,1.98,5.96,75.24,28.36
Q-BATCH-2090,Mango,29.78,89.35,5.39,4.91,72.83,10.0
Q-BATCH-2091,Potato,21.63,52.61,3.77,5.3,90.19,10.0
Q-BATCH-2092,Mango,30.3,43.33,13.16,6.3,,10.0
Q-BATCH-2093,Potato,31.6,50.8,5.6,0.53,67.74,10.0
Q-BATCH-2094,Mango,16.73,92.96,7.88,6.34,,44.87
Q-BATCH-2095,Potato,13.28,64.84,3.94,3.07,86.91,61.66
Q-BATCH-2096,Banana,8.34,83.33,9.53,3.36,,74.94
Q-BATCH-2097,Tomato,8.14,64.42,2.44,2.35,65.85,81.29
Q-BATCH-2098,Banana,7.68,68.37,13.48,6.89,83.41,50.47
Q-BATCH-2099,Banana,30.13,62.55,7.52,6.5,67.91,10.0
Q-BATCH-2100,Tomato,25.22,43.02,5.47,0.59,76.6,10.0
Q-BATCH-2101,Mango,19.06,84.13,6.65,2.38,69.12,38.3
Q-BATCH-2102,Tomato,12.17,80.66,4.65,1.25,76.59,88.87
Q-BATCH-2103,Mango,9.62,97.57,10.11,3.77,82.13,66.41
Q-BATCH-2104,Tomato,9.96,48.48,6.22,2.28,,74.34
Q-BATCH-2105,Mango,25.7,96.85,5.94,3.91,76.5,10.0
Q-BATCH-2106,Banana,12.35,56.27,9.37,2.48,76.29,66.99
Q-BATCH-2107,Mango,24.47,58.66,3.36,0.5,72.56,52.38
Q-BATCH-2108,Banana,15.27,57.65,3.4,6.66,65.37,63.55
Q-BATCH-2109,Tomato,15.2,85.17,5.31,5.32,75.03,60.23
Q-BATCH-2110,Tomato,7.3,76.51,8.6,1.07,66.11,79.1
Q-BATCH-2111,Tomato,7.06,94.63,3.51,3.4,73.14,83.64
Q-BATCH-2112,Tomato,7.96,64.26,7.94,1.5,89.07,78.47
Q-BATCH-2113,Onion,17.9,81.6,13.68,6.32,66.83,34.25
Q-BATCH-2114,Onion,12.5,96.11,11.28,1.59,90.81,58.55
Q-BATCH-2115,Tomato,25.23,90.47,10.63,3.08,69.47,10.0
Q-BATCH-2116,Banana,22.82,52.0,8.31,3.04,,10.0
Q-BATCH-2117,Onion,28.51,66.42,10.06,6.21,79.18,10.0
Q-BATCH-2118,Tomato,7.69,52.99,4.85,2.25,72.88,79.79
Q-BATCH-2119,Potato,28.51,77.26,13.05,2.26,87.23,10.0
Q-BATCH-2120,Mango,34.14,58.82,9.43,4.61,88.87,10.0
Q-BATCH-2121,Tomato,14.06,43.32,6.31,4.47,87.25,55.6
Q-BATCH-2122,Potato,20.66,96.77,3.3,6.82,86.07,10.0
Q-BATCH-2123,Banana,23.41,75.05,13.29,2.17,76.94,10.0
Q-BATCH-2124,Tomato,27.34,49.03,8.56,5.75,84.61,10.0
Q-BATCH-2125,Banana,9.74,90.02,2.22,1.68,78.24,87.75
Q-BATCH-2126,Potato,9.51,62.86,1.27,1.56,66.88,86.37
Q-BATCH-2127,Tomato,16.48,82.01,6.92,4.69,85.26,31.26
Q-BATCH-2128,Mango,29.62,84.28,5.91,0.63,66.18,10.0
Q-BATCH-2129,Mango,22.59,85.96,4.48,6.6,,10.0
Q-BATCH-2130,Onion,25.93,51.73,10.57,2.7,80.2,10.39
Q-BATCH-2131,Tomato,11.56,71.52,5.0,3.61,79.68,74.48
Q-BATCH-2132,Mango,19.86,88.52,2.34,2.43,89.63,66.61
Q-BATCH-2133,Banana,12.89,93.46,6.01,2.8,83.54,81.9
Q-BATCH-2134,Mango,10.96,95.48,7.39,6.94,67.06,66.54
Q-BATCH-2135,Potato,31.76,75.06,13.0,6.48,79.32,10.0
Q-BATCH-2136,Banana,13.35,87.42,2.95,4.84,67.81,88.27
Q-BATCH-2137,Potato,26.05,44.43,13.13,5.77,,10.0
Q-BATCH-2138,Tomato,8.58,65.91,11.11,1.45,91.36,71.38
Q-BATCH-2139,Mango,12.63,45.25,8.51,6.74,69.91,59.72
Q-BATCH-2140,Potato,34.16,74.9,7.42,3.63,68.73,10.0
Q-BATCH-2141,Tomato,20.7,68.57,5.98,4.07,71.21,10.0
Q-BATCH-2142,Banana,29.15,52.72,7.85,5.55,74.77,10.0
Q-BATCH-2143,Mango,8.14,46.39,5.71,3.58,74.74,76.65
Q-BATCH-2144,Tomato,30.45,96.37,4.83,1.44,71.55,10.0
Q-BATCH-2145,Mango,25.57,48.3,10.71,1.26,83.8,10.0
Q-BATCH-2146,Mango,6.29,88.57,10.12,4.81,65.82,65.07
Q-BATCH-2147,Mango,29.76,64.16,4.19,0.58,77.68,12.26
Q-BATCH-2148,Onion,16.76,59.57,10.08,2.45,83.77,70.39
Q-BATCH-2149,Tomato,22.73,50.07,1.78,4.68,75.7,14.61
Q-BATCH-2150,Banana,32.49,69.11,8.2,5.89,76.44,10.0
Q-BATCH-2151,Mango,7.88,52.29,7.78,6.86,70.91,54.01
Q-BATCH-2152,Onion,25.47,67.69,8.87,1.0,75.94,32.09
Q-BATCH-2153,Mango,10.04,46.29,11.44,4.7,81.29,56.42
Q-BATCH-2154,Mango,7.3,52.29,4.11,1.56,,90.18
Q-BATCH-2155,Tomato,5.0,55.61,8.17,4.65,80.25,67.44
Q-BATCH-2156,Banana,33.25,40.49,1.59,2.54,72.62,10.0
Q-BATCH-2157,Tomato,15.03,47.51,5.09,3.04,73.95,68.48
Q-BATCH-2158,Onion,8.66,74.06,2.31,5.75,80.83,84.04
Q-BATCH-2159,Potato,6.44,76.31,3.1,4.94,71.25,76.9
Q-BATCH-2160,Tomato,33.87,69.95,10.99,1.55,82.59,10.0
Q-BATCH-2161,Potato,13.02,76.16,6.82,1.35,66.08,69.72
Q-BATCH-2162,Banana,22.81,95.56,4.11,6.98,91.85,10.0
Q-BATCH-2163,Mango,20.96,96.2,2.85,6.16,67.35,23.11
Q-BATCH-2164,Potato,6.11,73.44,3.21,2.42,66.92,88.82
Q-BATCH-2165,Banana,11.94,90.85,4.35,3.58,68.79,84.26
Q-BATCH-2166,Onion,12.89,63.72,7.35,2.86,83.38,79.7
Q-BATCH-2167,Onion,15.58,79.57,11.98,6.69,72.1,56.18
Q-BATCH-2168,Mango,26.97,54.2,9.07,4.69,65.21,10.0
Q-BATCH-2169,Potato,30.47,52.94,5.89,4.21,83.07,10.0
Q-BATCH-2170,Banana,18.41,44.98,9.35,6.35,89.77,10.0
Q-BATCH-2171,Banana,13.84,97.79,3.59,2.64,83.96,83.95
Q-BATCH-2172,Potato,33.4,48.44,6.91,4.04,80.34,10.0
Q-BATCH-2173,Banana,28.48,96.76,1.81,5.76,70.71,10.0
Q-BATCH-2174,Banana,6.59,44.02,4.51,4.63,73.06,71.01
Q-BATCH-2175,Banana,12.04,88.17,7.82,4.85,89.34,71.04
Q-BATCH-2176,Potato,16.99,67.58,3.14,2.77,69.34,52.34
Q-BATCH-2177,Potato,29.51,72.53,12.86,4.21,70.36,10.0
Q-BATCH-2178,Onion,34.58,94.46,9.01,2.6,84.89,10.0
Q-BATCH-2179,Tomato,19.48,58.35,12.65,6.57,83.2,10.0
Q-BATCH-2180,Mango,30.58,76.79,13.85,6.63,80.62,10.0
Q-BATCH-2181,Tomato,9.15,61.9,6.46,4.05,90.71,78.54
Q-BATCH-2182,Onion,15.28,57.51,13.42,2.91,87.11,64.32
Q-BATCH-2183,Banana,16.72,60.43,9.44,3.46,79.13,39.93
Q-BATCH-2184,Mango,15.57,72.06,13.04,3.48,76.77,37.97
Q-BATCH-2185,Banana,33.07,92.54,9.24,5.06,67.37,10.0
Q-BATCH-2186,Mango,16.75,68.79,9.45,4.51,90.04,33.32
Q-BATCH-2187,Banana,24.7,89.4,7.54,5.74,85.98,10.0
Q-BATCH-2188,Mango,7.86,96.12,3.54,3.55,76.15,86.25
Q-BATCH-2189,Banana,10.94,56.45,1.1,2.94,72.14,86.4
Q-BATCH-2190,Banana,32.18,41.9,9.75,0.53,,10.0
Q-BATCH-2191,Onion,14.39,95.63,11.66,4.4,71.53,53.81
Q-BATCH-2192,Tomato,5.6,94.05,9.01,3.06,90.36,71.56
Q-BATCH-2193,Tomato,8.91,53.4,6.24,2.57,68.41,71.69
Q-BATCH-2194,Onion,23.45,55.09,11.2,5.98,90.61,10.0
Q-BATCH-2195,Mango,27.87,48.88,1.33,0.57,79.68,73.38
Q-BATCH-2196,Onion,8.05,66.31,5.97,5.33,74.67,71.82
Q-BATCH-2197,Tomato,11.6,85.24,4.86,3.98,85.8,81.59
Q-BATCH-2198,Potato,4.72,97.12,2.08,1.43,68.0,93.46
Q-BATCH-2199,Mango,31.73,45.38,2.39,2.34,74.76,13.82
Q-BATCH-2200,Banana,16.83,68.22,2.31,5.67,70.68,62.68
Q-BATCH-2201,Potato,8.99,57.33,9.24,3.43,82.81,66.31
Q-BATCH-2202,Mango,14.75,97.71,2.52,2.73,65.14,82.31
Q-BATCH-2203,Potato,4.92,41.34,13.05,1.75,69.11,64.57
Q-BATCH-2204,Mango,8.3,44.84,12.68,0.69,68.42,61.68
Q-BATCH-2205,Tomato,21.1,57.07,13.39,2.77,78.39,10.0
Q-BATCH-2206,Banana,10.13,89.07,12.99,2.13,90.97,63.36
Q-BATCH-2207,Onion,33.57,68.29,5.05,5.66,76.44,10.0
Q-BATCH-2208,Potato,17.31,72.89,9.1,4.45,82.08,10.0
Q-BATCH-2209,Tomato,11.84,63.77,12.56,6.73,88.69,59.28
Q-BATCH-2210,Onion,9.58,58.72,5.58,0.69,74.66,77.99
Q-BATCH-2211,Potato,7.79,58.48,5.84,5.57,,67.72
Q-BATCH-2212,Banana,11.21,43.84,8.38,2.59,70.73,62.15
Q-BATCH-2213,Onion,31.38,89.87,4.61,4.45,89.1,10.0
Q-BATCH-2214,Banana,10.11,86.56,5.13,2.58,91.74,80.6
Q-BATCH-2215,Mango,22.33,53.71,6.89,4.41,,10.0
Q-BATCH-2216,Onion,12.82,88.82,13.84,6.43,89.19,47.16
Q-BATCH-2217,Mango,18.57,88.13,5.39,0.61,73.13,64.3
Q-BATCH-2218,Potato,13.71,75.51,6.2,4.12,83.8,46.41
Q-BATCH-2219,Mango,7.19,52.99,11.96,6.6,68.75,62.31
Q-BATCH-2220,Banana,26.45,87.11,3.94,1.07,79.51,13.51
Q-BATCH-2221,Mango,7.43,94.93,4.38,5.6,73.89,78.6
Q-BATCH-2222,Banana,8.27,66.72,4.51,1.61,88.27,85.93
Q-BATCH-2223,Banana,20.17,53.95,9.28,4.84,78.23,10.0
Q-BATCH-2224,Banana,13.18,44.8,3.94,2.21,88.57,80.23
Q-BATCH-2225,Tomato,19.33,52.32,10.03,0.99,77.64,10.0
Q-BATCH-2226,Banana,22.31,70.6,2.36,1.86,85.53,52.48
Q-BATCH-2227,Banana,7.28,47.54,9.52,6.01,75.41,54.27
Q-BATCH-2228,Onion,9.83,56.11,7.68,5.57,73.29,76.29
Q-BATCH-2229,Mango,27.1,53.95,2.91,6.2,70.05,10.0
Q-BATCH-2230,Onion,32.73,44.88,6.88,2.23,69.07,10.0
Q-BATCH-2231,Onion,15.46,42.85,5.34,3.37,90.06,70.23
Q-BATCH-2232,Tomato,20.42,68.63,6.23,4.36,83.39,10.0
Q-BATCH-2233,Mango,5.11,55.44,3.85,0.85,67.73,89.54
Q-BATCH-2234,Onion,16.18,52.75,10.09,3.13,83.68,64.57
Q-BATCH-2235,Tomato,12.93,74.59,11.21,2.76,67.54,64.89
Q-BATCH-2236,Onion,32.11,53.84,7.2,2.48,66.88,10.0
Q-BATCH-2237,Banana,18.71,59.38,2.84,0.58,72.12,70.18
Q-BATCH-2238,Mango,22.08,68.32,8.72,6.8,67.95,10.0
Q-BATCH-2239,Onion,11.08,69.18,9.84,2.39,85.93,72.16
Q-BATCH-2240,Potato,34.68,54.93,6.88,5.28,74.84,10.0
Q-BATCH-2241,Potato,20.05,78.51,4.91,2.67,87.78,25.67
Q-BATCH-2242,Potato,4.64,96.76,9.92,5.23,82.8,63.64
Q-BATCH-2243,Banana,25.57,64.98,1.4,4.25,67.41,15.77
Q-BATCH-2244,Banana,31.19,79.37,9.3,6.78,77.13,10.0
Q-BATCH-2245,Onion,14.81,59.21,3.27,6.42,90.52,73.52
Q-BATCH-2246,Tomato,14.64,75.52,1.53,3.88,77.29,80.01
Q-BATCH-2247,Potato,19.47,79.76,4.75,6.8,69.06,10.0
Q-BATCH-2248,Onion,19.09,43.75,8.26,1.56,77.25,60.58
Q-BATCH-2249,Onion,4.16,60.43,2.6,3.67,66.35,77.84
Q-BATCH-2250,Potato,33.71,72.52,11.21,3.76,84.26,10.0
Q-BATCH-2251,Tomato,13.01,41.86,6.62,6.47,71.72,58.16
Q-BATCH-2252,Banana,7.04,55.15,6.49,6.78,73.39,58.61
Q-BATCH-2253,Potato,27.8,54.5,11.46,1.4,70.39,10.0
Q-BATCH-2254,Potato,20.92,61.81,8.37,4.58,76.8,10.0
Q-BATCH-2255,Banana,25.24,60.74,10.02,3.77,77.6,10.0
Q-BATCH-2256,Banana,33.68,64.41,1.36,4.13,81.61,10.0
Q-BATCH-2257,Tomato,23.25,92.19,8.54,2.93,66.45,10.0
Q-BATCH-2258,Tomato,29.03,90.74,6.24,0.54,66.47,10.0
Q-BATCH-2259,Mango,13.01,67.93,5.34,1.13,66.64,84.24
Q-BATCH-2260,Onion,10.36,48.36,10.61,0.84,78.37,71.36
Q-BATCH-2261,Tomato,34.66,40.37,4.91,2.52,83.57,10.0
Q-BATCH-2262,Mango,20.11,54.34,2.99,6.22,65.67,33.75
Q-BATCH-2263,Banana,16.54,97.0,1.72,1.29,87.73,82.97
Q-BATCH-2264,Onion,23.13,65.08,9.86,6.09,69.99,19.71
Q-BATCH-2265,Tomato,20.95,67.62,3.22,5.32,83.02,12.05
Q-BATCH-2266,Banana,15.96,86.39,5.78,2.29,86.96,68.53
Q-BATCH-2267,Potato,4.34,57.56,6.94,4.17,89.12,70.04
Q-BATCH-2268,Mango,8.32,91.18,12.81,2.81,65.25,62.47
Q-BATCH-2269,Onion,14.81,80.96,12.13,3.77,66.69,63.73
Q-BATCH-2270,Potato,18.24,89.8,9.53,4.16,86.19,10.0
Q-BATCH-2271,Banana,19.0,95.83,1.89,5.96,69.87,51.96
Q-BATCH-2272,Onion,8.01,58.8,11.08,3.92,74.4,66.78
Q-BATCH-2273,Banana,26.72,53.44,1.88,0.69,78.48,55.12
Q-BATCH-2274,Potato,29.07,82.49,10.88,6.88,89.29,10.0
Q-BATCH-2275,Banana,6.0,75.49,10.83,3.23,87.86,64.09
Q-BATCH-2276,Potato,32.63,58.63,8.88,5.96,75.2,10.0
Q-BATCH-2277,Onion,19.22,79.37,8.23,1.77,85.04,60.77
Q-BATCH-2278,Onion,22.05,76.49,11.51,1.75,70.5,36.27
Q-BATCH-2279,Mango,20.94,44.17,5.67,3.15,84.71,29.89
Q-BATCH-2280,Onion,21.68,67.48,7.45,5.91,81.7,38.79
Q-BATCH-2281,Tomato,23.39,90.69,11.42,3.35,68.43,10.0
Q-BATCH-2282,Mango,22.65,59.19,2.53,2.0,90.4,60.0
Q-BATCH-2283,Potato,31.05,49.16,6.08,2.83,79.43,10.0
Q-BATCH-2284,Onion,16.38,43.29,13.11,3.75,67.99,51.58
Q-BATCH-2285,Potato,17.06,51.63,9.49,0.71,66.6,17.02
Q-BATCH-2286,Potato,31.23,53.67,13.01,4.81,90.6,10.0
Q-BATCH-2287,Mango,16.9,82.88,5.5,0.96,88.96,71.38
Q-BATCH-2288,Tomato,5.1,69.44,4.52,0.77,76.65,79.96
Q-BATCH-2289,Tomato,27.98,87.06,1.28,0.86,88.23,53.48
Q-BATCH-2290,Mango,27.74,80.34,8.18,0.84,76.52,10.0
Q-BATCH-2291,Banana,32.01,60.4,2.53,4.5,89.79,10.0
Q-BATCH-2292,Mango,27.17,91.52,8.65,1.98,80.34,10.0
Q-BATCH-2293,Mango,5.76,43.29,12.35,2.12,72.63,60.95
Q-BATCH-2294,Onion,13.06,75.16,9.52,2.09,68.3,67.71
Q-BATCH-2295,Potato,25.86,87.18,13.2,1.84,88.19,10.0
Q-BATCH-2296,Potato,13.07,77.91,13.24,5.57,72.22,22.01
Q-BATCH-2297,Onion,16.74,95.13,2.36,2.75,67.12,82.97
Q-BATCH-2298,Onion,10.53,61.6,4.0,5.32,68.83,83.36
Q-BATCH-2299,Banana,7.54,68.94,9.45,3.45,,66.78
Q-BATCH-2300,Banana,5.85,89.57,4.91,6.77,65.51,71.86
Q-BATCH-2301,Banana,9.72,65.0,1.58,1.84,73.24,91.05
Q-BATCH-2302,Potato,27.39,59.5,13.18,6.42,72.09,10.0
Q-BATCH-2303,Tomato,29.71,65.18,10.84,2.72,84.69,10.0
Q-BATCH-2304,Mango,33.53,94.08,11.5,4.1,91.75,10.0
Q-BATCH-2305,Banana,20.09,49.43,8.44,4.19,85.13,10.0
Q-BATCH-2306,Tomato,25.16,55.91,12.8,2.32,85.83,10.0
Q-BATCH-2307,Onion,15.21,78.24,6.13,4.5,86.88,72.77
Q-BATCH-2308,Mango,29.92,89.16,4.99,4.8,65.47,10.0
Q-BATCH-2309,Mango,30.17,52.63,13.56,3.62,90.35,10.0
Q-BATCH-2310,Onion,17.65,54.96,8.17,6.7,72.01,56.77
Q-BATCH-2311,Tomato,23.16,42.88,9.19,1.45,66.04,10.0
Q-BATCH-2312,Banana,26.24,43.53,8.54,0.77,71.99,10.0
Q-BATCH-2313,Potato,11.28,46.33,8.03,0.79,68.06,63.29
Q-BATCH-2314,Tomato,29.5,64.13,5.24,2.91,88.65,10.0
Q-BATCH-2315,Potato,34.23,92.05,8.89,2.84,90.45,10.0
Q-BATCH-2316,Mango,32.84,92.89,3.08,0.79,,19.12
Q-BATCH-2317,Potato,19.75,73.73,7.64,5.58,70.8,10.0
Q-BATCH-2318,Mango,27.64,77.65,9.54,1.48,90.88,10.0
Q-BATCH-2319,Onion,21.0,64.25,7.55,4.23,87.89,49.18
Q-BATCH-2320,Mango,20.13,58.38,8.89,4.78,80.53,10.0
Q-BATCH-2321,Potato,15.22,66.44,4.16,5.49,68.12,40.41
Q-BATCH-2322,Banana,19.67,93.05,5.7,2.79,81.34,38.57
Q-BATCH-2323,Banana,34.59,93.69,3.99,5.88,89.55,10.0
Q-BATCH-2324,Tomato,14.59,46.84,8.87,5.67,78.64,33.17
Q-BATCH-2325,Banana,31.9,90.83,9.22,5.52,,10.0
Q-BATCH-2326,Potato,18.57,45.86,10.95,5.12,87.51,10.0
Q-BATCH-2327,Tomato,30.87,93.28,13.87,1.36,74.57,10.0
Q-BATCH-2328,Onion,14.44,87.83,4.14,2.41,81.44,73.68
Q-BATCH-2329,Mango,33.45,92.82,1.96,6.48,85.0,10.0
Q-BATCH-2330,Banana,26.43,74.19,10.1,5.27,78.75,10.0
Q-BATCH-2331,Mango,24.13,62.0,8.72,2.9,78.73,10.0
Q-BATCH-2332,Mango,5.5,70.03,4.02,3.71,78.72,82.96
Q-BATCH-2333,Potato,9.53,48.31,5.2,2.57,84.83,83.12
Q-BATCH-2334,Tomato,31.27,58.23,6.6,2.31,69.47,10.0
Q-BATCH-2335,Banana,12.94,93.23,6.71,6.25,85.34,73.67
Q-BATCH-2336,Potato,30.0,83.78,2.83,1.84,,13.03
Q-BATCH-2337,Onion,19.14,87.7,7.99,1.77,72.61,62.39
Q-BATCH-2338,Banana,29.76,57.11,10.52,3.89,84.07,10.0
Q-BATCH-2339,Banana,6.69,47.94,12.56,3.71,83.06,57.39
Q-BATCH-2340,Mango,6.3,49.09,10.68,1.95,77.24,68.3
Q-BATCH-2341,Mango,32.67,65.14,10.19,2.55,86.44,10.0
Q-BATCH-2342,Onion,5.1,76.8,9.59,6.2,,59.38
Q-BATCH-2343,Banana,10.07,67.27,12.34,1.93,70.05,67.2
Q-BATCH-2344,Tomato,33.48,89.72,3.58,6.19,65.09,10.0
Q-BATCH-2345,Onion,5.2,79.9,8.95,5.11,82.04,58.14
Q-BATCH-2346,Potato,9.58,57.41,7.3,4.77,72.89,58.69
Q-BATCH-2347,Banana,13.16,52.7,8.77,4.03,89.21,68.04
Q-BATCH-2348,Banana,24.53,46.72,13.6,2.62,73.61,10.0
Q-BATCH-2349,Banana,19.0,86.67,10.16,5.53,76.12,10.0
Q-BATCH-2350,Potato,30.38,63.72,4.48,1.9,73.73,10.0
Q-BATCH-2351,Banana,16.36,92.92,6.09,3.37,84.66,57.67
Q-BATCH-2352,Mango,21.75,49.66,5.01,3.16,81.88,32.24
Q-BATCH-2353,Onion,20.73,95.12,8.94,1.34,,49.86
Q-BATCH-2354,Potato,21.14,77.99,12.86,5.48,74.78,10.0
Q-BATCH-2355,Tomato,26.25,56.83,11.9,3.07,75.09,10.0
Q-BATCH-2356,Onion,5.12,41.16,10.53,6.61,67.77,55.21
Q-BATCH-2357,Banana,4.75,76.63,1.55,2.34,65.91,91.09
Q-BATCH-2358,Banana,26.96,55.66,9.52,1.35,67.0,10.0
Q-BATCH-2359,Banana,20.79,93.3,1.26,5.33,80.88,43.16
Q-BATCH-2360,Onion,17.18,83.12,12.17,5.6,77.39,41.12
Q-BATCH-2361,Onion,6.88,96.08,7.13,2.39,78.05,75.33
Q-BATCH-2362,Onion,34.79,82.2,7.59,2.99,85.59,10.0
Q-BATCH-2363,Banana,16.32,53.46,3.91,6.84,80.21,51.64
Q-BATCH-2364,Potato,6.59,72.53,2.87,4.59,90.44,84.52
Q-BATCH-2365,Mango,18.68,81.94,2.84,4.51,71.28,58.63
Q-BATCH-2366,Potato,29.86,42.12,6.35,5.31,81.17,10.0
Q-BATCH-2367,Potato,28.64,71.64,9.98,5.41,82.6,10.0
Q-BATCH-2368,Banana,34.78,44.72,7.69,6.08,83.88,10.0
Q-BATCH-2369,Mango,9.15,65.38,3.11,5.36,66.05,75.12
Q-BATCH-2370,Tomato,8.34,90.7,9.14,3.91,65.25,68.6
Q-BATCH-2371,Potato,12.4,58.7,10.36,6.22,80.22,31.81
Q-BATCH-2372,Potato,23.03,81.44,7.8,1.83,71.78,10.0
Q-BATCH-2373,Potato,30.42,47.85,13.05,5.18,87.39,10.0
Q-BATCH-2374,Banana,34.79,40.32,3.33,3.56,70.38,10.0
Q-BATCH-2375,Banana,18.53,49.07,5.3,0.9,80.1,55.03
Q-BATCH-2376,Mango,29.44,90.35,13.06,2.28,73.26,10.0
Q-BATCH-2377,Banana,23.89,51.75,13.15,4.15,67.78,10.0
Q-BATCH-2378,Tomato,28.7,74.06,4.42,1.17,73.91,10.0
Q-BATCH-2379,Onion,26.86,75.72,8.86,6.78,70.65,10.0
Q-BATCH-2380,Tomato,28.9,48.5,13.86,1.09,88.61,10.0
Q-BATCH-2381,Mango,17.19,67.36,2.78,5.75,85.52,55.02
Q-BATCH-2382,Banana,18.71,58.08,5.91,3.01,79.33,49.52
Q-BATCH-2383,Tomato,29.84,81.26,13.42,6.65,80.13,10.0
Q-BATCH-2384,Potato,17.5,60.19,9.91,4.13,,10.0
Q-BATCH-2385,Banana,17.15,75.78,11.02,2.75,89.86,35.55
Q-BATCH-2386,Potato,4.33,65.64,3.33,5.36,65.15,79.3
Q-BATCH-2387,Mango,19.59,40.75,12.84,6.45,82.47,10.0
Q-BATCH-2388,Banana,11.84,76.27,1.57,5.02,87.23,85.57
Q-BATCH-2389,Banana,19.2,67.46,13.96,4.61,85.27,10.0
Q-BATCH-2390,Mango,26.11,80.93,5.8,4.48,87.98,10.0
Q-BATCH-2391,Mango,5.93,45.65,1.73,4.64,91.55,76.39
Q-BATCH-2392,Onion,24.83,92.18,10.59,2.66,69.57,19.12
Q-BATCH-2393,Potato,16.5,88.59,7.71,6.61,66.75,10.0
Q-BATCH-2394,Onion,9.35,42.58,2.92,2.23,83.6,82.94
Q-BATCH-2395,Mango,7.65,67.04,5.05,4.14,67.32,80.54
Q-BATCH-2396,Mango,26.62,50.77,2.51,1.09,91.08,47.68
Q-BATCH-2397,Mango,6.52,82.01,3.83,2.93,87.61,81.98
Q-BATCH-2398,Tomato,13.63,62.0,10.72,5.3,72.53,48.66
Q-BATCH-2399,Banana,31.39,50.27,3.94,1.72,83.83,10.0
Q-BATCH-2400,Banana,27.94,70.34,5.62,2.86,83.55,10.0
Q-BATCH-2401,Onion,10.53,80.73,6.01,4.0,86.89,76.71
Q-BATCH-2402,Tomato,21.1,83.1,5.45,6.8,78.86,10.0
Q-BATCH-2403,Tomato,7.57,78.18,7.08,0.7,68.78,82.47
Q-BATCH-2404,Potato,31.94,58.7,8.33,4.78,74.69,10.0
Q-BATCH-2405,Tomato,24.08,45.81,6.48,2.68,73.27,10.0
Q-BATCH-2406,Tomato,23.11,74.43,10.78,3.35,84.74,10.0
Q-BATCH-2407,Tomato,14.47,79.36,4.28,2.93,91.21,77.79
Q-BATCH-2408,Onion,12.35,73.49,2.4,3.27,69.43,80.48
Q-BATCH-2409,Potato,33.23,51.51,12.53,6.77,85.3,10.0
Q-BATCH-2410,Potato,6.8,85.99,11.25,0.85,74.34,75.76
Q-BATCH-2411,Banana,31.37,57.47,1.01,1.46,71.38,38.5
Q-BATCH-2412,Mango,21.22,84.99,10.41,1.5,,10.0
Q-BATCH-2413,Mango,25.66,92.94,7.12,4.96,87.45,10.0
Q-BATCH-2414,Mango,32.99,63.19,6.04,2.57,72.65,10.0
Q-BATCH-2415,Banana,14.75,78.85,8.76,3.97,65.73,71.77
Q-BATCH-2416,Tomato,14.54,87.75,10.98,2.9,85.3,52.81
Q-BATCH-2417,Tomato,10.55,65.25,2.8,1.72,82.66,85.73
Q-BATCH-2418,Potato,18.9,55.14,5.04,4.89,69.85,14.1
Q-BATCH-2419,Onion,6.56,79.79,11.85,3.52,88.29,64.74
Q-BATCH-2420,Mango,19.72,79.81,3.09,1.34,,71.14
Q-BATCH-2421,Banana,17.17,83.04,6.49,0.85,86.79,71.55
Q-BATCH-2422,Onion,14.39,71.03,5.85,3.58,86.21,79.47
Q-BATCH-2423,Onion,6.48,40.4,10.87,6.16,84.1,53.3
Q-BATCH-2424,Onion,18.1,42.82,11.57,5.23,68.28,41.49
Q-BATCH-2425,Potato,15.45,64.69,1.65,4.4,85.7,51.82
Q-BATCH-2426,Potato,4.54,58.83,3.32,2.82,81.09,86.46
Q-BATCH-2427,Mango,9.43,71.03,7.91,3.08,68.91,70.71
Q-BATCH-2428,Potato,23.13,93.29,5.49,3.48,90.17,10.0
Q-BATCH-2429,Onion,15.56,48.51,6.96,1.0,82.22,81.1
Q-BATCH-2430,Banana,14.47,76.93,7.66,5.22,75.82,65.78
Q-BATCH-2431,Potato,6.46,92.92,10.38,5.33,86.43,70.25
Q-BATCH-2432,Potato,28.61,80.27,9.0,4.0,,10.0
Q-BATCH-2433,Tomato,27.15,85.14,10.89,3.34,83.13,10.0
Q-BATCH-2434,Tomato,16.62,41.09,9.82,2.27,68.5,21.85
Q-BATCH-2435,Onion,7.01,53.04,11.27,4.63,70.97,66.32
Q-BATCH-2436,Onion,23.68,59.07,11.75,4.32,90.11,10.0
Q-BATCH-2437,Potato,8.71,89.55,5.16,5.85,79.37,76.76
Q-BATCH-2438,Banana,30.42,96.13,4.32,0.71,80.16,10.0
Q-BATCH-2439,Tomato,13.43,83.55,10.72,3.94,77.62,56.09
Q-BATCH-2440,Onion,17.38,97.76,3.17,2.79,,81.66
Q-BATCH-2441,Onion,15.63,71.18,10.67,6.93,90.62,57.56
Q-BATCH-2442,Banana,21.69,50.36,3.84,6.95,85.99,10.0
Q-BATCH-2443,Banana,10.75,92.23,8.15,2.79,85.8,73.02
Q-BATCH-2444,Potato,10.98,63.43,7.53,3.96,72.73,64.49
Q-BATCH-2445,Tomato,12.94,70.89,13.01,1.65,77.53,53.69
Q-BATCH-2446,Mango,34.2,63.8,5.98,4.75,81.71,10.0
Q-BATCH-2447,Onion,21.69,63.71,7.54,1.02,,61.9
Q-BATCH-2448,Tomato,6.82,61.48,8.4,3.57,88.85,72.1
Q-BATCH-2449,Onion,32.31,66.55,7.65,1.75,71.46,10.0
Q-BATCH-2450,Tomato,31.73,52.01,5.2,2.4,71.62,10.0
Q-BATCH-2451,Tomato,19.51,46.45,11.36,6.82,73.94,10.0
Q-BATCH-2452,Tomato,6.17,83.42,4.18,5.19,75.97,78.35
Q-BATCH-2453,Banana,16.93,55.08,12.21,0.96,68.27,45.43
Q-BATCH-2454,Onion,29.66,43.47,10.29,3.35,87.36,10.0
Q-BATCH-2455,Mango,19.86,77.68,5.72,5.16,68.35,19.7
Q-BATCH-2456,Potato,28.54,81.88,10.85,4.27,82.73,10.0
Q-BATCH-2457,Tomato,7.01,77.24,11.34,1.87,89.28,69.48
Q-BATCH-2458,Tomato,25.37,59.18,10.84,2.73,71.96,10.0
Q-BATCH-2459,Mango,12.94,52.82,10.9,1.46,74.79,67.34
Q-BATCH-2460,Tomato,26.11,79.05,8.38,2.48,86.74,10.0
Q-BATCH-2461,Onion,23.74,41.62,4.8,3.0,73.18,50.02
Q-BATCH-2462,Potato,30.98,69.98,5.73,3.81,89.3,10.0
Q-BATCH-2463,Tomato,20.22,61.92,8.63,3.76,82.51,10.0
Q-BATCH-2464,Banana,4.44,94.92,3.28,6.33,73.35,73.54
Q-BATCH-2465,Potato,7.71,51.42,8.91,5.24,80.37,66.14
Q-BATCH-2466,Mango,28.28,70.4,11.92,6.0,70.47,10.0
Q-BATCH-2467,Banana,19.73,55.75,9.14,6.69,87.86,10.0
Q-BATCH-2468,Mango,21.57,54.38,13.62,0.86,84.96,10.0
Q-BATCH-2469,Tomato,9.5,96.8,3.97,5.16,72.49,81.91
Q-BATCH-2470,Mango,13.39,52.05,12.78,1.36,85.57,64.36
Q-BATCH-2471,Mango,13.88,76.77,7.98,5.58,68.14,60.39
Q-BATCH-2472,Tomato,22.55,57.4,2.3,4.33,,16.61
Q-BATCH-2473,Mango,23.92,74.16,10.36,3.38,85.4,10.0
Q-BATCH-2474,Potato,19.27,50.24,10.81,4.41,78.88,10.0
Q-BATCH-2475,Potato,14.58,79.31,4.43,3.96,81.9,51.79
Q-BATCH-2476,Tomato,34.2,67.29,7.34,2.57,66.77,10.0
Q-BATCH-2477,Potato,14.62,79.84,2.23,6.1,70.23,51.34
Q-BATCH-2478,Tomato,13.92,70.76,3.77,3.76,73.1,70.41
Q-BATCH-2479,Onion,9.95,62.98,9.73,2.6,69.26,73.11
Q-BATCH-2480,Potato,24.26,85.75,13.44,6.88,72.27,10.0
Q-BATCH-2481,Banana,15.49,57.76,13.15,5.92,87.39,31.28
Q-BATCH-2482,Potato,16.93,84.21,6.53,3.06,91.15,34.97
Q-BATCH-2483,Tomato,4.6,80.85,13.67,5.49,84.35,54.85
Q-BATCH-2484,Potato,15.85,72.37,1.31,3.28,86.53,69.72
Q-BATCH-2485,Banana,11.54,58.88,12.13,1.19,84.47,66.09
Q-BATCH-2486,Mango,33.75,80.98,11.16,3.04,91.65,10.0
Q-BATCH-2487,Mango,12.56,61.43,2.32,4.66,68.0,73.39
Q-BATCH-2488,Mango,16.83,48.8,5.22,5.54,73.07,42.01
Q-BATCH-2489,Mango,20.94,78.32,6.7,2.63,87.07,32.92
Q-BATCH-2490,Tomato,28.36,81.26,11.04,0.94,88.04,10.0
Q-BATCH-2491,Banana,13.96,53.21,10.71,1.9,70.37,74.39
Q-BATCH-2492,Potato,4.72,46.91,4.32,5.36,75.7,71.76
Q-BATCH-2493,Mango,34.68,61.66,11.81,0.89,91.88,10.0
Q-BATCH-2494,Potato,21.82,76.79,11.27,3.7,80.26,10.0
Q-BATCH-2495,Mango,30.24,45.09,7.91,5.69,81.47,10.0
Q-BATCH-2496,Mango,12.58,66.17,10.97,3.3,84.95,72.1
Q-BATCH-2497,Mango,18.08,85.3,3.36,4.24,90.61,65.6
Q-BATCH-2498,Banana,29.67,41.09,8.47,0.54,76.53,10.0
Q-BATCH-2499,Tomato,20.5,77.91,8.6,5.49,87.18,10.0
