batch_id,crop_type,current_days_since_harvest,remaining_transport_time,current_temperature,temperature_variance,humidity,num_temperature_breaches,is_spoiled
EX-1500,Mango,1.4,2.3,11.92,6.02,79.25,4,0
EX-1501,Mango,9.3,0.7,7.9,2.24,74.92,4,0
EX-1502,Tomato,11.0,5.1,18.01,3.87,56.14,6,1
EX-1503,Mango,11.6,1.5,18.1,2.58,52.49,6,1
EX-1504,Potato,2.4,3.0,16.13,3.08,55.34,0,0
EX-1505,Banana,8.5,6.8,16.73,4.64,88.11,4,1
EX-1506,Potato,9.1,5.1,6.42,2.21,56.78,0,0
EX-1507,Tomato,13.1,3.0,19.06,6.76,49.43,2,0
EX-1508,Tomato,10.4,5.1,26.19,1.04,76.83,4,1
EX-1509,Tomato,3.3,3.0,35.68,5.3,72.3,5,1
EX-1510,Potato,12.8,5.5,12.1,0.74,58.3,2,0
EX-1511,Mango,4.0,6.6,32.17,2.86,78.02,3,0
EX-1512,Banana,3.0,1.4,28.09,4.54,83.33,3,0
EX-1513,Onion,6.6,1.9,35.92,4.32,45.27,0,0
EX-1514,Mango,3.1,1.5,26.09,4.97,62.32,4,1
EX-1515,Banana,8.4,6.8,31.68,0.59,81.8,5,1
EX-1516,Onion,11.5,5.5,15.55,2.7,49.17,0,0
EX-1517,Potato,14.6,5.5,20.74,1.3,76.27,6,1
EX-1518,Onion,9.5,1.5,28.64,4.55,85.16,4,0
EX-1519,Mango,9.4,3.7,8.47,3.22,97.15,6,0
EX-1520,Potato,4.4,2.1,22.59,1.09,82.45,6,1
EX-1521,Mango,14.7,4.0,8.9,5.45,94.92,1,0
EX-1522,Potato,8.4,4.4,34.9,7.47,83.81,5,1
EX-1523,Tomato,11.0,3.1,25.82,3.3,92.18,3,1
EX-1524,Mango,4.5,0.9,5.65,4.65,74.13,0,0
EX-1525,Mango,10.9,0.9,7.09,0.74,59.16,4,0
EX-1526,Tomato,4.9,3.7,21.72,5.93,91.18,4,1
EX-1527,Banana,4.4,3.6,17.62,1.21,78.22,2,0
EX-1528,Banana,6.8,6.1,6.68,5.4,77.48,0,0
EX-1529,Banana,11.2,5.7,8.39,1.94,71.1,1,0
EX-1530,Banana,3.6,3.5,32.11,1.07,86.87,6,1
EX-1531,Onion,2.4,4.7,21.76,0.61,45.41,6,0
EX-1532,Tomato,3.3,3.7,11.63,3.51,43.4,3,0
EX-1533,Mango,14.8,2.2,29.31,3.91,64.53,5,1
EX-1534,Onion,10.3,3.7,10.89,2.13,43.39,5,1
EX-1535,Onion,1.9,2.5,6.55,4.08,93.32,4,0
EX-1536,Tomato,1.8,3.8,31.39,1.01,43.94,6,1
EX-1537,Tomato,6.7,6.6,22.66,4.84,42.31,0,0
EX-1538,Banana,10.2,4.2,14.81,2.46,78.84,2,0
EX-1539,Tomato,4.7,1.4,25.01,3.93,93.88,0,0
EX-1540,Mango,7.4,7.0,35.88,1.05,52.36,2,1
EX-1541,Tomato,14.1,6.2,32.26,3.27,49.15,6,1
EX-1542,Onion,10.8,4.5,35.6,5.4,40.45,6,1
EX-1543,Onion,5.2,4.8,34.11,1.51,46.69,0,0
EX-1544,Onion,3.2,2.3,11.53,3.07,79.87,6,0
EX-1545,Potato,8.1,2.1,33.15,0.88,76.79,6,1
EX-1546,Potato,1.6,2.7,9.06,7.85,49.37,3,0
EX-1547,Onion,10.9,4.1,8.47,7.59,80.08,1,0
EX-1548,Onion,1.5,2.9,22.13,3.72,42.43,2,0
EX-1549,Mango,13.6,1.9,12.74,1.27,85.25,6,0
EX-1550,Banana,14.6,5.4,33.7,2.28,49.43,6,1
EX-1551,Tomato,13.3,0.7,27.83,2.99,93.99,6,1
EX-1552,Tomato,4.7,5.6,8.35,7.04,89.8,1,0
EX-1553,Tomato,12.4,3.5,14.46,6.47,53.2,0,0
EX-1554,Tomato,6.6,2.3,7.15,6.3,60.37,4,0
EX-1555,Banana,10.5,6.0,15.27,0.71,90.87,2,0
EX-1556,Tomato,9.1,6.9,6.19,4.97,60.05,6,1
EX-1557,Potato,7.1,6.9,8.59,7.25,51.02,0,0
EX-1558,Banana,1.0,6.5,21.69,5.9,83.03,5,1
EX-1559,Tomato,6.1,1.0,25.59,2.98,58.21,6,1
EX-1560,Mango,11.1,2.5,14.59,3.56,63.34,2,0
EX-1561,Onion,2.8,3.2,34.15,5.58,92.36,4,1
EX-1562,Onion,5.2,4.1,5.01,2.65,64.93,4,0
EX-1563,Onion,10.2,3.5,18.71,2.1,67.44,6,0
EX-1564,Tomato,10.2,2.3,25.58,5.14,45.42,6,1
EX-1565,Tomato,10.4,2.0,11.17,0.68,54.2,3,0
EX-1566,Onion,12.9,1.0,17.85,5.22,51.28,5,0
EX-1567,Banana,7.9,2.1,25.34,0.54,83.56,6,1
EX-1568,Mango,11.9,1.9,29.93,5.72,66.94,4,1
EX-1569,Tomato,13.8,1.3,9.13,3.98,70.81,4,1
EX-1570,Onion,5.4,5.4,18.72,6.61,91.74,3,0
EX-1571,Onion,7.2,1.5,31.71,3.88,83.6,6,1
EX-1572,Potato,11.7,3.9,24.43,2.56,44.49,2,1
EX-1573,Tomato,4.8,2.6,21.74,1.54,53.41,5,0
EX-1574,Tomato,10.9,0.9,17.64,4.57,64.11,1,0
EX-1575,Banana,6.5,5.5,34.33,0.65,91.08,4,1
EX-1576,Banana,7.7,6.6,14.26,3.42,91.72,6,0
EX-1577,Banana,8.5,5.3,29.8,7.23,68.32,2,1
EX-1578,Banana,7.8,3.0,25.74,6.49,82.0,6,1
EX-1579,Banana,13.9,6.9,21.56,7.3,74.33,5,1
EX-1580,Mango,2.2,3.3,31.87,1.86,55.09,2,0
EX-1581,Tomato,7.4,2.7,32.27,2.59,95.17,3,1
EX-1582,Potato,12.7,3.6,28.22,0.89,95.21,1,1
EX-1583,Mango,11.9,4.7,28.38,7.62,51.56,0,1
EX-1584,Onion,3.1,1.3,25.75,4.73,52.64,5,0
EX-1585,Potato,11.7,1.6,23.82,6.11,46.64,6,1
EX-1586,Tomato,14.5,1.2,5.8,2.84,79.29,3,0
EX-1587,Banana,14.2,1.8,23.36,6.73,54.09,5,1
EX-1588,Potato,12.9,4.4,8.75,7.88,85.39,2,0
EX-1589,Onion,7.0,2.9,20.68,3.06,89.28,6,0
EX-1590,Banana,2.5,6.7,24.7,6.72,81.02,3,1
EX-1591,Tomato,11.3,6.8,13.37,6.56,71.21,3,1
EX-1592,Banana,7.1,5.3,13.32,6.89,88.18,0,0
EX-1593,Potato,13.3,2.1,19.41,5.08,61.98,0,0
EX-1594,Banana,12.9,1.7,11.58,6.48,59.74,4,1
EX-1595,Potato,8.8,3.9,10.92,2.31,63.57,4,0
EX-1596,Tomato,10.7,4.7,20.22,6.45,45.4,1,0
EX-1597,Banana,10.7,2.5,23.03,4.05,70.79,3,1
EX-1598,Onion,5.6,5.1,13.4,2.39,47.0,1,0
EX-1599,Potato,2.7,4.0,28.63,1.89,52.55,3,1
EX-1600,Potato,11.1,6.8,21.26,2.62,45.83,1,0
EX-1601,Potato,4.2,1.7,5.44,4.51,55.91,0,0
EX-1602,Onion,5.1,6.6,24.77,6.15,45.95,0,0
EX-1603,Onion,5.0,3.6,15.56,7.74,54.64,6,0
EX-1604,Banana,2.6,0.9,20.24,4.83,79.81,1,0
EX-1605,Tomato,12.4,6.7,7.64,2.36,72.37,3,0
EX-1606,Onion,9.3,4.5,29.05,3.35,92.69,2,0
EX-1607,Onion,14.9,2.5,24.25,5.07,82.93,6,0
EX-1608,Tomato,9.8,2.2,7.52,2.3,72.02,1,0
EX-1609,Mango,6.7,5.0,19.57,0.74,56.71,2,0
EX-1610,Banana,2.0,2.0,13.2,6.43,74.21,6,0
EX-1611,Tomato,7.0,4.0,25.08,7.31,87.94,0,0
EX-1612,Mango,3.3,2.5,28.22,4.77,56.74,0,1
EX-1613,Banana,10.6,5.0,34.22,4.25,68.64,0,1
EX-1614,Onion,1.6,3.3,14.99,2.38,45.3,5,0
EX-1615,Onion,9.2,0.6,28.71,6.66,73.42,6,0
EX-1616,Tomato,7.6,4.7,33.4,1.86,73.95,5,1
EX-1617,Banana,14.6,3.6,17.66,2.91,46.07,1,0
EX-1618,Potato,6.8,3.7,25.54,3.5,84.11,0,1
EX-1619,Banana,2.2,2.1,8.59,6.29,90.16,6,0
EX-1620,Mango,10.2,4.0,17.81,1.91,60.98,6,0
EX-1621,Banana,9.8,5.4,11.31,4.62,93.81,3,1
EX-1622,Banana,2.7,6.8,23.88,2.29,49.19,4,1
EX-1623,Mango,8.7,1.1,35.76,7.35,66.76,0,1
EX-1624,Tomato,8.0,5.2,20.78,2.55,88.41,3,0
EX-1625,Tomato,7.4,1.4,10.91,5.0,83.28,1,0
EX-1626,Mango,4.9,5.6,17.86,7.51,69.45,6,0
EX-1627,Mango,5.0,2.4,23.2,7.99,68.4,1,1
EX-1628,Banana,8.5,2.7,22.11,4.58,66.41,2,0
EX-1629,Tomato,14.7,2.1,16.87,6.92,63.82,2,0
EX-1630,Banana,10.9,5.8,16.97,5.48,87.6,1,0
EX-1631,Banana,14.5,1.3,34.93,2.99,45.82,6,1
EX-1632,Banana,2.4,6.4,5.48,1.58,90.51,1,0
EX-1633,Mango,7.6,6.8,15.5,5.7,77.69,6,1
EX-1634,Potato,12.9,6.1,16.78,2.87,81.69,6,0
EX-1635,Banana,13.2,0.7,7.12,5.23,93.41,1,0
EX-1636,Mango,7.1,1.1,24.65,7.04,65.73,5,1
EX-1637,Potato,13.6,0.8,29.68,2.7,61.74,1,1
EX-1638,Tomato,8.4,4.2,29.57,1.77,44.58,6,1
EX-1639,Banana,9.7,2.1,33.3,1.57,66.75,2,0
EX-1640,Banana,4.6,0.6,29.94,7.26,79.3,1,0
EX-1641,Mango,7.2,2.7,23.21,5.29,64.61,2,0
EX-1642,Banana,12.8,1.8,16.93,4.12,53.76,4,0
EX-1643,Potato,9.0,7.0,14.15,7.83,78.18,2,0
EX-1644,Mango,8.9,5.0,28.08,0.87,75.17,3,1
EX-1645,Potato,11.9,2.0,29.86,2.14,51.03,2,1
EX-1646,Tomato,9.8,6.4,25.04,2.82,65.57,4,1
EX-1647,Potato,11.3,1.1,14.15,6.11,50.19,1,0
EX-1648,Onion,13.3,2.9,20.56,2.54,49.54,6,0
EX-1649,Banana,14.5,2.4,31.98,6.53,67.16,0,1
EX-1650,Tomato,11.6,2.0,25.97,5.56,63.05,6,1
EX-1651,Onion,6.1,5.6,5.43,4.52,66.38,5,0
EX-1652,Potato,9.2,5.8,34.15,1.31,53.56,0,1
EX-1653,Onion,13.4,4.1,33.37,2.16,43.67,6,1
EX-1654,Banana,13.7,2.5,17.66,1.55,94.88,2,1
EX-1655,Banana,2.6,2.0,21.66,3.41,61.52,5,0
EX-1656,Onion,6.9,5.3,9.79,3.61,45.74,3,0
EX-1657,Onion,6.7,6.7,6.01,3.28,65.72,1,0
EX-1658,Potato,2.4,5.0,21.88,7.83,60.8,3,1
EX-1659,Potato,3.7,1.3,31.29,3.91,78.44,5,1
EX-1660,Onion,14.6,0.8,15.34,7.92,85.64,1,0
EX-1661,Mango,12.6,4.1,23.18,6.6,53.51,6,1
EX-1662,Tomato,12.0,4.4,13.6,7.88,97.28,4,0
EX-1663,Potato,12.2,1.2,31.86,1.49,60.78,6,1
EX-1664,Tomato,9.2,0.6,13.23,1.45,64.42,0,0
EX-1665,Mango,7.7,5.6,20.91,1.32,69.22,4,1
EX-1666,Mango,11.2,6.4,25.43,2.76,77.31,0,0
EX-1667,Mango,15.0,6.0,18.21,1.31,81.32,3,0
EX-1668,Mango,13.6,2.6,9.6,1.45,76.21,4,0
EX-1669,Onion,11.0,3.0,23.52,2.71,69.32,3,0
EX-1670,Mango,12.1,1.2,25.3,7.08,71.98,6,1
EX-1671,Tomato,7.0,6.3,17.83,6.71,63.13,5,1
EX-1672,Mango,5.4,2.5,12.9,7.65,79.84,3,0
EX-1673,Mango,2.3,1.1,18.39,6.08,61.61,1,0
EX-1674,Onion,1.8,6.7,22.41,5.53,63.83,6,0
EX-1675,Banana,13.2,5.2,35.02,5.0,60.4,4,1
EX-1676,Onion,4.0,4.8,11.95,1.31,89.03,2,0
EX-1677,Mango,11.7,4.2,30.02,6.84,96.52,6,1
EX-1678,Onion,9.6,4.7,5.81,7.47,88.11,2,0
EX-1679,Mango,3.5,5.1,14.58,3.05,40.35,6,0
EX-1680,Tomato,8.9,3.1,9.4,5.25,41.78,5,0
EX-1681,Onion,4.0,3.2,15.57,3.28,81.85,6,0
EX-1682,Onion,9.3,6.2,9.82,6.16,42.89,0,0
EX-1683,Potato,7.2,3.3,23.82,3.61,52.5,4,0
EX-1684,Mango,5.8,1.2,26.02,4.95,70.56,2,0
EX-1685,Mango,4.1,6.9,6.7,2.03,94.83,6,0
EX-1686,Tomato,11.7,2.4,8.72,4.23,64.98,1,0
EX-1687,Banana,8.5,2.0,22.32,5.51,60.54,3,1
EX-1688,Mango,7.1,3.5,7.41,2.85,64.9,3,0
EX-1689,Banana,5.1,3.1,34.95,1.79,94.96,3,1
EX-1690,Potato,2.2,6.0,12.54,4.92,70.39,3,0
EX-1691,Potato,11.4,1.9,29.15,1.07,76.73,4,1
EX-1692,Onion,3.7,5.5,15.88,7.69,77.44,1,0
EX-1693,Tomato,2.4,2.2,10.38,1.65,84.03,0,0
EX-1694,Tomato,14.3,4.6,19.38,4.73,73.61,5,1
EX-1695,Onion,10.0,6.9,15.02,7.78,58.34,3,0
EX-1696,Mango,7.6,4.6,29.69,4.94,60.41,0,0
EX-1697,Potato,7.5,0.7,16.43,2.65,77.39,6,0
EX-1698,Mango,9.6,3.8,19.34,4.66,85.93,0,0
EX-1699,Banana,13.7,4.2,10.84,5.04,69.08,0,0
EX-1700,Banana,2.4,6.3,15.65,5.86,69.26,1,0
EX-1701,Mango,4.5,3.3,18.62,4.42,49.21,2,0
EX-1702,Potato,6.4,5.5,26.05,0.89,76.59,2,0
EX-1703,Mango,5.6,4.1,16.98,2.39,89.39,4,1
EX-1704,Tomato,5.7,4.3,9.38,3.12,96.13,5,0
EX-1705,Banana,2.8,5.1,7.63,4.69,77.32,2,0
EX-1706,Tomato,10.4,5.9,27.9,5.64,70.53,5,1
EX-1707,Banana,8.1,0.6,14.57,7.63,59.82,6,0
EX-1708,Banana,3.7,7.0,9.8,2.72,85.71,4,0
EX-1709,Onion,12.7,6.2,6.17,3.03,84.45,1,0
EX-1710,Onion,6.3,1.6,30.77,6.28,86.92,1,0
EX-1711,Banana,1.6,2.9,27.31,7.77,75.41,6,1
EX-1712,Banana,4.3,2.1,34.93,6.38,92.43,1,1
EX-1713,Potato,10.5,4.2,18.66,6.27,85.13,4,1
EX-1714,Onion,6.9,1.6,11.19,5.03,90.63,0,0
EX-1715,Banana,13.2,4.1,8.18,6.84,89.37,2,0
EX-1716,Mango,11.7,2.3,33.06,1.61,65.37,1,1
EX-1717,Banana,13.4,6.5,17.86,3.47,61.69,3,0
EX-1718,Mango,6.2,0.7,33.86,6.79,77.7,6,1
EX-1719,Tomato,2.9,2.4,30.72,5.72,48.05,5,1
EX-1720,Banana,7.3,0.5,7.46,2.42,88.43,4,0
EX-1721,Onion,8.4,1.2,13.93,2.76,42.77,3,0
EX-1722,Onion,7.4,1.2,33.06,4.98,40.95,4,1
EX-1723,Onion,4.4,1.4,18.31,5.11,53.95,3,0
EX-1724,Tomato,10.3,1.1,35.21,1.01,70.51,4,1
EX-1725,Onion,8.8,3.0,19.57,5.27,96.9,2,0
EX-1726,Mango,6.0,0.9,12.47,5.43,46.01,4,1
EX-1727,Potato,2.9,2.8,15.49,5.32,88.16,5,0
EX-1728,Banana,14.7,3.6,10.65,1.51,81.53,3,1
EX-1729,Mango,5.1,0.8,11.18,0.81,94.14,4,0
EX-1730,Banana,14.8,4.0,12.85,6.15,51.08,2,1
EX-1731,Mango,13.1,2.7,8.86,3.26,91.59,5,0
EX-1732,Banana,13.5,3.0,35.19,4.22,68.86,6,1
EX-1733,Onion,4.7,1.0,18.16,3.73,97.72,1,0
EX-1734,Onion,5.1,1.2,15.17,2.72,65.86,5,0
EX-1735,Banana,3.3,3.4,18.86,5.95,92.87,4,1
EX-1736,Banana,4.8,6.9,34.39,1.06,76.98,2,1
EX-1737,Onion,12.2,4.9,34.54,1.57,75.24,6,1
EX-1738,Banana,1.5,0.9,29.13,3.25,62.21,4,1
EX-1739,Mango,9.5,4.9,34.41,3.29,84.26,4,1
EX-1740,Tomato,8.4,3.1,25.14,2.37,46.58,5,1
EX-1741,Tomato,8.0,3.0,22.41,2.46,55.1,3,0
EX-1742,Tomato,14.9,2.4,33.41,4.18,47.11,6,1
EX-1743,Mango,7.3,6.3,18.8,1.16,79.55,6,1
EX-1744,Potato,10.3,5.1,22.05,2.68,57.4,1,0
EX-1745,Tomato,12.1,3.8,8.76,2.01,48.05,6,0
EX-1746,Banana,1.4,4.1,16.44,6.53,72.0,4,0
EX-1747,Mango,1.9,3.1,27.22,4.09,63.83,3,0
EX-1748,Onion,2.0,6.8,24.91,3.87,79.45,2,0
EX-1749,Tomato,13.3,5.6,24.83,1.86,96.04,3,1
EX-1750,Onion,13.7,0.9,8.85,1.65,49.55,2,0
EX-1751,Tomato,5.8,6.6,32.74,6.84,54.54,5,1
EX-1752,Onion,4.8,4.6,24.05,1.2,77.18,4,0
EX-1753,Onion,3.2,4.8,27.34,5.04,88.87,4,0
EX-1754,Mango,12.6,0.7,6.41,5.31,73.45,5,0
EX-1755,Tomato,11.7,3.2,24.81,4.24,76.38,2,1
EX-1756,Potato,7.8,5.7,26.23,2.73,44.23,0,1
EX-1757,Tomato,7.2,3.6,11.32,5.05,58.13,5,0
EX-1758,Potato,11.3,6.1,35.24,1.48,61.49,4,1
EX-1759,Mango,5.5,3.5,13.29,2.36,45.62,2,0
EX-1760,Banana,13.1,3.2,34.84,7.27,87.18,4,1
EX-1761,Potato,3.7,1.5,35.88,4.0,90.99,3,0
EX-1762,Mango,2.3,3.1,19.17,2.31,73.83,0,0
EX-1763,Mango,4.9,4.4,31.13,5.54,56.57,0,1
EX-1764,Mango,7.0,6.2,27.55,6.23,61.22,3,1
EX-1765,Mango,9.0,1.8,22.15,1.05,69.25,6,1
EX-1766,Onion,4.9,6.9,26.09,1.39,96.55,3,0
EX-1767,Potato,12.1,2.7,34.11,6.16,51.55,4,1
EX-1768,Banana,8.0,0.8,9.25,3.0,67.48,3,0
EX-1769,Tomato,9.5,3.9,15.17,5.1,49.43,4,0
EX-1770,Potato,9.3,3.8,20.8,4.17,72.65,3,1
EX-1771,Mango,6.2,4.9,35.38,4.88,86.21,5,1
EX-1772,Mango,9.4,2.2,25.32,7.79,73.55,1,0
EX-1773,Mango,9.2,1.6,24.5,5.15,88.79,1,1
EX-1774,Tomato,1.4,6.7,8.41,0.64,58.19,1,0
EX-1775,Banana,10.7,3.2,29.02,7.4,90.62,5,1
EX-1776,Mango,10.9,3.9,22.39,7.99,67.75,3,1
EX-1777,Potato,14.4,3.5,21.53,4.6,79.2,6,1
EX-1778,Potato,9.5,1.7,12.64,4.69,53.04,2,0
EX-1779,Potato,10.9,5.0,20.16,4.1,72.51,6,1
EX-1780,Potato,5.0,4.2,21.84,7.22,62.88,2,1
EX-1781,Tomato,5.1,2.4,27.14,3.1,65.66,2,1
EX-1782,Banana,4.0,5.9,13.41,4.72,55.75,0,0
EX-1783,Onion,11.4,2.1,6.57,7.29,53.09,1,0
EX-1784,Mango,2.4,2.6,19.64,5.61,47.97,4,0
EX-1785,Tomato,6.7,6.6,32.23,4.08,51.57,2,1
EX-1786,Potato,5.0,0.9,28.83,5.39,53.47,5,1
EX-1787,Mango,13.8,1.6,32.35,1.82,93.34,6,1
EX-1788,Banana,12.0,1.7,28.22,7.04,56.79,0,1
EX-1789,Mango,5.2,4.4,33.78,3.01,66.35,5,1
EX-1790,Onion,8.3,6.3,9.16,4.28,55.82,6,0
EX-1791,Mango,5.6,5.3,25.1,5.89,40.82,2,1
EX-1792,Potato,8.9,5.4,10.44,6.92,92.03,6,1
EX-1793,Banana,8.2,1.1,25.75,1.89,48.16,2,0
EX-1794,Tomato,1.1,3.0,18.85,2.5,59.12,4,0
EX-1795,Onion,1.2,4.7,26.48,0.97,46.86,2,0
EX-1796,Tomato,6.7,3.8,32.75,5.78,58.04,0,1
EX-1797,Potato,6.1,1.9,34.68,4.09,66.39,4,1
EX-1798,Potato,6.8,4.1,19.6,4.53,78.52,1,0
EX-1799,Tomato,10.5,4.4,29.41,4.44,70.63,2,1
EX-1800,Mango,13.8,1.2,30.69,7.27,51.73,4,1
EX-1801,Tomato,3.3,6.1,18.7,5.6,81.58,3,0
EX-1802,Mango,13.6,3.4,6.72,1.49,64.09,4,0
EX-1803,Mango,8.8,4.9,14.55,0.66,54.76,0,0
EX-1804,Tomato,9.1,0.8,15.68,0.98,97.66,0,0
EX-1805,Banana,1.4,3.2,28.84,6.24,96.74,5,0
EX-1806,Banana,6.2,6.3,18.9,7.38,61.89,0,0
EX-1807,Onion,2.9,6.1,8.68,7.95,62.8,1,0
EX-1808,Tomato,12.7,5.4,35.33,3.97,81.71,3,1
EX-1809,Onion,6.3,2.0,19.28,1.66,50.93,5,0
EX-1810,Mango,1.5,4.8,24.06,7.52,91.56,1,0
EX-1811,Tomato,1.9,4.4,18.84,5.54,90.59,1,0
EX-1812,Mango,6.6,2.0,11.74,6.98,43.27,4,0
EX-1813,Potato,4.3,6.5,22.86,4.83,84.81,6,0
EX-1814,Potato,4.3,6.2,35.56,4.41,63.99,2,1
EX-1815,Mango,8.8,4.3,27.79,1.81,79.37,4,1
EX-1816,Banana,1.7,2.7,24.94,3.36,70.42,5,1
EX-1817,Banana,6.7,2.4,10.7,4.53,53.98,1,0
EX-1818,Potato,13.0,1.4,19.35,0.93,63.94,3,0
EX-1819,Onion,8.4,3.0,12.9,2.98,44.59,3,0
EX-1820,Potato,2.3,5.2,10.9,2.51,79.07,4,0
EX-1821,Mango,13.2,1.7,28.61,5.93,72.41,3,1
EX-1822,Tomato,13.2,2.7,34.67,0.62,94.36,5,1
EX-1823,Mango,11.5,5.4,33.35,5.72,80.82,3,1
EX-1824,Tomato,8.7,5.5,16.8,4.5,60.84,2,1
EX-1825,Potato,8.2,3.7,8.06,7.86,67.23,6,1
EX-1826,Potato,13.8,2.9,17.83,4.72,52.83,1,0
EX-1827,Mango,4.7,6.6,22.95,3.63,48.84,2,0
EX-1828,Tomato,6.3,5.9,20.48,5.41,79.72,2,0
EX-1829,Banana,14.5,4.7,20.21,1.76,86.11,1,0
EX-1830,Tomato,11.1,3.7,33.42,4.57,77.22,0,1
EX-1831,Onion,1.5,6.0,34.3,5.51,84.33,3,0
EX-1832,Tomato,12.8,2.0,26.92,0.57,69.33,2,1
EX-1833,Mango,9.6,4.8,24.11,4.12,68.3,0,0
EX-1834,Onion,8.7,0.6,21.41,2.56,96.69,0,0
EX-1835,Onion,12.4,4.9,29.99,7.32,46.21,0,0
EX-1836,Onion,3.1,1.7,21.32,6.61,55.5,3,0
EX-1837,Mango,6.2,3.1,22.52,7.93,53.1,5,1
EX-1838,Mango,10.2,6.1,28.55,1.2,62.0,4,1
EX-1839,Banana,1.8,0.6,10.31,4.25,65.17,6,0
EX-1840,Potato,8.9,6.1,7.96,4.46,42.47,1,0
EX-1841,Onion,7.7,0.8,7.3,7.44,92.16,4,0
EX-1842,Mango,3.5,6.0,5.49,2.05,48.36,6,0
EX-1843,Banana,14.0,2.4,22.48,4.75,89.27,5,1
EX-1844,Onion,5.6,5.4,9.34,7.91,82.0,4,0
EX-1845,Potato,1.8,3.3,31.0,3.05,84.6,4,1
EX-1846,Banana,14.6,2.6,24.66,6.38,66.13,1,1
EX-1847,Potato,8.7,2.9,10.76,4.89,62.04,6,0
EX-1848,Onion,5.1,2.1,7.28,2.51,62.04,6,0
EX-1849,Tomato,11.4,2.6,8.3,0.54,57.88,2,0
EX-1850,Potato,2.4,1.1,18.36,4.68,69.72,0,0
EX-1851,Mango,2.3,4.1,23.5,6.38,90.1,0,0
EX-1852,Potato,6.8,5.6,27.47,4.7,97.58,1,0
EX-1853,Onion,8.3,5.0,10.25,2.52,55.57,1,0
EX-1854,Mango,3.3,2.3,14.29,6.37,60.95,1,0
EX-1855,Banana,9.3,1.8,8.32,2.78,95.03,2,0
EX-1856,Onion,6.3,6.1,18.65,3.73,87.77,5,0
EX-1857,Onion,2.9,2.6,34.37,2.01,58.22,3,1
EX-1858,Potato,5.1,5.0,20.22,4.82,54.06,3,1
EX-1859,Potato,12.4,3.1,8.53,4.73,74.35,4,0
EX-1860,Tomato,10.5,4.1,34.54,3.96,81.09,3,1
EX-1861,Potato,12.6,0.9,31.28,6.46,79.03,1,1
EX-1862,Potato,4.4,4.8,27.17,6.42,44.29,4,1
EX-1863,Banana,9.2,4.0,33.63,7.02,64.26,0,1
EX-1864,Potato,10.8,5.8,23.41,7.36,46.34,1,0
EX-1865,Potato,3.3,4.5,22.46,5.34,77.51,6,1
EX-1866,Potato,14.5,3.3,5.33,2.44,69.62,4,1
EX-1867,Onion,9.1,4.2,18.82,3.43,84.8,4,0
EX-1868,Onion,3.1,7.0,19.97,2.72,93.39,0,0
EX-1869,Mango,12.6,5.2,15.8,3.07,85.49,4,0
EX-1870,Banana,5.9,1.1,27.38,3.89,43.9,0,0
EX-1871,Mango,1.3,2.7,8.39,6.5,93.94,5,0
EX-1872,Tomato,8.2,4.1,15.26,3.7,66.8,6,1
EX-1873,Banana,9.8,1.7,25.38,3.47,82.77,1,1
EX-1874,Banana,9.3,3.0,26.85,2.04,83.63,6,1
EX-1875,Mango,9.1,5.7,21.64,3.24,51.43,0,0
EX-1876,Potato,10.4,3.7,34.94,2.85,62.54,3,1
EX-1877,Onion,2.6,2.8,19.19,1.79,79.07,6,0
EX-1878,Potato,13.9,4.3,25.84,2.85,53.84,0,1
EX-1879,Tomato,6.2,1.4,17.04,4.97,73.34,3,0
EX-1880,Tomato,7.8,4.0,33.49,7.48,50.05,1,1
EX-1881,Banana,5.0,1.7,31.1,5.15,90.2,0,1
EX-1882,Banana,2.9,5.8,34.88,4.29,68.71,5,1
EX-1883,Banana,6.8,6.0,20.15,1.12,41.79,6,0
EX-1884,Tomato,5.1,2.3,21.67,1.76,66.52,5,0
EX-1885,Banana,8.7,1.2,8.54,6.31,87.75,2,0
EX-1886,Onion,12.5,0.8,27.29,4.6,97.41,0,0
EX-1887,Tomato,5.2,7.0,18.94,3.11,87.37,3,0
EX-1888,Mango,11.9,2.0,30.13,4.91,60.34,5,1
EX-1889,Onion,9.9,1.6,9.32,2.05,52.0,0,0
EX-1890,Onion,5.9,2.3,21.7,2.93,80.84,2,0
EX-1891,Onion,4.7,6.1,35.55,5.59,45.52,6,1
EX-1892,Banana,13.9,7.0,31.88,1.45,90.23,1,1
EX-1893,Tomato,11.0,5.9,28.61,5.57,68.39,4,1
EX-1894,Potato,9.8,2.9,7.34,6.46,84.6,3,0
EX-1895,Onion,11.5,5.0,32.2,3.91,68.31,4,0
EX-1896,Mango,13.2,6.0,7.89,7.79,76.82,5,0
EX-1897,Potato,12.9,5.7,17.33,7.76,87.84,3,1
EX-1898,Potato,5.5,2.3,21.97,1.48,89.44,6,1
EX-1899,Potato,13.5,5.5,6.42,5.2,88.53,0,0
EX-1900,Mango,14.0,1.5,19.15,7.94,64.81,5,1
EX-1901,Tomato,13.4,2.5,32.11,7.07,45.41,2,1
EX-1902,Potato,2.2,4.8,25.12,0.89,76.29,5,1
EX-1903,Tomato,7.0,1.1,7.95,2.1,44.52,4,0
EX-1904,Tomato,8.3,3.4,5.25,3.08,46.99,6,0
EX-1905,Banana,10.7,3.6,12.1,1.17,86.75,0,0
EX-1906,Potato,6.1,2.4,16.86,6.6,90.72,5,1
EX-1907,Tomato,2.0,4.2,23.92,1.73,60.37,1,0
EX-1908,Tomato,13.9,4.5,18.71,2.13,92.0,1,1
EX-1909,Mango,9.3,3.0,34.86,2.86,48.11,2,1
EX-1910,Mango,4.5,4.4,27.36,2.64,94.59,0,0
EX-1911,Potato,3.9,4.4,10.85,3.44,77.48,6,1
EX-1912,Tomato,7.9,1.2,20.49,4.95,70.64,0,1
EX-1913,Potato,14.1,1.4,31.69,4.76,61.19,5,1
EX-1914,Tomato,11.7,6.7,28.88,0.63,43.92,2,1
EX-1915,Tomato,1.6,0.9,29.47,4.3,76.46,4,1
EX-1916,Banana,6.9,3.1,24.86,4.53,48.86,0,0
EX-1917,Potato,2.1,6.5,35.2,1.67,58.95,4,1
EX-1918,Mango,5.3,3.3,34.56,2.29,54.18,3,1
EX-1919,Mango,7.3,4.5,14.59,6.06,82.96,0,0
EX-1920,Mango,10.9,5.1,10.08,7.65,70.33,6,0
EX-1921,Potato,3.3,1.3,29.21,2.52,91.41,6,1
EX-1922,Mango,5.7,3.3,21.24,2.47,96.55,5,1
EX-1923,Mango,7.9,3.8,6.72,6.95,49.68,1,0
EX-1924,Potato,11.8,6.3,25.9,1.37,82.97,0,0
EX-1925,Mango,13.0,0.6,6.43,3.23,93.37,1,0
EX-1926,Mango,8.7,6.4,27.96,3.65,58.66,3,1
EX-1927,Potato,4.8,1.0,16.56,4.27,92.31,1,0
EX-1928,Tomato,12.3,6.9,34.58,1.02,66.98,2,1
EX-1929,Potato,5.6,4.1,5.25,2.01,72.7,2,0
EX-1930,Onion,4.4,2.9,35.13,7.98,85.0,5,1
EX-1931,Onion,11.6,2.1,5.2,3.58,53.51,2,0
EX-1932,Mango,14.3,0.5,25.38,6.87,82.18,0,1
EX-1933,Tomato,8.4,2.0,20.25,0.95,97.82,5,1
EX-1934,Potato,2.3,6.5,32.82,4.4,80.65,2,1
EX-1935,Banana,14.6,1.1,7.96,1.5,87.56,0,0
EX-1936,Onion,8.9,3.3,34.89,2.28,55.14,2,0
EX-1937,Banana,10.8,5.3,14.86,2.54,44.33,1,0
EX-1938,Tomato,11.9,4.3,9.82,1.73,67.03,3,0
EX-1939,Mango,8.5,6.8,11.44,2.81,55.37,0,0
EX-1940,Mango,3.2,5.0,30.62,5.73,42.34,6,1
EX-1941,Potato,3.1,5.1,35.02,3.47,42.84,2,0
EX-1942,Potato,12.5,1.6,34.51,6.91,72.25,4,1
EX-1943,Tomato,2.3,1.2,29.61,1.41,43.58,6,1
EX-1944,Tomato,2.8,5.9,16.54,5.23,77.39,4,1
EX-1945,Onion,4.6,5.8,5.68,0.98,92.34,3,0
EX-1946,Tomato,2.3,6.0,30.08,1.42,94.65,0,1
EX-1947,Tomato,13.9,3.3,27.46,4.22,62.2,3,1
EX-1948,Tomato,6.0,6.4,13.52,3.85,48.62,4,0
EX-1949,Onion,9.6,4.7,20.47,7.12,67.78,0,0
EX-1950,Potato,6.4,3.2,24.92,6.48,54.45,6,1
EX-1951,Onion,12.1,6.9,29.24,3.19,71.58,3,0
EX-1952,Potato,13.8,3.8,17.04,1.85,58.49,1,0
EX-1953,Mango,13.5,5.6,6.82,7.94,70.71,6,0
EX-1954,Onion,15.0,6.8,8.1,5.43,55.46,6,0
EX-1955,Mango,11.7,6.7,22.85,7.87,62.53,6,1
EX-1956,Tomato,3.5,4.4,29.99,5.73,93.01,0,1
EX-1957,Potato,14.3,4.2,22.46,1.91,97.3,3,1
EX-1958,Onion,5.3,3.7,7.8,2.24,52.69,4,0
EX-1959,Banana,1.0,6.5,11.25,1.48,81.58,6,0
EX-1960,Potato,1.8,1.5,26.85,1.56,46.43,4,1
EX-1961,Potato,14.4,2.9,34.2,3.47,45.86,2,1
EX-1962,Potato,2.9,1.5,34.41,6.44,95.72,5,1
EX-1963,Potato,3.4,6.8,26.5,7.47,85.65,1,1
EX-1964,Onion,12.4,3.0,27.75,2.71,50.31,0,0
EX-1965,Onion,6.5,7.0,34.92,0.74,74.94,6,1
EX-1966,Onion,4.1,4.2,34.04,1.55,83.23,1,0
EX-1967,Potato,14.8,1.6,32.44,1.17,81.12,5,1
EX-1968,Potato,7.3,2.2,12.74,1.01,54.89,0,0
EX-1969,Mango,1.7,3.3,18.01,1.75,64.01,3,0
EX-1970,Potato,8.6,1.2,19.86,6.98,77.76,5,1
EX-1971,Tomato,3.3,1.0,31.22,2.71,58.49,0,1
EX-1972,Mango,5.8,6.3,9.99,1.06,94.63,0,0
EX-1973,Potato,9.3,4.5,19.96,0.73,94.66,1,0
EX-1974,Onion,13.5,1.5,8.14,2.04,51.02,5,0
EX-1975,Onion,11.1,5.2,13.22,2.61,53.78,0,0
EX-1976,Banana,9.0,6.0,9.76,3.21,64.8,2,0
EX-1977,Onion,7.7,1.1,11.42,5.29,96.67,3,0
EX-1978,Mango,5.3,3.1,20.16,5.46,45.29,4,1
EX-1979,Banana,3.6,6.3,16.45,3.84,55.27,3,0
EX-1980,Potato,4.2,2.2,6.91,6.14,78.71,0,0
EX-1981,Potato,12.3,3.2,28.45,2.21,43.54,3,1
EX-1982,Onion,6.9,4.0,31.87,4.06,91.14,3,0
EX-1983,Potato,2.1,6.4,27.14,4.27,92.23,6,1
EX-1984,Onion,10.5,4.5,8.73,6.18,50.03,1,0
EX-1985,Tomato,12.3,1.3,18.12,7.91,65.25,6,1
EX-1986,Tomato,12.7,2.2,33.23,7.36,43.89,3,1
EX-1987,Onion,6.6,2.6,13.56,3.94,90.66,6,0
EX-1988,Onion,9.2,5.6,8.49,1.62,72.86,4,0
EX-1989,Mango,13.9,4.2,8.13,2.65,71.07,2,0
EX-1990,Banana,4.7,4.8,22.73,4.05,49.99,3,0
EX-1991,Tomato,9.7,4.9,17.45,3.47,90.98,5,1
EX-1992,Tomato,1.7,3.6,13.33,3.29,59.6,6,0
EX-1993,Potato,5.4,6.0,31.61,5.64,96.4,1,1
EX-1994,Tomato,5.2,5.3,28.99,2.91,82.27,4,1
EX-1995,Mango,3.6,1.9,30.54,6.06,84.05,6,1
EX-1996,Potato,12.5,3.8,9.93,2.83,69.39,1,0
EX-1997,Onion,13.3,0.7,10.98,6.75,88.54,1,0
EX-1998,Mango,7.4,6.5,26.84,2.55,87.76,4,0
EX-1999,Banana,9.9,1.3,5.95,3.29,74.45,1,0
EX-2000,Banana,9.2,2.8,10.07,7.21,83.44,5,0
EX-2001,Mango,5.0,3.0,10.05,4.79,95.97,6,0
EX-2002,Tomato,10.1,4.9,13.34,3.57,41.16,6,1
EX-2003,Mango,7.6,1.4,10.37,6.51,52.98,4,0
EX-2004,Potato,11.0,5.1,13.54,7.22,89.39,3,0
EX-2005,Potato,4.1,2.5,21.14,5.18,73.9,0,0
EX-2006,Onion,15.0,6.8,31.02,4.71,74.44,2,1
EX-2007,Potato,10.6,3.6,15.42,2.57,58.86,2,0
EX-2008,Potato,10.2,6.7,25.2,1.91,70.0,1,1
EX-2009,Mango,12.3,5.7,23.6,5.45,79.48,5,1
EX-2010,Mango,10.2,7.0,13.04,3.64,62.52,0,0
EX-2011,Onion,10.9,4.2,10.89,5.95,52.9,4,0
EX-2012,Banana,13.7,4.9,20.73,6.84,88.76,4,1
EX-2013,Tomato,5.1,3.6,27.97,5.94,72.42,1,0
EX-2014,Potato,10.2,1.9,11.92,7.04,64.39,2,0
EX-2015,Potato,4.6,2.4,31.39,4.03,90.25,4,1
EX-2016,Onion,14.2,1.0,32.57,4.25,90.31,3,1
EX-2017,Onion,5.2,0.9,31.48,1.53,51.62,3,1
EX-2018,Onion,13.5,6.9,9.44,6.97,50.46,0,0
EX-2019,Banana,5.7,6.9,14.72,0.94,66.22,1,0
EX-2020,Tomato,9.1,1.5,29.34,6.35,47.51,3,1
EX-2021,Banana,6.6,6.8,16.88,0.78,51.57,2,0
EX-2022,Mango,13.5,5.4,21.46,0.63,40.24,5,0
EX-2023,Tomato,4.2,6.2,14.67,1.27,69.19,2,0
EX-2024,Tomato,1.9,0.8,34.4,3.92,70.18,4,1
EX-2025,Potato,7.1,5.0,9.15,7.97,68.43,6,0
EX-2026,Tomato,3.3,6.4,30.17,0.64,53.01,1,1
EX-2027,Tomato,11.3,4.3,10.24,3.25,77.73,0,0
EX-2028,Banana,13.3,2.2,21.58,0.86,97.69,5,1
EX-2029,Mango,10.1,0.6,26.38,3.63,62.05,4,0
EX-2030,Potato,7.6,1.5,26.55,5.23,57.46,5,1
EX-2031,Mango,10.3,2.3,23.77,1.53,88.18,0,1
EX-2032,Onion,11.1,1.3,8.53,1.3,51.52,1,0
EX-2033,Potato,12.6,6.8,16.1,3.57,49.3,4,0
EX-2034,Banana,13.7,5.0,19.9,2.26,40.74,0,0
EX-2035,Mango,12.7,4.8,9.62,1.18,69.68,5,1
EX-2036,Mango,13.7,4.7,19.16,7.83,55.32,0,1
EX-2037,Mango,12.4,6.2,31.42,3.2,79.25,3,1
EX-2038,Mango,2.3,5.4,6.42,6.89,78.47,1,0
EX-2039,Potato,6.0,3.3,24.28,7.09,45.39,6,1
EX-2040,Potato,3.6,3.1,34.83,2.54,62.37,6,1
EX-2041,Banana,12.2,4.7,29.7,1.35,80.38,0,1
EX-2042,Tomato,2.5,6.4,19.96,4.77,65.41,4,1
EX-2043,Banana,11.9,4.5,31.74,7.1,82.18,1,1
EX-2044,Banana,13.9,1.2,17.75,0.84,55.17,2,0
EX-2045,Mango,10.9,4.9,28.79,4.82,72.77,5,1
EX-2046,Potato,8.3,5.0,24.17,3.75,82.15,3,1
EX-2047,Potato,10.3,4.7,9.61,6.7,91.74,4,0
EX-2048,Mango,1.2,6.6,20.67,4.02,68.76,1,0
EX-2049,Mango,11.5,2.6,15.26,2.59,69.4,4,0
EX-2050,Banana,6.6,2.0,19.23,6.51,65.99,6,1
EX-2051,Banana,7.3,1.3,20.42,5.4,45.95,3,1
EX-2052,Mango,8.8,0.5,7.82,5.03,75.91,2,0
EX-2053,Onion,8.9,4.8,19.14,3.06,87.87,6,0
EX-2054,Tomato,12.8,2.7,28.79,5.0,81.57,2,1
EX-2055,Banana,2.6,5.4,11.87,3.06,88.13,6,0
EX-2056,Potato,8.7,2.9,8.3,7.23,68.56,6,0
EX-2057,Banana,2.5,4.5,10.81,7.48,62.79,3,0
EX-2058,Tomato,11.0,1.2,17.85,7.45,88.57,4,0
EX-2059,Mango,11.8,3.4,25.41,7.67,47.81,3,1
EX-2060,Mango,8.4,0.8,33.99,6.79,68.01,4,1
EX-2061,Tomato,10.7,1.6,30.27,1.28,78.14,4,1
EX-2062,Potato,8.1,3.0,35.36,7.37,84.22,2,1
EX-2063,Banana,14.5,6.8,19.04,1.5,63.94,5,1
EX-2064,Onion,5.2,5.1,31.68,5.84,94.26,5,1
EX-2065,Tomato,3.8,4.6,14.01,3.09,79.0,5,0
EX-2066,Tomato,8.1,5.0,14.99,1.37,60.43,3,0
EX-2067,Onion,9.0,4.8,17.94,6.11,88.8,2,0
EX-2068,Banana,12.3,3.9,5.78,1.59,78.87,1,0
EX-2069,Potato,11.5,1.5,13.89,2.38,88.68,5,0
EX-2070,Potato,3.9,4.0,16.12,3.89,75.73,5,0
EX-2071,Onion,13.1,5.3,22.4,2.28,85.49,6,1
EX-2072,Potato,10.7,0.8,16.83,3.62,85.71,5,0
EX-2073,Potato,14.5,0.8,28.05,2.02,90.39,6,1
EX-2074,Banana,12.6,6.4,26.84,5.36,83.8,4,1
EX-2075,Onion,3.8,5.2,11.0,3.87,97.04,0,0
EX-2076,Tomato,14.5,5.3,8.7,0.8,56.19,2,0
EX-2077,Tomato,3.3,6.0,5.17,4.0,94.37,0,0
EX-2078,Tomato,14.0,4.4,28.98,5.19,88.9,2,1
EX-2079,Banana,12.1,4.1,7.26,5.81,70.47,1,0
EX-2080,Onion,2.0,3.8,17.89,4.53,45.33,1,0
EX-2081,Tomato,10.3,2.7,14.1,7.63,75.86,3,1
EX-2082,Onion,12.5,6.9,5.27,5.52,65.85,5,0
EX-2083,Onion,13.9,2.1,6.24,7.14,62.12,6,0
EX-2084,Mango,6.4,4.0,13.77,7.34,87.68,2,0
EX-2085,Onion,12.2,3.4,6.36,7.24,51.17,4,0
EX-2086,Mango,14.3,1.6,34.64,4.53,40.43,0,1
EX-2087,Tomato,10.4,5.5,31.81,3.68,46.03,4,1
EX-2088,Banana,10.1,6.6,28.15,1.65,66.64,2,1
EX-2089,Mango,2.2,0.9,29.62,4.69,73.35,1,0
EX-2090,Potato,6.7,3.4,17.54,2.87,62.59,0,0
EX-2091,Onion,1.1,5.2,6.96,6.09,42.64,6,0
EX-2092,Mango,6.0,3.8,13.98,5.64,75.18,2,0
EX-2093,Banana,6.3,5.8,5.96,1.67,52.75,5,0
EX-2094,Banana,12.2,6.0,14.14,5.26,57.29,6,0
EX-2095,Potato,14.4,0.6,32.12,1.56,42.42,4,1
EX-2096,Onion,6.5,4.1,7.64,2.08,83.0,5,0
EX-2097,Potato,4.0,6.4,31.4,1.57,50.67,4,1
EX-2098,Potato,3.7,1.7,29.79,6.89,89.38,4,1
EX-2099,Banana,10.0,1.0,25.82,2.38,51.45,4,1
EX-2100,Banana,14.3,2.8,25.81,2.26,56.54,0,0
EX-2101,Tomato,5.4,3.4,24.11,2.79,73.88,4,1
EX-2102,Onion,6.1,2.6,18.28,0.54,54.28,1,0
EX-2103,Banana,4.9,2.8,26.07,2.99,67.84,3,1
EX-2104,Potato,11.8,3.7,8.37,5.34,44.75,2,0
EX-2105,Tomato,13.5,1.8,27.74,5.2,82.19,0,1
EX-2106,Onion,9.8,5.8,22.95,6.27,52.34,0,0
EX-2107,Onion,4.6,6.3,21.73,5.4,48.62,3,0
EX-2108,Tomato,13.5,4.3,31.57,1.5,69.07,0,1
EX-2109,Banana,6.1,0.6,12.41,7.73,96.95,5,0
EX-2110,Tomato,11.6,1.4,9.94,4.75,72.82,6,1
EX-2111,Tomato,11.3,3.6,16.12,2.14,68.28,0,0
EX-2112,Potato,6.2,0.8,11.41,7.31,60.95,3,0
EX-2113,Banana,13.3,0.8,25.1,1.27,96.17,5,1
EX-2114,Potato,12.7,2.2,21.87,1.8,77.91,2,1
EX-2115,Onion,10.1,5.9,21.02,3.32,92.62,4,0
EX-2116,Banana,5.9,6.1,20.09,4.12,75.04,4,1
EX-2117,Tomato,7.2,2.0,20.95,2.61,48.71,1,0
EX-2118,Potato,9.4,5.8,25.49,3.61,59.15,0,1
EX-2119,Banana,10.5,3.6,23.31,5.35,63.83,1,1
EX-2120,Mango,2.8,4.4,9.18,4.34,91.67,1,0
EX-2121,Mango,3.3,6.5,21.02,3.54,96.22,5,1
EX-2122,Mango,13.3,5.2,30.46,7.6,52.56,4,1
EX-2123,Banana,13.1,1.6,30.74,5.01,86.09,6,1
EX-2124,Tomato,9.7,3.8,10.2,5.64,93.5,4,0
EX-2125,Onion,2.0,3.0,9.1,0.62,70.32,4,0
EX-2126,Banana,12.6,4.4,10.5,7.26,74.79,6,1
EX-2127,Onion,8.0,1.3,19.95,1.48,75.0,6,0
EX-2128,Mango,13.6,5.5,25.13,4.42,61.48,0,0
EX-2129,Onion,7.0,6.6,19.95,6.27,60.33,6,0
EX-2130,Onion,2.4,1.4,19.79,2.24,89.83,2,0
EX-2131,Onion,13.3,3.2,10.86,5.82,85.79,4,0
EX-2132,Onion,2.6,0.5,25.29,5.66,58.32,2,0
EX-2133,Mango,3.2,4.7,12.86,6.91,64.57,2,0
EX-2134,Onion,4.9,4.9,28.4,3.6,85.46,3,0
EX-2135,Tomato,6.2,4.1,12.87,2.8,59.97,5,0
EX-2136,Banana,11.3,6.1,25.44,6.11,65.9,5,1
EX-2137,Tomato,2.4,3.8,29.37,6.51,75.61,5,1
EX-2138,Mango,3.3,6.8,5.16,1.18,48.43,4,0
EX-2139,Banana,2.2,2.2,16.5,5.07,82.02,3,0
EX-2140,Onion,10.2,2.4,34.87,0.93,84.87,1,0
EX-2141,Banana,7.1,1.8,25.36,6.53,56.59,0,0
EX-2142,Onion,8.1,5.0,24.07,5.56,60.86,5,0
EX-2143,Mango,14.7,1.1,13.55,3.5,78.84,3,0
EX-2144,Onion,3.8,0.6,26.81,7.39,71.88,5,1
EX-2145,Onion,13.8,2.8,34.86,2.57,75.17,1,1
EX-2146,Banana,14.0,4.2,13.09,3.55,46.17,0,0
EX-2147,Onion,5.1,6.7,29.89,7.68,90.81,6,1
EX-2148,Onion,4.5,3.4,16.69,4.13,54.11,2,0
EX-2149,Banana,10.5,6.3,31.72,4.11,54.95,3,1
EX-2150,Tomato,10.5,2.0,14.79,7.67,69.96,0,0
EX-2151,Potato,4.5,1.1,25.88,6.66,44.41,1,1
EX-2152,Banana,5.4,1.9,22.79,1.87,83.28,1,0
EX-2153,Banana,11.3,2.0,12.5,2.49,53.29,6,0
EX-2154,Tomato,12.7,2.8,29.15,1.4,44.55,5,1
EX-2155,Banana,9.6,5.5,21.79,0.82,67.97,4,1
EX-2156,Potato,7.9,6.9,32.81,7.02,68.47,6,1
EX-2157,Onion,4.9,1.9,22.88,0.91,86.36,3,0
EX-2158,Onion,1.5,2.8,31.67,6.32,66.52,0,0
EX-2159,Onion,7.4,5.0,5.37,2.08,73.7,2,0
EX-2160,Potato,9.6,2.2,22.01,2.28,67.34,4,1
EX-2161,Potato,6.1,3.7,11.53,5.76,61.59,6,1
EX-2162,Banana,4.9,1.7,9.07,4.82,53.26,0,0
EX-2163,Potato,12.3,4.1,31.55,1.97,86.4,5,1
EX-2164,Tomato,7.6,0.6,18.07,1.51,91.81,5,0
EX-2165,Onion,8.5,2.6,20.09,2.38,89.79,0,0
EX-2166,Banana,2.4,1.6,11.68,2.41,88.66,0,0
EX-2167,Banana,11.4,2.2,16.17,4.68,86.98,2,0
EX-2168,Mango,6.8,2.8,26.07,5.04,73.46,5,1
EX-2169,Onion,3.4,5.6,16.01,5.55,68.27,5,0
EX-2170,Banana,13.5,3.0,13.88,5.24,48.4,1,0
EX-2171,Potato,6.9,4.5,17.55,7.3,44.59,2,1
EX-2172,Tomato,5.4,4.7,27.02,5.04,62.94,3,1
EX-2173,Potato,11.5,3.9,18.96,1.75,89.54,1,0
EX-2174,Tomato,10.3,6.6,26.72,1.1,49.68,0,0
EX-2175,Mango,1.9,6.2,22.0,0.7,63.03,6,0
EX-2176,Mango,2.5,4.5,7.61,7.49,62.61,1,0
EX-2177,Tomato,11.3,3.4,8.92,4.45,49.9,0,0
EX-2178,Potato,13.0,2.6,19.76,7.81,71.35,2,1
EX-2179,Onion,7.2,6.8,26.63,1.83,74.66,5,1
EX-2180,Onion,7.1,4.7,21.55,7.32,67.94,1,0
EX-2181,Mango,7.2,2.9,13.05,2.78,40.01,6,0
EX-2182,Tomato,5.8,3.5,5.26,7.42,94.92,3,0
EX-2183,Potato,1.1,3.3,14.08,2.23,40.42,2,0
EX-2184,Tomato,6.8,4.1,17.24,1.72,82.75,3,1
EX-2185,Banana,4.1,1.0,24.39,4.37,86.4,4,0
EX-2186,Potato,5.0,5.3,30.07,3.6,89.5,1,1
EX-2187,Tomato,5.1,4.6,24.15,2.54,76.12,1,0
EX-2188,Potato,1.3,0.8,21.58,1.89,45.93,2,0
EX-2189,Tomato,11.0,5.2,12.22,1.63,68.63,2,0
EX-2190,Banana,5.4,5.7,35.94,3.98,85.9,2,1
EX-2191,Mango,12.8,6.7,6.74,6.32,44.14,3,0
EX-2192,Tomato,3.7,6.0,30.33,6.71,47.07,6,1
EX-2193,Tomato,6.4,6.8,12.66,7.96,51.55,5,1
EX-2194,Mango,8.3,6.9,19.66,5.61,58.1,2,0
EX-2195,Tomato,9.8,0.8,34.06,4.41,54.69,5,1
EX-2196,Potato,3.8,6.3,31.77,2.13,46.55,5,1
EX-2197,Banana,5.5,1.6,13.56,1.4,85.77,0,0
EX-2198,Mango,9.1,5.0,26.34,1.66,84.71,1,0
EX-2199,Tomato,8.0,5.0,15.49,7.77,84.05,0,0
EX-2200,Mango,6.0,1.5,21.63,1.31,68.29,2,0
EX-2201,Onion,12.0,5.4,29.97,3.79,51.19,5,1
EX-2202,Banana,6.0,1.4,32.86,4.14,65.38,2,1
EX-2203,Onion,10.8,1.7,10.79,3.11,82.48,2,0
EX-2204,Onion,13.8,4.1,7.14,1.66,57.15,2,0
EX-2205,Onion,6.1,0.5,24.78,3.34,50.76,0,0
EX-2206,Onion,13.0,5.5,12.4,5.91,78.18,4,0
EX-2207,Banana,3.7,4.9,28.74,1.66,56.42,3,0
EX-2208,Potato,2.5,3.9,7.07,6.76,47.53,6,0
EX-2209,Mango,3.8,3.7,8.06,4.78,88.51,5,0
EX-2210,Banana,8.4,5.1,12.93,3.25,75.15,0,0
EX-2211,Mango,14.0,1.9,20.23,7.17,44.64,6,1
EX-2212,Mango,6.1,5.3,32.6,6.67,86.07,0,1
EX-2213,Onion,4.7,0.8,7.18,2.78,94.79,4,0
EX-2214,Mango,2.4,2.0,16.95,1.95,78.1,4,0
EX-2215,Tomato,8.8,4.1,28.13,6.25,73.44,5,1
EX-2216,Banana,10.8,3.3,8.23,6.44,71.9,4,1
EX-2217,Potato,10.2,4.0,23.6,7.5,92.34,4,0
EX-2218,Potato,12.8,3.2,24.63,6.7,58.76,1,1
EX-2219,Onion,8.6,2.9,22.06,6.08,60.88,3,0
EX-2220,Banana,14.4,0.5,6.07,2.63,40.95,1,0
EX-2221,Potato,1.1,6.9,11.66,2.86,84.75,5,0
EX-2222,Potato,13.9,3.8,22.69,4.79,45.47,3,1
EX-2223,Potato,3.2,2.2,32.58,2.37,54.86,2,1
EX-2224,Mango,9.0,4.2,11.74,1.08,58.83,3,0
EX-2225,Tomato,7.8,6.3,26.79,6.65,45.53,5,1
EX-2226,Potato,1.5,5.8,16.83,6.35,93.47,2,0
EX-2227,Potato,13.3,3.3,33.84,1.4,84.68,5,1
EX-2228,Onion,14.0,4.6,24.6,0.91,70.41,2,0
EX-2229,Onion,8.9,2.6,26.63,1.65,79.07,3,0
EX-2230,Banana,11.5,4.2,7.79,3.74,85.61,1,0
EX-2231,Tomato,5.7,3.6,28.1,4.61,55.23,3,1
EX-2232,Onion,7.1,5.0,28.62,4.11,51.49,3,0
EX-2233,Onion,3.7,4.5,27.81,2.35,44.16,6,1
EX-2234,Banana,5.5,6.5,7.78,5.54,64.57,2,0
EX-2235,Tomato,5.5,4.4,5.75,2.79,97.28,4,0
EX-2236,Banana,9.7,3.4,33.65,2.25,79.75,1,1
EX-2237,Mango,2.6,0.9,34.42,7.45,90.39,6,1
EX-2238,Potato,1.2,5.0,8.45,3.88,41.32,1,0
EX-2239,Onion,4.0,4.1,28.26,4.62,76.14,1,0
EX-2240,Mango,6.3,6.4,21.33,2.42,43.49,1,0
EX-2241,Onion,4.8,3.5,34.3,1.0,78.3,5,1
EX-2242,Potato,13.1,0.6,31.89,5.37,53.41,3,1
EX-2243,Onion,14.7,1.1,14.78,7.0,70.83,1,0
EX-2244,Tomato,8.0,3.5,33.72,0.66,54.35,4,1
EX-2245,Potato,5.7,3.1,9.87,3.1,60.41,5,0
EX-2246,Potato,4.3,6.9,20.54,6.59,76.3,3,1
EX-2247,Mango,14.2,6.7,11.99,3.06,62.79,1,0
EX-2248,Mango,11.2,3.9,26.02,7.05,79.82,3,1
EX-2249,Tomato,9.0,3.3,14.68,5.04,66.05,1,0
EX-2250,Tomato,10.1,4.3,26.21,2.02,48.01,5,1
EX-2251,Onion,13.7,3.3,33.18,6.28,78.06,4,0
EX-2252,Tomato,5.4,4.1,34.41,1.39,58.42,1,1
EX-2253,Mango,11.7,6.2,17.84,3.58,65.69,6,1
EX-2254,Potato,3.1,1.7,9.08,0.7,97.19,4,0
EX-2255,Potato,9.5,4.5,23.49,2.23,41.51,0,0
EX-2256,Banana,2.9,6.0,19.53,5.37,50.67,3,0
EX-2257,Banana,7.6,1.6,12.01,3.56,96.19,2,0
EX-2258,Banana,4.1,4.9,11.29,2.03,50.27,3,0
EX-2259,Onion,7.9,2.6,19.18,2.35,63.48,0,0
EX-2260,Onion,11.3,3.0,14.7,5.09,83.06,4,0
EX-2261,Onion,8.4,6.2,29.39,4.4,66.19,6,1
EX-2262,Mango,13.3,2.1,21.67,7.88,42.28,3,1
EX-2263,Onion,11.7,6.8,10.89,3.8,91.3,6,0
EX-2264,Potato,7.5,3.2,24.01,0.91,69.98,1,0
EX-2265,Banana,12.6,3.4,27.4,1.35,85.17,5,1
EX-2266,Onion,2.9,3.2,18.98,1.84,74.24,5,0
EX-2267,Tomato,13.4,1.1,15.05,5.36,81.27,1,0
EX-2268,Mango,2.3,5.1,24.66,1.14,81.02,5,1
EX-2269,Onion,9.6,1.5,22.06,0.83,49.91,2,0
EX-2270,Onion,13.2,6.1,10.03,1.58,84.61,0,0
EX-2271,Banana,5.3,5.2,34.79,2.67,50.48,1,1
EX-2272,Tomato,1.0,5.5,5.38,4.23,68.92,6,0
EX-2273,Mango,9.5,3.7,11.72,5.45,66.32,3,0
EX-2274,Mango,9.4,0.5,32.35,2.59,76.46,6,1
EX-2275,Tomato,1.7,1.5,25.25,0.78,89.52,5,1
EX-2276,Onion,12.7,2.4,33.53,0.87,64.18,1,0
EX-2277,Tomato,10.4,4.5,26.44,4.96,85.66,1,1
EX-2278,Banana,11.5,2.8,6.11,6.26,58.72,3,0
EX-2279,Mango,11.6,6.0,7.01,4.03,47.08,6,0
EX-2280,Potato,5.6,3.2,11.51,2.07,43.37,4,0
EX-2281,Onion,14.8,3.6,26.35,7.5,97.2,2,0
EX-2282,Banana,9.5,2.6,21.29,7.96,60.52,1,0
EX-2283,Onion,8.9,3.9,24.59,4.19,50.43,4,0
EX-2284,Tomato,10.9,6.9,5.05,0.68,76.28,0,0
EX-2285,Tomato,12.2,7.0,17.84,3.0,72.5,5,0
EX-2286,Tomato,1.2,1.8,13.73,6.43,57.85,4,0
EX-2287,Onion,5.5,0.5,26.26,3.06,82.02,4,0
EX-2288,Mango,12.6,1.8,30.85,7.42,67.79,3,1
EX-2289,Mango,10.0,3.6,24.44,7.19,71.14,2,0
EX-2290,Banana,12.0,3.2,28.02,6.76,57.36,5,1
EX-2291,Potato,8.8,0.6,22.9,2.99,93.14,6,1
EX-2292,Potato,1.9,1.5,31.06,3.04,61.76,4,1
EX-2293,Tomato,9.0,3.0,23.45,6.98,83.59,5,1
EX-2294,Potato,10.9,2.3,7.69,7.08,61.55,6,0
EX-2295,Potato,4.0,2.5,8.48,6.39,85.11,0,0
EX-2296,Banana,8.1,5.7,33.05,1.66,59.73,3,1
EX-2297,Onion,5.3,2.6,28.85,1.24,96.97,4,0
EX-2298,Tomato,3.9,0.7,17.02,6.99,46.72,2,0
EX-2299,Mango,10.6,4.4,7.7,4.0,42.68,4,1
EX-2300,Potato,1.3,5.4,24.8,2.07,51.63,2,1
EX-2301,Potato,8.5,5.5,25.8,2.54,49.13,0,0
EX-2302,Mango,14.4,4.1,8.17,4.57,71.86,2,0
EX-2303,Tomato,14.2,5.7,22.8,1.78,58.06,2,1
EX-2304,Onion,7.2,1.3,19.59,5.57,46.14,0,0
EX-2305,Mango,7.0,1.7,23.48,4.95,88.5,5,1
EX-2306,Banana,9.6,2.5,30.34,5.85,78.91,4,1
EX-2307,Mango,14.6,5.4,19.44,1.49,87.15,5,0
EX-2308,Banana,2.4,2.5,24.98,6.25,67.29,1,0
EX-2309,Tomato,13.1,4.5,33.3,3.44,80.58,5,1
EX-2310,Potato,12.0,6.2,19.05,0.73,67.57,2,1
EX-2311,Banana,7.5,1.6,28.81,5.03,47.39,0,1
EX-2312,Banana,12.4,5.7,15.1,5.37,85.96,4,1
EX-2313,Banana,6.6,3.2,24.25,4.61,96.49,3,0
EX-2314,Mango,5.8,5.8,23.32,6.38,65.25,6,1
EX-2315,Potato,8.6,2.0,25.54,1.08,93.99,4,1
EX-2316,Banana,2.6,4.4,15.09,1.23,65.82,2,0
EX-2317,Banana,2.0,1.2,30.24,6.29,61.98,3,1
EX-2318,Mango,2.3,5.8,32.51,7.27,76.9,0,1
EX-2319,Tomato,10.3,3.4,14.04,5.12,65.94,1,0
EX-2320,Potato,5.2,5.7,26.07,7.39,94.33,5,1
EX-2321,Potato,14.9,4.3,23.96,4.33,89.16,6,1
EX-2322,Potato,1.9,6.4,35.0,0.51,72.48,2,1
EX-2323,Mango,13.1,6.1,12.29,5.77,62.87,2,0
EX-2324,Banana,6.7,3.3,11.55,1.8,48.07,4,0
EX-2325,Banana,12.8,2.8,17.93,2.66,90.62,1,1
EX-2326,Tomato,1.2,4.7,9.46,7.14,78.16,1,0
EX-2327,Mango,2.9,5.7,31.66,7.2,80.33,3,1
EX-2328,Onion,3.5,3.8,22.11,3.88,60.61,1,0
EX-2329,Banana,9.5,4.3,31.25,2.28,69.1,3,1
EX-2330,Onion,9.1,0.7,6.17,4.12,61.38,4,0
EX-2331,Banana,14.5,1.0,27.64,4.45,89.84,6,1
EX-2332,Potato,7.5,1.0,32.59,1.16,67.4,5,1
EX-2333,Mango,10.6,4.0,22.97,5.1,92.41,4,1
EX-2334,Mango,7.6,3.8,19.55,6.0,64.42,6,1
EX-2335,Potato,5.0,0.7,33.61,6.12,82.16,4,1
EX-2336,Potato,1.9,3.6,10.24,0.89,97.44,6,0
EX-2337,Onion,1.4,3.7,8.93,1.08,85.46,2,0
EX-2338,Tomato,9.6,2.3,12.97,6.06,75.02,4,0
EX-2339,Tomato,10.2,2.9,10.44,6.37,53.7,1,0
EX-2340,Onion,13.1,2.7,7.62,1.59,94.17,1,0
EX-2341,Banana,11.5,3.2,16.88,5.46,82.11,1,0
EX-2342,Tomato,9.1,6.0,6.68,2.48,87.53,0,0
EX-2343,Tomato,7.5,3.6,19.76,7.61,93.5,1,1
EX-2344,Banana,10.6,3.0,13.14,4.48,65.21,2,0
EX-2345,Banana,6.3,2.6,21.44,7.67,45.65,4,1
EX-2346,Potato,14.4,3.3,33.46,6.94,59.43,2,1
EX-2347,Mango,4.6,4.3,19.29,5.56,54.02,5,0
EX-2348,Onion,11.8,3.9,26.01,7.95,58.17,0,0
EX-2349,Mango,12.6,0.6,8.03,1.28,65.86,1,0
EX-2350,Potato,4.5,0.7,24.2,0.93,74.46,6,1
EX-2351,Tomato,14.3,4.6,26.95,1.4,89.67,1,1
EX-2352,Banana,10.2,6.3,22.55,7.75,91.97,5,1
EX-2353,Tomato,4.5,3.5,34.02,5.29,93.52,2,1
EX-2354,Banana,10.7,4.8,28.87,2.43,85.28,2,1
EX-2355,Mango,6.4,2.7,6.86,7.67,55.35,3,0
EX-2356,Mango,7.9,6.5,23.92,1.84,68.54,1,0
EX-2357,Onion,11.8,1.9,24.94,7.34,81.49,0,0
EX-2358,Mango,2.0,4.2,12.77,3.84,92.0,1,0
EX-2359,Mango,14.1,4.8,13.26,5.75,92.47,4,0
EX-2360,Mango,8.2,6.6,20.21,3.77,88.95,6,1
EX-2361,Mango,8.6,0.5,34.58,6.63,67.96,4,1
EX-2362,Onion,14.1,2.8,26.14,3.5,76.67,5,0
EX-2363,Mango,6.1,6.0,15.54,6.81,84.11,2,0
EX-2364,Tomato,3.5,0.8,16.91,1.93,80.36,0,0
EX-2365,Potato,7.8,6.3,18.58,1.92,42.07,0,0
EX-2366,Onion,4.3,3.0,29.57,5.33,68.98,6,1
EX-2367,Banana,14.5,0.6,15.52,3.03,81.82,3,0
EX-2368,Mango,4.0,4.8,21.22,7.55,90.47,4,0
EX-2369,Tomato,11.4,2.0,7.23,6.02,68.36,0,0
EX-2370,Banana,13.7,4.5,12.52,5.37,40.83,5,1
EX-2371,Mango,13.7,5.8,8.02,5.08,88.45,0,0
EX-2372,Mango,2.6,4.4,24.08,0.97,51.75,2,0
EX-2373,Banana,5.5,6.8,22.85,1.53,88.51,6,1
EX-2374,Tomato,11.7,4.4,15.4,1.41,48.19,3,0
EX-2375,Tomato,10.7,4.1,18.6,7.44,42.36,0,0
EX-2376,Onion,6.3,1.5,32.27,1.11,40.42,0,0
EX-2377,Onion,13.4,3.2,30.03,6.29,80.16,1,0
EX-2378,Tomato,10.0,3.9,17.77,7.54,75.41,0,0
EX-2379,Onion,3.5,3.7,34.46,5.2,85.39,2,0
EX-2380,Banana,1.1,2.0,8.64,4.48,45.55,2,0
EX-2381,Onion,8.1,3.5,24.42,2.06,43.08,0,0
EX-2382,Tomato,10.6,6.8,19.71,1.82,78.87,0,0
EX-2383,Mango,10.0,2.4,18.47,3.01,86.7,6,1
EX-2384,Banana,1.6,5.3,33.67,1.82,85.56,3,1
EX-2385,Onion,2.6,6.3,27.36,4.95,58.91,1,0
EX-2386,Potato,4.2,1.2,12.06,2.28,63.93,1,0
EX-2387,Banana,13.5,1.0,23.14,0.91,65.28,1,0
EX-2388,Onion,7.4,3.0,9.23,5.9,76.66,2,0
EX-2389,Tomato,5.7,0.7,22.63,2.6,46.44,3,0
EX-2390,Banana,6.9,5.4,11.82,2.71,49.09,6,1
EX-2391,Onion,13.7,4.3,22.14,2.22,63.88,4,0
EX-2392,Banana,13.1,1.9,19.68,3.97,40.84,3,0
EX-2393,Tomato,4.5,3.3,11.89,7.46,94.88,4,0
EX-2394,Mango,6.8,0.8,35.73,6.0,69.24,3,1
EX-2395,Onion,6.5,5.8,26.6,1.23,68.73,0,0
EX-2396,Onion,11.5,5.0,17.61,2.14,60.79,1,0
EX-2397,Mango,1.2,4.8,10.02,3.94,73.08,4,0
EX-2398,Mango,14.7,3.5,9.3,5.77,50.73,6,1
EX-2399,Potato,9.8,5.1,5.04,5.2,62.32,5,0
EX-2400,Potato,8.4,2.4,28.34,5.74,75.53,4,1
EX-2401,Tomato,12.0,1.0,32.31,6.02,43.18,5,1
EX-2402,Potato,13.4,1.2,16.33,5.14,61.2,1,0
EX-2403,Onion,10.9,4.1,28.98,1.54,59.43,4,0
EX-2404,Mango,10.1,5.3,28.32,7.03,80.76,6,1
EX-2405,Tomato,5.5,6.3,20.61,3.67,43.16,2,1
EX-2406,Potato,7.3,3.8,30.72,4.03,70.85,6,1
EX-2407,Onion,13.6,3.4,16.41,5.55,80.21,0,0
EX-2408,Tomato,13.5,3.5,7.49,7.23,56.73,0,0
EX-2409,Mango,3.3,1.2,9.59,1.63,51.85,5,0
EX-2410,Mango,5.1,6.8,21.78,1.49,60.11,3,0
EX-2411,Mango,5.1,0.9,32.03,2.24,94.95,5,1
EX-2412,Potato,6.8,2.7,25.03,2.95,74.41,5,1
EX-2413,Onion,12.8,3.4,14.43,1.49,85.78,1,0
EX-2414,Potato,4.2,2.9,13.93,6.84,48.6,2,0
EX-2415,Banana,14.4,4.5,9.98,4.51,50.57,1,0
EX-2416,Tomato,3.3,1.3,35.81,4.81,65.57,2,1
EX-2417,Tomato,3.9,5.1,25.63,7.84,48.58,3,0
EX-2418,Onion,14.7,4.0,8.77,0.69,94.0,6,0
EX-2419,Tomato,14.3,6.5,9.84,7.78,71.68,4,1
EX-2420,Potato,10.1,2.4,32.78,7.77,83.74,4,1
EX-2421,Tomato,12.2,5.2,33.59,3.04,46.51,3,1
EX-2422,Mango,3.0,4.1,14.55,3.51,88.77,3,0
EX-2423,Potato,2.3,0.9,24.88,4.88,52.88,6,1
EX-2424,Potato,3.7,1.0,31.33,5.58,95.54,4,1
EX-2425,Banana,3.7,2.6,23.76,7.58,92.69,2,0
EX-2426,Banana,3.1,6.0,16.46,3.3,56.51,2,0
EX-2427,Potato,14.7,6.2,7.72,5.96,65.76,3,0
EX-2428,Banana,5.0,5.7,35.08,3.68,91.99,1,1
EX-2429,Onion,9.4,1.4,14.4,7.91,70.47,2,0
EX-2430,Mango,14.1,4.3,16.65,0.55,77.05,2,0
EX-2431,Banana,3.4,3.5,22.61,7.36,51.56,6,1
EX-2432,Banana,5.1,3.7,30.51,2.76,73.94,3,0
EX-2433,Onion,11.4,2.0,29.53,1.66,57.41,5,1
EX-2434,Banana,2.7,4.8,13.92,1.85,92.59,5,0
EX-2435,Tomato,1.4,5.5,20.28,7.78,74.74,2,0
EX-2436,Onion,7.7,3.3,13.0,5.64,96.51,6,0
EX-2437,Mango,6.2,5.3,5.54,2.45,73.74,1,0
EX-2438,Potato,7.5,5.0,16.08,0.9,60.95,5,0
EX-2439,Potato,1.7,2.4,24.81,1.08,51.24,5,1
EX-2440,Tomato,11.7,4.4,10.18,2.92,58.34,6,1
EX-2441,Potato,4.8,5.0,16.24,4.51,60.39,1,0
EX-2442,Mango,2.9,2.3,29.14,3.59,93.41,1,0
EX-2443,Mango,4.1,3.8,30.78,6.46,72.4,5,1
EX-2444,Onion,12.8,5.1,26.77,6.52,64.21,0,0
EX-2445,Mango,12.5,6.5,19.87,2.84,61.03,6,1
EX-2446,Banana,13.5,4.4,28.67,3.07,81.17,0,1
EX-2447,Mango,4.1,6.1,9.41,2.2,47.27,1,0
EX-2448,Mango,6.9,5.5,8.46,0.64,68.09,3,0
EX-2449,Mango,3.7,0.7,25.45,4.95,67.21,2,0
EX-2450,Mango,1.9,4.8,28.39,6.37,93.37,1,1
EX-2451,Onion,13.6,1.7,15.9,1.18,89.06,2,0
EX-2452,Onion,5.9,1.5,20.52,5.96,54.03,4,0
EX-2453,Mango,2.4,4.3,5.43,2.13,51.11,2,0
EX-2454,Tomato,13.6,4.0,35.18,1.24,52.41,4,1
EX-2455,Banana,6.1,4.3,18.63,7.68,50.49,2,0
EX-2456,Banana,6.9,3.8,17.63,6.21,58.23,3,0
EX-2457,Mango,8.3,3.7,16.2,2.66,81.88,0,0
EX-2458,Potato,7.9,3.0,19.17,6.02,79.85,6,1
EX-2459,Banana,4.2,3.1,35.53,3.71,89.69,6,1
EX-2460,Banana,14.1,2.9,5.4,5.56,78.98,3,0
EX-2461,Banana,8.3,4.9,8.7,3.46,80.31,0,0
EX-2462,Tomato,1.9,6.8,15.5,4.96,97.46,0,0
EX-2463,Tomato,12.7,5.2,13.63,5.85,73.75,2,0
EX-2464,Banana,6.0,4.8,34.45,7.91,69.66,1,1
EX-2465,Banana,2.5,2.1,20.42,5.21,47.81,0,0
EX-2466,Mango,12.6,3.7,5.83,1.84,75.07,2,0
EX-2467,Tomato,5.2,4.6,28.57,5.46,70.16,3,1
EX-2468,Banana,3.8,4.8,20.2,2.46,59.93,6,1
EX-2469,Onion,8.7,6.7,5.98,3.73,93.07,3,0
EX-2470,Banana,5.4,2.9,19.25,0.75,72.29,6,0
EX-2471,Potato,13.4,1.6,18.35,2.84,62.57,6,0
EX-2472,Mango,9.0,3.7,22.17,4.55,67.25,4,0
EX-2473,Tomato,8.1,3.0,20.34,7.78,75.78,2,0
EX-2474,Potato,5.5,0.7,6.4,6.78,60.23,5,0
EX-2475,Onion,1.4,6.3,15.58,1.23,60.02,2,0
EX-2476,Banana,5.9,4.8,12.68,5.36,74.37,5,0
EX-2477,Mango,13.2,1.2,10.26,4.54,42.17,5,0
EX-2478,Banana,9.0,6.4,13.27,5.72,74.1,2,0
EX-2479,Banana,9.0,2.6,8.03,4.16,80.07,1,0
EX-2480,Potato,8.0,5.8,25.69,1.75,57.37,3,1
EX-2481,Tomato,8.0,6.0,29.4,6.8,71.08,2,1
EX-2482,Potato,1.7,7.0,17.46,2.19,83.09,0,0
EX-2483,Onion,2.3,2.7,7.09,6.51,67.57,1,0
EX-2484,Potato,12.1,4.7,14.36,6.53,65.11,4,1
EX-2485,Potato,3.8,3.1,24.37,3.9,84.28,1,0
EX-2486,Mango,9.8,3.9,10.78,4.24,78.33,6,1
EX-2487,Banana,4.8,4.6,30.08,6.9,92.6,4,1
EX-2488,Mango,8.3,2.9,9.58,1.63,79.75,2,0
EX-2489,Banana,6.7,6.1,33.25,5.25,89.07,2,1
EX-2490,Potato,10.0,2.2,23.64,3.54,46.59,1,1
EX-2491,Mango,4.4,5.9,19.39,4.7,65.3,5,0
EX-2492,Mango,3.8,2.3,5.9,6.42,56.11,4,0
EX-2493,Tomato,10.0,0.8,27.4,6.37,43.21,0,0
EX-2494,Potato,9.4,6.1,32.92,3.55,61.08,5,1
EX-2495,Mango,6.6,6.0,31.13,2.27,73.12,4,1
EX-2496,Mango,8.3,5.9,34.44,7.49,54.6,0,1
EX-2497,Tomato,9.4,5.5,14.72,6.74,82.76,6,1
EX-2498,Tomato,14.1,1.9,8.31,2.11,55.92,3,1
EX-2499,Potato,13.1,0.9,21.54,5.75,46.55,4,1
EX-2500,Banana,7.6,2.1,13.61,6.38,48.4,3,0
EX-2501,Potato,12.5,0.6,34.97,5.04,88.81,5,1
EX-2502,Mango,10.7,5.6,12.43,4.65,57.94,5,1
EX-2503,Potato,13.6,5.0,21.58,2.27,65.66,0,0
EX-2504,Banana,14.0,6.5,14.33,7.52,83.89,2,1
EX-2505,Tomato,13.0,1.5,18.6,2.88,87.11,5,1
EX-2506,Banana,12.1,2.3,7.48,6.35,68.52,5,0
EX-2507,Banana,14.0,2.7,18.09,7.39,45.82,1,1
EX-2508,Potato,8.1,2.8,23.67,6.6,82.79,3,1
EX-2509,Mango,11.7,4.7,10.7,3.83,77.18,0,0
EX-2510,Banana,3.8,2.5,22.85,1.33,54.48,5,1
EX-2511,Tomato,12.9,5.0,29.57,2.9,67.75,5,1
EX-2512,Tomato,4.6,5.0,30.63,6.5,51.52,3,1
EX-2513,Potato,3.5,6.2,34.29,7.13,53.02,0,1
EX-2514,Onion,10.1,4.6,33.11,7.81,51.5,5,1
EX-2515,Tomato,1.7,4.5,23.61,1.62,95.57,1,1
EX-2516,Onion,2.6,5.2,18.49,7.4,66.32,5,0
EX-2517,Banana,2.7,5.1,10.91,6.96,85.36,2,0
EX-2518,Banana,6.3,3.3,11.4,2.12,87.8,5,1
EX-2519,Tomato,6.9,3.2,9.52,2.68,55.18,4,0
EX-2520,Banana,13.7,2.9,26.21,3.94,40.6,1,1
EX-2521,Potato,14.6,3.1,11.58,3.38,64.55,4,0
EX-2522,Potato,2.0,4.1,6.62,7.48,67.31,2,0
EX-2523,Onion,14.2,6.8,23.55,6.11,42.64,2,1
EX-2524,Onion,9.7,2.5,17.24,3.28,96.15,4,0
EX-2525,Mango,9.1,2.2,20.62,7.48,90.92,1,0
EX-2526,Mango,5.4,3.9,9.4,1.38,42.56,1,0
EX-2527,Banana,13.2,5.9,28.18,7.45,56.41,2,1
EX-2528,Onion,12.6,6.5,21.03,3.77,49.57,5,0
EX-2529,Banana,11.7,1.5,31.44,5.43,86.3,0,0
EX-2530,Tomato,3.1,2.0,6.11,2.45,80.95,3,0
EX-2531,Mango,14.9,6.5,6.26,3.17,81.12,3,0
EX-2532,Banana,7.9,6.0,31.87,1.43,45.43,6,1
EX-2533,Potato,3.5,1.6,20.77,2.55,91.67,4,0
EX-2534,Tomato,9.2,6.8,21.31,4.78,64.15,0,0
EX-2535,Tomato,11.8,4.9,32.51,0.69,79.52,5,1
EX-2536,Mango,6.5,4.3,34.49,6.78,48.92,0,1
EX-2537,Banana,12.6,4.8,19.08,7.66,74.46,0,0
EX-2538,Potato,14.6,4.8,34.48,2.94,82.43,5,1
EX-2539,Onion,2.8,6.1,29.85,2.62,86.29,5,1
EX-2540,Mango,8.7,4.4,7.87,2.41,53.92,6,0
EX-2541,Banana,2.2,6.0,10.05,6.35,56.53,6,1
EX-2542,Tomato,2.7,3.7,18.4,6.55,57.99,5,1
EX-2543,Onion,2.8,4.8,30.79,4.34,68.4,3,0
EX-2544,Banana,4.8,4.4,7.8,3.67,61.36,1,0
EX-2545,Banana,9.8,1.1,20.91,7.8,79.23,5,1
EX-2546,Tomato,14.0,3.9,25.06,1.13,67.16,0,0
EX-2547,Banana,5.2,6.9,26.21,2.75,54.42,3,1
EX-2548,Potato,9.0,4.1,33.44,4.35,69.62,3,1
EX-2549,Mango,7.5,5.2,30.2,3.17,73.96,6,1
EX-2550,Onion,1.2,5.3,19.35,6.4,88.89,0,0
EX-2551,Mango,6.8,5.1,14.73,5.93,83.93,3,0
EX-2552,Onion,12.3,2.7,33.46,6.58,52.24,0,1
EX-2553,Onion,4.6,4.9,18.45,0.63,62.91,0,0
EX-2554,Tomato,10.2,3.5,17.56,5.43,83.17,5,0
EX-2555,Banana,5.2,5.8,24.12,5.68,95.86,5,1
EX-2556,Banana,12.3,1.1,9.19,1.93,87.33,5,1
EX-2557,Tomato,13.0,1.9,25.11,5.37,65.28,5,1
EX-2558,Onion,3.7,2.5,19.37,4.05,41.27,1,0
EX-2559,Tomato,11.3,3.4,20.04,0.65,66.07,1,0
EX-2560,Tomato,5.1,5.9,17.14,3.0,45.95,6,0
EX-2561,Banana,14.7,6.0,27.85,4.97,72.15,2,0
EX-2562,Mango,7.8,3.7,23.32,5.09,79.36,6,1
EX-2563,Banana,4.2,0.9,5.59,4.82,72.09,2,0
EX-2564,Banana,13.4,1.3,24.3,5.35,66.0,3,1
EX-2565,Mango,3.3,5.2,19.55,3.79,69.44,4,1
EX-2566,Potato,13.9,6.0,27.17,4.01,91.22,5,1
EX-2567,Banana,14.4,5.9,25.87,6.01,86.17,6,1
EX-2568,Tomato,9.7,2.3,28.23,5.5,47.49,1,1
EX-2569,Tomato,9.5,1.2,17.9,7.95,57.61,1,0
EX-2570,Onion,1.7,0.6,32.31,3.18,49.2,6,1
EX-2571,Onion,1.4,0.9,18.35,5.13,47.0,1,0
EX-2572,Banana,4.6,2.7,16.01,0.85,90.91,2,0
EX-2573,Tomato,12.9,6.2,23.73,1.28,42.92,3,1
EX-2574,Banana,14.5,5.4,35.21,6.36,75.36,6,1
EX-2575,Mango,12.5,0.8,8.27,5.22,90.51,2,0
EX-2576,Tomato,11.2,5.1,28.62,4.24,90.49,1,1
EX-2577,Potato,5.7,1.4,31.31,3.79,64.11,6,1
EX-2578,Mango,4.4,5.8,15.58,4.29,44.94,2,0
EX-2579,Banana,6.0,4.8,9.7,6.15,64.46,1,0
EX-2580,Tomato,12.2,3.2,17.69,3.94,89.44,6,1
EX-2581,Potato,14.2,3.4,28.87,5.88,70.01,0,1
EX-2582,Mango,5.7,3.1,28.94,3.76,62.81,0,0
EX-2583,Tomato,13.6,0.9,24.58,5.85,78.3,4,1
EX-2584,Potato,6.9,6.3,26.72,7.05,81.85,2,0
EX-2585,Potato,1.1,2.3,21.36,7.4,80.62,3,0
EX-2586,Tomato,13.4,4.6,24.16,3.82,60.02,6,1
EX-2587,Banana,11.9,6.2,7.61,4.53,62.62,5,1
EX-2588,Tomato,8.3,4.0,11.63,4.34,58.11,2,1
EX-2589,Tomato,1.3,6.3,21.74,2.44,88.27,2,0
EX-2590,Banana,14.8,1.2,6.86,3.3,76.37,2,1
EX-2591,Mango,1.7,4.7,8.87,2.73,82.74,3,0
EX-2592,Potato,14.8,5.7,35.66,4.74,91.87,5,1
EX-2593,Onion,12.8,2.0,14.28,5.5,87.27,4,0
EX-2594,Tomato,11.0,3.9,12.68,2.96,73.78,6,1
EX-2595,Potato,7.4,1.5,18.2,3.59,45.35,3,0
EX-2596,Tomato,7.7,3.4,16.45,4.45,74.12,4,0
EX-2597,Banana,13.2,4.3,24.73,7.97,79.96,3,1
EX-2598,Banana,12.5,1.4,8.94,5.83,47.5,5,0
EX-2599,Onion,13.1,1.3,11.59,4.05,83.3,4,0
EX-2600,Potato,13.9,1.3,31.42,1.33,61.44,2,1
EX-2601,Mango,8.3,1.3,14.45,3.31,57.05,0,0
EX-2602,Tomato,3.0,4.3,6.51,7.21,91.57,1,0
EX-2603,Tomato,12.5,3.7,8.79,3.11,90.48,3,1
EX-2604,Banana,9.0,4.2,32.91,6.36,67.56,5,1
EX-2605,Onion,2.9,1.4,24.73,6.21,78.7,1,0
EX-2606,Potato,2.3,4.6,24.33,3.4,92.21,2,0
EX-2607,Onion,1.6,4.9,18.74,2.58,45.13,1,0
EX-2608,Mango,9.0,5.7,26.93,4.71,47.18,4,1
EX-2609,Mango,3.7,4.5,22.88,0.9,73.07,1,0
EX-2610,Banana,8.0,0.6,25.41,4.49,95.82,2,1
EX-2611,Tomato,4.4,5.1,32.52,3.83,86.8,4,1
EX-2612,Potato,6.6,0.8,31.72,0.67,65.35,3,1
EX-2613,Mango,13.0,2.6,12.97,1.36,45.76,1,0
EX-2614,Potato,3.0,2.2,7.78,2.8,63.62,1,0
EX-2615,Mango,9.6,2.6,5.84,0.94,62.62,2,0
EX-2616,Tomato,6.8,2.6,16.64,6.71,47.02,1,0
EX-2617,Tomato,11.5,4.3,20.28,6.14,62.33,0,1
EX-2618,Potato,1.8,3.5,17.62,4.13,63.63,1,0
EX-2619,Mango,4.8,6.8,25.93,2.35,72.17,6,1
EX-2620,Tomato,5.3,3.1,7.6,5.27,51.8,1,0
EX-2621,Potato,8.6,1.6,12.6,7.64,95.76,4,1
EX-2622,Banana,1.6,5.8,34.79,5.16,77.88,1,1
EX-2623,Mango,1.8,6.5,13.47,2.38,79.44,2,0
EX-2624,Tomato,9.2,3.8,6.41,6.04,72.66,2,0
EX-2625,Mango,6.5,1.3,9.33,4.67,56.21,3,0
EX-2626,Tomato,9.5,6.7,14.87,5.62,59.87,2,0
EX-2627,Banana,4.8,4.8,14.97,2.08,95.62,2,0
EX-2628,Mango,13.8,1.4,33.59,5.07,40.25,0,1
EX-2629,Tomato,6.8,6.3,26.8,6.22,71.21,6,1
EX-2630,Mango,8.5,6.3,30.3,3.84,47.16,6,1
EX-2631,Banana,12.6,2.8,10.49,6.26,80.43,0,0
EX-2632,Mango,7.5,6.6,18.78,2.16,41.15,2,0
EX-2633,Potato,3.7,5.8,24.38,6.56,52.83,3,1
EX-2634,Potato,1.5,3.7,26.83,5.05,40.41,6,1
EX-2635,Banana,2.6,2.3,20.51,1.78,51.24,5,0
EX-2636,Onion,10.4,4.4,10.44,4.91,83.27,1,0
EX-2637,Potato,14.1,6.1,32.31,5.97,55.91,6,1
EX-2638,Mango,14.9,5.0,21.52,2.4,72.49,3,1
EX-2639,Mango,14.1,4.7,34.24,0.89,94.45,3,1
EX-2640,Banana,4.8,4.9,19.46,3.21,84.02,5,0
EX-2641,Tomato,1.7,6.5,21.5,2.87,62.73,2,0
EX-2642,Mango,13.3,5.7,35.7,2.19,79.99,0,1
EX-2643,Tomato,3.8,2.6,6.95,5.19,41.62,3,0
EX-2644,Mango,9.3,4.6,15.36,2.38,46.25,1,0
EX-2645,Potato,12.7,5.8,21.11,2.28,44.23,4,0
EX-2646,Onion,7.1,1.1,18.84,1.44,96.52,0,0
EX-2647,Banana,5.4,6.0,7.02,1.46,93.31,3,0
EX-2648,Mango,5.2,4.6,7.04,5.58,72.44,2,0
EX-2649,Banana,6.6,4.5,17.74,6.98,85.67,4,0
EX-2650,Mango,7.3,3.5,18.27,5.15,45.87,5,0
EX-2651,Mango,7.4,2.6,10.97,1.27,74.52,0,0
EX-2652,Onion,12.1,1.8,22.77,5.28,54.86,3,0
EX-2653,Banana,11.1,3.4,12.54,6.48,43.51,2,0
EX-2654,Onion,7.1,6.7,28.39,2.83,91.34,6,1
EX-2655,Tomato,3.1,2.5,15.63,3.27,40.47,4,0
EX-2656,Tomato,1.8,3.8,30.89,6.94,64.48,1,1
EX-2657,Tomato,10.0,1.8,7.12,1.92,67.59,5,1
EX-2658,Banana,9.4,2.7,22.93,7.72,75.73,3,0
EX-2659,Potato,3.3,3.5,29.46,0.82,52.73,0,0
EX-2660,Tomato,10.7,3.5,11.61,4.11,84.56,6,0
EX-2661,Potato,12.3,2.9,17.41,6.7,40.39,0,0
EX-2662,Mango,6.0,4.1,9.41,3.8,76.62,6,0
EX-2663,Potato,1.6,0.7,11.13,1.81,91.35,5,0
EX-2664,Tomato,5.8,4.1,10.53,0.66,88.89,0,0
EX-2665,Mango,12.6,1.4,25.3,7.14,59.63,1,0
EX-2666,Potato,7.4,2.9,16.54,1.79,70.56,6,0
EX-2667,Onion,13.3,6.2,7.03,1.58,93.6,6,0
EX-2668,Tomato,3.7,3.0,16.6,5.0,96.66,1,0
EX-2669,Mango,11.7,4.3,31.49,2.71,48.62,1,1
EX-2670,Mango,9.8,2.3,8.92,4.31,73.88,3,0
EX-2671,Tomato,11.2,5.6,29.52,5.11,49.71,3,1
EX-2672,Onion,6.2,3.9,10.55,5.84,70.48,3,0
EX-2673,Banana,7.6,4.3,24.78,6.43,77.68,1,0
EX-2674,Tomato,13.5,3.4,12.27,2.14,64.65,3,0
EX-2675,Onion,3.2,6.0,12.89,1.14,83.59,2,0
EX-2676,Banana,8.3,2.0,6.28,4.34,59.51,3,0
EX-2677,Banana,7.1,2.9,20.42,2.55,41.43,3,0
EX-2678,Tomato,4.7,1.0,32.95,2.71,69.1,4,1
EX-2679,Mango,12.0,6.5,8.05,1.04,42.22,1,0
EX-2680,Potato,3.8,2.6,14.38,6.62,79.65,2,1
EX-2681,Tomato,10.9,7.0,35.95,6.14,82.91,2,1
EX-2682,Mango,11.8,2.3,15.75,7.98,94.86,6,1
EX-2683,Onion,11.6,0.6,25.28,7.92,95.19,6,0
EX-2684,Banana,4.2,5.2,11.51,2.25,74.05,4,0
EX-2685,Banana,11.1,3.5,29.55,2.85,50.9,6,1
EX-2686,Banana,3.9,3.4,22.31,3.31,73.5,1,0
EX-2687,Potato,14.2,0.6,30.12,6.76,59.71,3,1
EX-2688,Banana,10.6,3.1,29.14,4.53,58.91,0,1
EX-2689,Onion,12.0,6.5,9.76,7.64,59.15,5,0
EX-2690,Onion,13.8,4.2,17.12,3.36,95.02,0,0
EX-2691,Onion,6.4,3.6,15.19,7.71,77.06,2,0
EX-2692,Mango,3.4,4.9,10.51,6.7,75.0,0,0
EX-2693,Tomato,3.8,6.4,16.96,2.04,56.88,4,0
EX-2694,Mango,7.4,2.9,5.34,2.95,92.77,3,0
EX-2695,Tomato,14.9,1.3,17.97,6.07,62.56,6,1
EX-2696,Tomato,2.8,1.8,18.4,5.82,67.54,4,1
EX-2697,Onion,14.1,4.3,20.58,5.64,55.98,0,0
EX-2698,Tomato,7.2,5.9,23.75,2.35,59.08,4,1
EX-2699,Banana,7.4,4.2,27.86,2.66,91.1,3,1
EX-2700,Potato,10.8,5.1,14.22,5.1,86.98,1,0
EX-2701,Banana,4.5,6.3,27.73,3.93,92.83,1,1
EX-2702,Onion,2.3,5.0,6.35,7.14,49.16,5,0
EX-2703,Onion,5.1,6.5,26.64,5.92,52.6,3,0
EX-2704,Banana,14.9,4.1,35.85,1.07,46.1,6,1
EX-2705,Potato,6.7,1.6,11.43,0.83,41.55,5,0
EX-2706,Banana,6.3,5.3,31.53,3.48,40.62,0,0
EX-2707,Tomato,5.6,5.4,20.03,1.01,71.81,1,0
EX-2708,Banana,3.0,5.8,31.09,1.78,41.05,0,0
EX-2709,Tomato,5.1,4.0,17.12,1.08,84.29,5,1
EX-2710,Potato,3.1,2.8,11.72,0.76,79.15,1,0
EX-2711,Banana,10.8,5.9,30.16,5.31,81.55,0,1
EX-2712,Banana,10.7,3.4,23.54,0.86,61.89,1,0
EX-2713,Tomato,6.2,2.1,7.83,3.66,97.38,2,0
EX-2714,Tomato,10.5,0.9,34.72,1.22,88.45,5,1
EX-2715,Tomato,11.1,0.8,20.89,6.62,58.72,5,1
EX-2716,Tomato,9.7,6.6,17.25,3.71,53.48,0,0
EX-2717,Potato,5.5,0.6,25.27,0.59,52.34,1,0
EX-2718,Mango,10.2,2.3,24.34,0.83,91.36,3,1
EX-2719,Potato,11.7,3.7,35.7,5.84,85.89,6,1
EX-2720,Onion,3.4,6.7,23.6,7.86,80.39,5,1
EX-2721,Tomato,5.6,4.6,32.4,2.88,89.39,3,1
EX-2722,Mango,5.7,4.5,23.14,3.37,77.15,1,0
EX-2723,Onion,9.2,6.9,12.21,5.12,92.01,2,0
EX-2724,Tomato,11.3,5.4,24.21,0.95,61.72,2,1
EX-2725,Tomato,3.1,1.8,6.18,7.43,74.69,3,0
EX-2726,Potato,2.9,2.6,29.4,0.8,85.92,3,1
EX-2727,Potato,11.5,2.0,27.72,3.07,51.94,0,0
EX-2728,Tomato,12.2,5.0,11.9,7.05,70.25,1,1
EX-2729,Banana,9.8,0.9,20.24,7.65,43.02,1,0
EX-2730,Tomato,2.8,1.6,22.01,6.46,51.85,4,0
EX-2731,Mango,7.0,3.5,10.09,1.98,64.59,4,0
EX-2732,Tomato,5.2,4.2,35.0,2.01,90.02,3,1
EX-2733,Mango,14.3,2.8,16.71,4.03,64.52,4,0
EX-2734,Banana,11.6,5.8,29.6,0.65,62.12,6,1
EX-2735,Mango,11.6,6.5,23.45,1.65,82.15,2,0
EX-2736,Banana,7.5,3.4,16.63,5.05,44.17,1,0
EX-2737,Banana,3.7,6.5,5.13,6.96,82.36,2,0
EX-2738,Banana,6.7,3.2,17.23,6.07,62.27,2,1
EX-2739,Onion,2.0,6.3,35.77,1.43,94.06,1,0
EX-2740,Tomato,11.7,6.7,28.91,6.14,60.22,5,1
EX-2741,Banana,9.9,2.9,6.79,3.39,64.59,1,0
EX-2742,Tomato,7.7,6.5,16.2,5.8,41.64,5,0
EX-2743,Tomato,4.7,3.5,26.11,2.41,74.92,5,1
EX-2744,Tomato,1.2,5.5,24.98,7.38,63.06,4,1
EX-2745,Mango,8.3,1.7,18.11,6.72,54.67,2,0
EX-2746,Onion,14.5,4.8,16.87,2.81,63.87,5,0
EX-2747,Mango,2.5,4.2,29.72,6.61,55.6,1,1
EX-2748,Banana,10.8,0.5,10.22,4.19,45.62,6,0
EX-2749,Banana,8.3,4.8,27.72,1.78,61.73,5,1
EX-2750,Tomato,3.8,1.7,34.4,3.88,87.23,1,1
EX-2751,Tomato,1.8,1.7,28.53,2.45,92.33,3,1
EX-2752,Banana,9.8,4.6,31.92,1.75,57.0,3,1
EX-2753,Mango,4.9,2.7,23.16,4.08,79.02,0,0
EX-2754,Mango,1.9,5.4,5.22,4.87,97.28,0,0
EX-2755,Tomato,8.3,0.5,23.69,7.9,84.16,3,1
EX-2756,Banana,11.6,4.4,15.43,5.61,59.9,2,0
EX-2757,Tomato,14.2,4.8,16.73,0.93,60.65,2,0
EX-2758,Mango,1.0,6.2,17.46,6.77,93.65,0,0
EX-2759,Onion,2.7,3.9,34.48,6.14,54.42,3,1
EX-2760,Onion,10.6,6.2,20.96,5.45,40.18,5,0
EX-2761,Potato,1.2,2.8,6.42,6.56,58.88,3,0
EX-2762,Tomato,9.5,3.1,23.99,1.11,64.82,3,1
EX-2763,Mango,11.3,2.4,11.05,1.57,70.16,4,0
EX-2764,Onion,1.4,3.7,7.7,6.74,97.79,6,0
EX-2765,Banana,3.4,3.4,8.59,5.47,53.97,1,0
EX-2766,Tomato,11.5,4.8,7.77,3.76,81.51,1,0
EX-2767,Potato,13.6,5.5,11.83,2.43,67.63,5,0
EX-2768,Mango,10.3,6.5,24.64,4.19,86.14,2,1
EX-2769,Tomato,14.0,5.5,23.62,5.33,61.87,5,1
EX-2770,Banana,10.2,5.6,34.95,3.78,53.54,2,1
EX-2771,Mango,5.1,1.2,15.55,4.94,50.91,0,0
EX-2772,Onion,6.1,6.0,34.58,4.83,40.1,0,0
EX-2773,Onion,8.5,6.0,35.38,2.9,61.17,5,1
EX-2774,Tomato,8.3,4.4,11.89,3.46,71.22,3,0
EX-2775,Potato,3.0,6.6,30.95,4.25,66.44,4,1
EX-2776,Potato,3.0,4.8,29.84,5.77,74.74,2,1
EX-2777,Onion,14.9,1.3,35.9,5.8,67.74,6,1
EX-2778,Tomato,7.9,5.1,16.68,7.86,59.32,6,1
EX-2779,Tomato,12.9,6.6,11.98,6.02,93.54,6,1
EX-2780,Tomato,13.0,5.2,14.27,6.61,92.92,1,0
EX-2781,Mango,8.7,2.7,26.01,7.93,83.95,3,1
EX-2782,Mango,8.4,2.3,26.59,1.96,89.66,3,1
EX-2783,Mango,2.8,5.4,22.99,6.54,89.29,5,1
EX-2784,Potato,7.4,1.6,9.26,5.72,56.88,1,0
EX-2785,Tomato,4.1,5.4,27.79,0.57,82.11,4,1
EX-2786,Mango,10.5,6.9,9.58,7.63,64.77,6,1
EX-2787,Tomato,14.0,1.1,35.2,1.85,43.04,4,1
EX-2788,Potato,9.3,6.8,24.44,3.53,41.97,1,0
EX-2789,Banana,7.8,5.0,34.59,5.4,61.77,5,1
EX-2790,Mango,11.9,6.1,25.16,2.56,77.89,2,1
EX-2791,Mango,2.7,1.0,20.17,5.52,69.57,0,0
EX-2792,Onion,9.0,4.2,13.49,6.09,86.07,1,0
EX-2793,Banana,7.8,4.7,18.44,4.79,45.77,0,0
EX-2794,Onion,3.6,5.8,5.61,4.67,71.11,6,0
EX-2795,Onion,7.8,3.9,23.13,5.85,85.82,0,0
EX-2796,Tomato,14.5,6.3,10.6,4.99,50.44,4,1
EX-2797,Banana,12.2,1.3,8.99,2.05,49.35,4,0
EX-2798,Potato,12.9,0.7,35.38,4.3,61.09,4,1
EX-2799,Tomato,6.9,6.6,5.0,2.75,94.88,4,0
EX-2800,Potato,10.2,3.4,22.89,5.71,70.31,2,1
EX-2801,Onion,8.5,1.9,8.07,6.65,53.75,1,0
EX-2802,Tomato,5.2,5.9,34.68,5.02,52.53,2,1
EX-2803,Potato,2.8,4.5,7.31,2.41,62.14,1,0
EX-2804,Banana,7.4,6.6,25.97,7.55,48.31,1,1
EX-2805,Mango,9.8,2.3,24.63,5.34,81.44,4,0
EX-2806,Onion,9.5,3.2,9.76,7.94,65.15,0,0
EX-2807,Onion,4.5,2.3,21.48,5.63,63.59,2,0
EX-2808,Mango,6.1,2.7,13.47,7.02,53.09,0,0
EX-2809,Mango,6.3,6.8,16.74,1.29,93.69,1,0
EX-2810,Onion,11.2,2.5,30.46,4.17,70.68,5,1
EX-2811,Onion,13.1,4.1,23.83,7.22,49.9,6,0
EX-2812,Banana,3.5,5.7,26.01,6.42,72.0,6,1
EX-2813,Banana,7.7,1.3,5.29,4.35,49.02,1,0
EX-2814,Tomato,6.3,5.3,6.64,5.94,96.52,5,0
EX-2815,Tomato,10.5,3.2,19.19,3.79,60.53,3,1
EX-2816,Onion,5.0,6.7,21.14,5.89,93.58,1,0
EX-2817,Potato,9.9,1.1,14.48,6.28,89.02,5,1
EX-2818,Mango,2.1,2.1,7.9,4.81,44.91,2,0
EX-2819,Onion,14.0,5.8,5.33,7.61,79.27,5,0
EX-2820,Tomato,7.7,3.8,35.94,7.16,80.48,3,1
EX-2821,Mango,9.6,6.4,28.12,5.86,80.75,5,1
EX-2822,Potato,4.4,5.3,34.48,6.68,91.06,4,1
EX-2823,Onion,1.6,3.4,10.22,7.48,84.3,1,0
EX-2824,Tomato,2.1,6.0,20.92,7.64,64.52,3,0
EX-2825,Tomato,6.2,1.2,33.34,2.37,71.27,6,1
EX-2826,Mango,5.1,3.6,13.21,0.52,76.61,3,0
EX-2827,Tomato,13.9,6.5,34.73,4.37,91.82,3,1
EX-2828,Onion,12.9,0.9,5.18,3.95,57.3,0,0
EX-2829,Mango,5.9,5.2,17.46,0.57,64.99,1,0
EX-2830,Mango,8.4,6.3,17.73,7.35,40.4,6,1
EX-2831,Potato,4.2,3.1,14.28,3.71,50.57,6,1
EX-2832,Potato,2.5,3.4,31.02,1.71,60.52,3,1
EX-2833,Mango,6.0,6.2,11.15,1.92,42.33,3,1
EX-2834,Banana,11.4,6.4,9.97,1.99,67.8,5,0
EX-2835,Potato,2.7,3.7,20.36,5.61,47.39,6,1
EX-2836,Banana,8.0,6.5,31.13,3.42,46.36,0,1
EX-2837,Mango,2.8,2.7,5.42,5.63,43.02,6,0
EX-2838,Potato,7.0,4.4,5.25,4.1,56.37,0,0
EX-2839,Banana,4.5,1.5,20.85,2.37,84.47,6,1
EX-2840,Potato,14.9,2.1,30.44,1.99,80.97,6,1
EX-2841,Mango,10.8,3.8,10.62,7.94,74.29,5,1
EX-2842,Tomato,4.2,1.4,6.19,7.93,93.89,3,0
EX-2843,Mango,9.6,1.1,6.58,3.55,57.77,5,0
EX-2844,Tomato,4.1,3.3,6.9,3.7,43.0,0,0
EX-2845,Potato,6.1,6.6,27.06,2.35,91.92,1,0
EX-2846,Mango,1.0,4.8,14.97,2.64,56.25,4,0
EX-2847,Mango,7.0,2.1,20.23,3.01,46.47,5,1
EX-2848,Mango,10.6,5.5,9.04,3.2,86.98,5,1
EX-2849,Onion,8.4,2.9,25.16,2.08,62.27,0,0
EX-2850,Tomato,9.8,4.4,6.27,7.76,91.27,6,0
EX-2851,Tomato,3.7,3.4,8.06,7.56,75.9,2,0
EX-2852,Banana,14.9,1.8,27.34,0.83,51.12,4,1
EX-2853,Potato,13.5,5.4,31.23,4.7,60.15,2,1
EX-2854,Banana,9.8,1.3,18.52,4.12,70.38,4,0
EX-2855,Mango,3.3,2.3,34.99,2.67,95.44,0,0
EX-2856,Tomato,11.4,3.1,26.23,7.03,96.35,1,0
EX-2857,Banana,11.5,3.0,29.16,3.51,55.75,1,1
EX-2858,Mango,3.2,1.9,26.6,7.09,85.86,3,1
EX-2859,Onion,10.9,3.9,14.41,2.15,81.08,4,0
EX-2860,Mango,3.4,0.8,12.38,0.79,48.59,2,0
EX-2861,Tomato,4.8,5.6,24.91,2.37,87.76,4,1
EX-2862,Mango,1.0,2.8,23.76,3.27,44.83,5,0
EX-2863,Onion,4.7,1.4,32.85,2.71,97.15,5,1
EX-2864,Mango,12.5,1.9,34.92,1.83,96.35,4,1
EX-2865,Onion,2.5,5.3,16.84,5.4,90.46,5,0
EX-2866,Onion,8.7,5.8,11.84,2.52,73.74,6,0
EX-2867,Banana,3.2,2.0,27.51,3.26,92.33,0,0
EX-2868,Banana,3.5,1.7,31.73,1.92,68.45,5,1
EX-2869,Tomato,10.1,0.6,10.05,1.83,62.86,4,0
EX-2870,Tomato,2.0,1.0,12.6,7.32,96.28,0,0
EX-2871,Onion,2.9,5.4,5.37,1.25,62.27,0,0
EX-2872,Mango,11.7,4.7,6.36,2.36,44.85,1,0
EX-2873,Onion,1.2,6.8,34.69,1.3,82.7,2,0
EX-2874,Mango,3.8,3.6,22.45,3.83,49.46,2,0
EX-2875,Banana,3.2,0.9,26.45,5.21,47.14,6,1
EX-2876,Mango,2.4,2.4,20.86,6.77,48.23,1,0
EX-2877,Mango,4.2,3.0,15.95,2.65,93.46,5,0
EX-2878,Banana,10.6,5.1,32.95,4.19,97.46,1,1
EX-2879,Mango,14.4,2.3,7.36,3.0,60.91,0,0
EX-2880,Mango,9.5,1.7,21.44,5.0,79.41,1,0
EX-2881,Potato,9.7,2.4,32.14,2.53,68.96,2,1
EX-2882,Potato,12.4,5.1,7.37,0.52,94.12,1,0
EX-2883,Tomato,5.5,3.0,27.36,6.39,67.75,0,0
EX-2884,Mango,9.1,6.7,13.63,1.18,97.7,1,0
EX-2885,Banana,5.9,3.7,19.92,7.8,74.9,5,1
EX-2886,Potato,2.9,6.6,33.57,3.37,71.86,4,1
EX-2887,Onion,7.9,4.0,12.13,1.13,81.47,4,0
EX-2888,Onion,11.9,5.8,11.8,1.15,60.98,1,0
EX-2889,Mango,6.1,3.6,9.14,1.33,92.86,2,0
EX-2890,Tomato,5.1,1.4,31.45,7.79,92.95,1,1
EX-2891,Tomato,12.6,0.9,9.27,7.72,80.83,3,0
EX-2892,Mango,10.7,3.3,6.68,1.3,73.73,3,0
EX-2893,Onion,13.2,0.7,16.32,1.09,44.47,4,0
EX-2894,Banana,3.1,1.7,28.05,6.11,80.52,2,1
EX-2895,Banana,6.8,2.7,29.22,5.71,56.63,1,0
EX-2896,Mango,13.3,0.7,28.29,4.27,40.63,6,1
EX-2897,Banana,10.5,6.2,22.18,6.72,93.31,4,1
EX-2898,Potato,10.9,3.3,9.86,7.8,70.25,1,0
EX-2899,Tomato,6.6,0.9,17.16,6.67,96.61,4,1
EX-2900,Mango,12.4,3.5,14.71,5.31,87.98,1,0
EX-2901,Mango,12.2,4.7,11.04,1.31,44.51,4,0
EX-2902,Potato,1.4,2.3,21.79,0.99,74.63,6,1
EX-2903,Potato,3.6,1.8,33.81,2.3,44.93,4,1
EX-2904,Onion,1.6,6.9,20.0,0.86,45.41,2,0
EX-2905,Mango,14.7,5.4,34.72,4.25,58.24,3,1
EX-2906,Potato,14.6,5.1,8.02,3.55,83.0,0,0
EX-2907,Onion,12.3,1.5,23.2,3.37,74.01,6,1
EX-2908,Mango,5.1,1.5,19.36,7.14,45.41,5,0
EX-2909,Tomato,13.4,5.7,25.28,6.27,49.34,4,1
EX-2910,Onion,14.9,4.5,21.22,6.26,65.95,1,0
EX-2911,Potato,5.1,4.6,34.14,0.8,81.34,5,1
EX-2912,Banana,4.3,7.0,23.81,7.69,72.88,3,1
EX-2913,Mango,12.3,1.4,31.98,4.6,96.2,6,1
EX-2914,Mango,8.0,3.5,10.26,2.72,43.95,4,0
EX-2915,Potato,5.9,1.0,27.03,3.96,97.2,2,0
EX-2916,Banana,10.1,1.4,8.84,4.77,42.3,6,1
EX-2917,Potato,6.6,6.1,33.43,1.47,61.27,6,1
EX-2918,Onion,14.3,2.9,26.15,4.29,55.24,5,0
EX-2919,Mango,9.7,4.7,27.97,2.34,87.63,0,1
EX-2920,Tomato,12.9,2.4,9.9,3.49,44.23,3,0
EX-2921,Banana,10.4,2.8,19.52,4.51,87.46,0,0
EX-2922,Mango,3.5,1.2,34.75,3.48,65.12,3,1
EX-2923,Potato,1.9,2.7,23.74,2.09,82.99,0,0
EX-2924,Potato,7.4,4.0,34.4,1.59,52.38,4,1
EX-2925,Mango,14.8,5.5,6.93,6.56,85.79,3,1
EX-2926,Tomato,1.8,6.1,34.53,5.63,55.65,5,1
EX-2927,Tomato,2.2,1.0,17.56,2.74,81.31,6,1
EX-2928,Banana,8.3,4.9,13.04,6.73,45.36,3,0
EX-2929,Potato,14.5,2.4,11.16,7.56,67.93,4,1
EX-2930,Tomato,14.5,3.3,33.29,4.78,87.73,4,1
EX-2931,Onion,3.8,5.2,22.93,1.58,78.52,6,0
EX-2932,Potato,1.2,6.3,33.95,4.25,58.35,6,1
EX-2933,Banana,4.7,5.2,35.64,7.57,89.72,5,1
EX-2934,Banana,9.9,4.3,6.13,6.09,50.88,5,1
EX-2935,Onion,11.8,4.4,11.7,2.07,51.09,5,0
EX-2936,Onion,14.4,2.9,16.28,2.76,57.8,6,0
EX-2937,Mango,10.8,4.7,19.14,3.58,60.43,4,0
EX-2938,Banana,8.3,5.5,8.51,1.82,64.85,1,0
EX-2939,Onion,9.3,4.0,16.83,6.84,79.94,3,0
EX-2940,Potato,10.8,6.6,33.08,1.24,45.08,6,1
EX-2941,Mango,2.3,0.6,33.91,1.28,83.5,4,1
EX-2942,Onion,2.4,3.4,23.02,0.74,56.81,3,0
EX-2943,Tomato,4.1,3.5,16.81,1.97,67.24,0,0
EX-2944,Potato,14.5,6.4,17.8,6.65,80.82,5,1
EX-2945,Banana,1.1,2.9,11.94,2.63,91.02,2,0
EX-2946,Potato,12.7,5.7,17.86,2.31,92.21,3,0
EX-2947,Mango,1.2,1.5,16.61,6.63,87.56,4,0
EX-2948,Potato,5.7,6.7,35.78,2.31,96.46,1,1
EX-2949,Onion,10.0,5.9,29.84,4.83,47.47,5,1
EX-2950,Banana,14.7,1.6,33.03,4.38,65.37,0,1
EX-2951,Tomato,8.1,4.6,29.31,6.82,76.38,2,1
EX-2952,Onion,3.2,2.6,7.89,0.69,40.67,6,0
EX-2953,Onion,3.1,4.5,21.85,7.79,73.16,0,0
EX-2954,Tomato,14.8,4.6,29.11,1.9,77.85,1,1
EX-2955,Potato,3.7,6.0,27.52,6.55,61.93,2,0
EX-2956,Mango,4.8,6.6,24.45,5.29,73.6,0,0
EX-2957,Mango,7.4,4.4,8.32,2.62,91.89,0,0
EX-2958,Mango,7.9,2.8,30.99,3.43,68.48,0,0
EX-2959,Banana,2.0,6.7,7.37,5.66,61.76,2,0
EX-2960,Banana,12.3,1.7,5.31,1.84,72.9,4,0
EX-2961,Mango,2.6,2.7,15.75,7.96,74.8,0,0
EX-2962,Tomato,8.3,2.2,8.77,5.05,71.09,4,0
EX-2963,Onion,11.7,1.9,16.31,7.24,41.71,1,0
EX-2964,Tomato,2.2,5.0,8.92,2.55,51.56,0,1
EX-2965,Potato,10.9,4.7,19.48,6.57,65.29,3,1
EX-2966,Tomato,4.5,1.8,31.23,5.88,95.79,0,0
EX-2967,Onion,12.1,4.3,10.14,2.04,81.88,3,0
EX-2968,Banana,6.9,5.4,30.29,5.17,75.22,3,1
EX-2969,Tomato,8.9,2.9,24.61,0.98,49.7,0,0
EX-2970,Onion,4.5,3.2,23.72,7.08,95.12,4,0
EX-2971,Potato,6.6,1.2,30.08,3.72,50.78,1,0
EX-2972,Mango,4.0,2.9,9.5,2.86,40.56,5,0
EX-2973,Mango,11.0,1.9,22.59,2.91,53.49,0,0
EX-2974,Banana,5.0,1.9,11.74,4.71,81.54,6,0
EX-2975,Mango,9.0,4.7,26.15,3.76,87.18,1,1
EX-2976,Tomato,1.7,3.7,6.45,2.56,46.92,3,0
EX-2977,Tomato,9.4,4.3,12.33,0.66,41.03,6,1
EX-2978,Onion,14.8,6.4,13.82,6.81,63.36,4,0
EX-2979,Onion,1.5,4.7,7.15,1.21,86.55,5,0
EX-2980,Potato,4.8,5.4,17.41,4.67,58.16,4,1
EX-2981,Mango,6.5,5.0,19.09,6.87,96.09,0,0
EX-2982,Potato,14.1,1.2,11.94,6.69,48.05,2,0
EX-2983,Banana,4.2,1.1,27.45,6.59,87.34,4,1
EX-2984,Mango,14.1,6.1,13.05,6.39,46.43,2,0
EX-2985,Mango,4.7,5.0,29.54,3.35,80.52,1,1
EX-2986,Onion,7.4,1.3,31.72,6.15,91.49,3,1
EX-2987,Banana,10.4,3.9,12.46,4.08,68.43,2,0
EX-2988,Potato,11.8,3.6,7.85,6.25,81.26,2,0
EX-2989,Onion,12.7,2.1,25.06,6.92,80.31,0,0
EX-2990,Banana,1.8,0.6,11.7,6.64,50.9,0,0
EX-2991,Potato,3.9,4.3,21.36,6.94,84.11,2,0
EX-2992,Banana,10.2,6.0,8.28,1.48,93.17,3,0
EX-2993,Banana,13.2,3.8,29.18,1.91,56.11,1,1
EX-2994,Potato,14.3,4.3,8.16,3.96,46.22,0,0
EX-2995,Tomato,1.2,3.5,13.27,4.07,70.79,2,0
EX-2996,Potato,2.7,4.1,15.99,2.09,63.02,3,0
EX-2997,Onion,5.7,3.4,16.46,0.87,62.19,3,0
EX-2998,Tomato,5.1,3.1,23.42,4.47,68.63,3,1
EX-2999,Mango,10.5,4.7,34.73,2.15,43.08,0,0
