batch_id,crop_type,pesticide_residue_level,certification_valid,certificate_expiry_days_remaining,destination_market,mrl_limit,compliance_pass
C-BATCH-3000,Mango,0.0309,1,53,EU,0.1,1
C-BATCH-3001,Onion,0.0351,1,120,EU,0.3,1
C-BATCH-3002,Mango,0.124,1,113,Gulf,0.2,1
C-BATCH-3003,Potato,0.0148,1,143,EU,0.05,1
C-BATCH-3004,Potato,0.008,1,310,EU,0.05,1
C-BATCH-3005,Mango,0.0364,0,-160,Gulf,0.2,0
C-BATCH-3006,Onion,1.0611,1,117,Domestic,1.5,1
C-BATCH-3007,Mango,0.1264,1,187,EU,0.1,0
C-BATCH-3008,Potato,0.0301,1,37,EU,0.05,1
C-BATCH-3009,Tomato,0.1248,1,328,Gulf,0.5,1
C-BATCH-3010,Tomato,0.3265,1,17,Gulf,0.5,1
C-BATCH-3011,Banana,0.3046,1,162,Domestic,0.4,1
C-BATCH-3012,Banana,0.6263,1,72,Domestic,0.4,0
C-BATCH-3013,Onion,0.3099,0,-78,Gulf,0.7,0
C-BATCH-3014,Tomato,0.2903,0,-141,Gulf,0.5,0
C-BATCH-3015,Banana,0.0716,0,-45,Gulf,0.2,0
C-BATCH-3016,Onion,0.0406,0,-112,EU,0.3,0
C-BATCH-3017,Potato,0.0117,1,135,EU,0.05,1
C-BATCH-3018,Tomato,0.8964,1,328,Gulf,0.5,0
C-BATCH-3019,Tomato,0.0301,0,-45,EU,0.2,0
C-BATCH-3020,Onion,0.3858,1,158,Domestic,1.5,1
C-BATCH-3021,Tomato,0.4229,1,36,Gulf,0.5,1
C-BATCH-3022,Onion,0.138,1,136,EU,0.3,1
C-BATCH-3023,Onion,2.7599,1,354,Domestic,1.5,0
C-BATCH-3024,Potato,0.4605,1,265,Domestic,0.3,0
C-BATCH-3025,Tomato,0.0243,1,302,EU,0.2,1
C-BATCH-3026,Mango,0.0428,0,-96,Gulf,0.2,0
C-BATCH-3027,Tomato,0.2795,1,293,Domestic,1.0,1
C-BATCH-3028,Tomato,0.958,1,221,Domestic,1.0,1
C-BATCH-3029,Banana,0.3213,1,331,Domestic,0.4,1
C-BATCH-3030,Banana,0.1432,1,98,Gulf,0.2,1
C-BATCH-3031,Tomato,0.5396,0,-161,Domestic,1.0,0
C-BATCH-3032,Onion,0.2546,1,48,EU,0.3,1
C-BATCH-3033,Tomato,0.0816,0,-165,EU,0.2,0
C-BATCH-3034,Mango,0.3646,1,217,Domestic,0.5,1
C-BATCH-3035,Onion,0.1085,1,30,Gulf,0.7,1
C-BATCH-3036,Onion,0.046,1,258,EU,0.3,1
C-BATCH-3037,Onion,0.1149,0,-163,EU,0.3,0
C-BATCH-3038,Tomato,0.7013,1,305,Domestic,1.0,1
C-BATCH-3039,Mango,0.2669,1,134,Domestic,0.5,1
C-BATCH-3040,Potato,0.0118,1,235,EU,0.05,1
C-BATCH-3041,Mango,0.0857,0,-162,EU,0.1,0
C-BATCH-3042,Onion,0.534,1,126,Domestic,1.5,1
C-BATCH-3043,Tomato,1.6144,1,335,Domestic,1.0,0
C-BATCH-3044,Onion,1.2083,0,-113,Domestic,1.5,0
C-BATCH-3045,Mango,0.0537,1,176,Gulf,0.2,1
C-BATCH-3046,Potato,0.0756,1,48,Gulf,0.1,1
C-BATCH-3047,Potato,0.0366,1,135,EU,0.05,1
C-BATCH-3048,Banana,0.1076,1,354,Gulf,0.2,1
C-BATCH-3049,Onion,0.417,1,66,EU,0.3,0
C-BATCH-3050,Potato,0.0514,1,53,EU,0.05,0
C-BATCH-3051,Onion,2.5014,0,-120,Domestic,1.5,0
C-BATCH-3052,Tomato,0.6186,1,211,Domestic,1.0,1
C-BATCH-3053,Tomato,0.6565,1,20,Domestic,1.0,1
C-BATCH-3054,Tomato,0.2754,1,117,EU,0.2,0
C-BATCH-3055,Tomato,0.7948,0,-109,Domestic,1.0,0
C-BATCH-3056,Onion,1.0362,1,15,Domestic,1.5,1
C-BATCH-3057,Potato,0.0411,1,306,EU,0.05,1
C-BATCH-3058,Potato,0.15,1,296,Domestic,0.3,1
C-BATCH-3059,Mango,0.1077,1,352,Gulf,0.2,1
C-BATCH-3060,Tomato,0.7877,0,-21,Domestic,1.0,0
C-BATCH-3061,Mango,0.2749,1,168,Gulf,0.2,0
C-BATCH-3062,Potato,0.036,0,-7,Gulf,0.1,0
C-BATCH-3063,Tomato,0.1724,1,156,Gulf,0.5,1
C-BATCH-3064,Banana,0.0765,1,346,Gulf,0.2,1
C-BATCH-3065,Banana,0.0463,1,325,Gulf,0.2,1
C-BATCH-3066,Mango,0.0265,1,13,EU,0.1,1
C-BATCH-3067,Banana,0.1782,1,323,Gulf,0.2,1
C-BATCH-3068,Banana,0.0915,1,55,Domestic,0.4,1
C-BATCH-3069,Tomato,0.3175,1,286,EU,0.2,0
C-BATCH-3070,Mango,0.2333,1,287,Domestic,0.5,1
C-BATCH-3071,Banana,0.3884,1,281,Gulf,0.2,0
C-BATCH-3072,Tomato,0.6554,1,327,Gulf,0.5,0
C-BATCH-3073,Onion,0.5763,1,147,Domestic,1.5,1
C-BATCH-3074,Potato,0.2159,1,197,Domestic,0.3,1
C-BATCH-3075,Tomato,0.0779,1,32,EU,0.2,1
C-BATCH-3076,Banana,0.5938,1,295,Domestic,0.4,0
C-BATCH-3077,Mango,0.1888,0,-73,Domestic,0.5,0
C-BATCH-3078,Onion,0.9554,1,249,Gulf,0.7,1
C-BATCH-3079,Potato,0.0304,1,240,Gulf,0.1,1
C-BATCH-3080,Onion,0.2692,1,14,Gulf,0.7,1
C-BATCH-3081,Banana,0.0995,1,168,EU,0.1,1
C-BATCH-3082,Potato,0.1375,1,216,Domestic,0.3,1
C-BATCH-3083,Mango,0.2393,0,-91,Domestic,0.5,0
C-BATCH-3084,Mango,0.0166,1,11,Gulf,0.2,1
C-BATCH-3085,Tomato,0.0321,0,-61,EU,0.2,0
C-BATCH-3086,Potato,0.0434,1,84,EU,0.05,1
C-BATCH-3087,Mango,0.0701,1,193,Gulf,0.2,1
C-BATCH-3088,Tomato,0.1393,1,357,EU,0.2,1
C-BATCH-3089,Onion,0.165,1,273,EU,0.3,1
C-BATCH-3090,Potato,0.018,1,251,EU,0.05,1
C-BATCH-3091,Potato,0.1373,1,91,Gulf,0.1,0
C-BATCH-3092,Potato,0.1388,1,224,Gulf,0.1,0
C-BATCH-3093,Onion,0.4016,0,-109,Domestic,1.5,0
C-BATCH-3094,Tomato,0.5815,1,254,Domestic,1.0,1
C-BATCH-3095,Tomato,0.6252,1,306,Domestic,1.0,1
C-BATCH-3096,Potato,0.0826,1,209,Gulf,0.1,1
C-BATCH-3097,Tomato,0.3235,1,9,Gulf,0.5,1
C-BATCH-3098,Tomato,0.3299,1,243,Domestic,1.0,1
C-BATCH-3099,Potato,0.4279,1,233,Domestic,0.3,0
C-BATCH-3100,Potato,0.0087,1,275,EU,0.05,1
C-BATCH-3101,Tomato,0.0884,1,269,EU,0.2,1
C-BATCH-3102,Mango,0.0354,1,363,EU,0.1,1
C-BATCH-3103,Potato,0.0701,1,65,EU,0.05,0
C-BATCH-3104,Banana,0.146,1,226,EU,0.1,0
C-BATCH-3105,Mango,0.6837,1,206,Domestic,0.5,0
C-BATCH-3106,Onion,0.2157,1,156,Gulf,0.7,1
C-BATCH-3107,Tomato,0.0842,1,317,EU,0.2,1
C-BATCH-3108,Onion,0.6674,0,-71,Domestic,1.5,0
C-BATCH-3109,Onion,0.1954,0,-127,EU,0.3,0
C-BATCH-3110,Potato,0.0184,1,81,Gulf,0.1,0
C-BATCH-3111,Banana,0.0634,1,362,Gulf,0.2,1
C-BATCH-3112,Banana,0.0796,1,321,EU,0.1,1
C-BATCH-3113,Tomato,0.3918,1,137,Domestic,1.0,1
C-BATCH-3114,Mango,0.0321,1,292,EU,0.1,1
C-BATCH-3115,Banana,0.0343,1,140,EU,0.1,1
C-BATCH-3116,Banana,0.0513,1,166,Domestic,0.4,1
C-BATCH-3117,Mango,0.0547,0,-30,EU,0.1,0
C-BATCH-3118,Potato,0.0724,1,334,Gulf,0.1,1
C-BATCH-3119,Potato,0.0666,1,47,EU,0.05,0
C-BATCH-3120,Banana,0.0872,1,211,Domestic,0.4,1
C-BATCH-3121,Potato,0.1721,1,233,Gulf,0.1,0
C-BATCH-3122,Potato,0.2249,0,-180,Domestic,0.3,0
C-BATCH-3123,Onion,0.2559,1,256,Domestic,1.5,1
C-BATCH-3124,Mango,0.0228,1,358,EU,0.1,1
C-BATCH-3125,Mango,0.0778,1,283,Gulf,0.2,0
C-BATCH-3126,Banana,0.0682,1,61,EU,0.1,1
C-BATCH-3127,Tomato,1.0865,1,213,Domestic,1.0,0
C-BATCH-3128,Banana,0.0213,1,307,EU,0.1,1
C-BATCH-3129,Tomato,0.1335,1,260,EU,0.2,1
C-BATCH-3130,Mango,0.3253,1,338,Domestic,0.5,1
C-BATCH-3131,Tomato,0.3623,1,279,Domestic,1.0,1
C-BATCH-3132,Potato,0.0498,1,211,EU,0.05,1
C-BATCH-3133,Banana,0.25,0,-14,Gulf,0.2,0
C-BATCH-3134,Banana,0.0778,1,52,EU,0.1,1
C-BATCH-3135,Banana,0.052,1,210,EU,0.1,1
C-BATCH-3136,Tomato,0.1575,1,355,EU,0.2,1
C-BATCH-3137,Mango,0.904,1,163,Domestic,0.5,0
C-BATCH-3138,Banana,0.0384,1,148,Gulf,0.2,1
C-BATCH-3139,Mango,0.8195,1,52,Domestic,0.5,0
C-BATCH-3140,Potato,0.0354,1,192,EU,0.05,1
C-BATCH-3141,Tomato,0.3384,1,90,Gulf,0.5,1
C-BATCH-3142,Banana,0.0786,1,119,Gulf,0.2,1
C-BATCH-3143,Potato,0.0349,1,148,Domestic,0.3,1
C-BATCH-3144,Tomato,0.0744,1,328,EU,0.2,1
C-BATCH-3145,Potato,0.3114,1,248,Domestic,0.3,0
C-BATCH-3146,Banana,0.052,1,12,Gulf,0.2,1
C-BATCH-3147,Banana,0.2731,1,26,Domestic,0.4,1
C-BATCH-3148,Banana,0.1195,1,113,Domestic,0.4,1
C-BATCH-3149,Onion,0.9833,1,71,Domestic,1.5,1
C-BATCH-3150,Mango,0.0688,1,68,Domestic,0.5,1
C-BATCH-3151,Potato,0.0747,1,277,Domestic,0.3,1
C-BATCH-3152,Potato,0.027,1,247,Gulf,0.1,1
C-BATCH-3153,Potato,0.1767,1,39,Gulf,0.1,0
C-BATCH-3154,Tomato,0.4248,0,-38,Gulf,0.5,0
C-BATCH-3155,Banana,0.0157,1,345,EU,0.1,1
C-BATCH-3156,Banana,0.1957,1,13,Gulf,0.2,1
C-BATCH-3157,Onion,1.5756,1,238,Domestic,1.5,0
C-BATCH-3158,Potato,0.0145,0,-103,Gulf,0.1,0
C-BATCH-3159,Mango,0.0536,1,190,EU,0.1,1
C-BATCH-3160,Onion,0.8943,0,-13,Domestic,1.5,0
C-BATCH-3161,Banana,0.1706,1,190,Gulf,0.2,1
C-BATCH-3162,Banana,0.0932,1,279,EU,0.1,1
C-BATCH-3163,Potato,0.0101,1,233,EU,0.05,1
C-BATCH-3164,Tomato,0.4382,1,171,Gulf,0.5,1
C-BATCH-3165,Tomato,0.3715,1,301,Gulf,0.5,1
C-BATCH-3166,Tomato,0.7326,1,142,Domestic,1.0,1
C-BATCH-3167,Tomato,0.1587,1,14,EU,0.2,1
C-BATCH-3168,Potato,0.005,1,65,EU,0.05,1
C-BATCH-3169,Onion,0.1258,1,263,EU,0.3,1
C-BATCH-3170,Banana,0.1034,1,338,Gulf,0.2,1
C-BATCH-3171,Banana,0.157,1,206,Gulf,0.2,1
C-BATCH-3172,Mango,0.2144,0,-98,Domestic,0.5,0
C-BATCH-3173,Mango,0.0592,1,167,EU,0.1,1
C-BATCH-3174,Onion,0.3451,1,360,Gulf,0.7,1
C-BATCH-3175,Onion,0.9303,0,-75,Gulf,0.7,0
C-BATCH-3176,Banana,0.0688,1,341,Domestic,0.4,1
C-BATCH-3177,Tomato,0.4533,1,48,Gulf,0.5,1
C-BATCH-3178,Potato,0.0263,1,169,EU,0.05,1
C-BATCH-3179,Banana,0.825,1,27,Domestic,0.4,0
C-BATCH-3180,Onion,0.8471,1,337,Domestic,1.5,1
C-BATCH-3181,Mango,0.5833,1,294,Domestic,0.5,0
C-BATCH-3182,Banana,0.3439,1,330,Gulf,0.2,0
C-BATCH-3183,Onion,0.7759,1,360,Gulf,0.7,0
C-BATCH-3184,Potato,0.2224,1,206,Domestic,0.3,1
C-BATCH-3185,Mango,0.0297,1,175,EU,0.1,1
C-BATCH-3186,Potato,0.083,1,27,Gulf,0.1,1
C-BATCH-3187,Onion,0.0901,1,249,EU,0.3,1
C-BATCH-3188,Banana,0.1768,1,57,Domestic,0.4,1
C-BATCH-3189,Onion,0.3834,1,307,Domestic,1.5,1
C-BATCH-3190,Tomato,1.6869,1,149,Domestic,1.0,0
C-BATCH-3191,Mango,0.1373,1,361,Domestic,0.5,1
C-BATCH-3192,Onion,0.5956,0,-170,Gulf,0.7,0
C-BATCH-3193,Banana,0.1407,1,364,EU,0.1,0
C-BATCH-3194,Potato,0.0417,1,317,EU,0.05,1
C-BATCH-3195,Potato,0.0099,1,206,EU,0.05,1
C-BATCH-3196,Banana,0.0888,1,40,Domestic,0.4,1
C-BATCH-3197,Mango,0.1574,1,331,Gulf,0.2,1
C-BATCH-3198,Tomato,0.0502,1,336,EU,0.2,1
C-BATCH-3199,Banana,0.2451,1,290,Domestic,0.4,1
C-BATCH-3200,Onion,2.3279,1,35,Domestic,1.5,0
C-BATCH-3201,Potato,0.1176,1,237,Domestic,0.3,1
C-BATCH-3202,Mango,0.45,0,-157,Domestic,0.5,0
C-BATCH-3203,Onion,0.8526,1,22,Domestic,1.5,1
C-BATCH-3204,Onion,0.3394,1,32,Gulf,0.7,1
C-BATCH-3205,Potato,0.0538,1,363,Gulf,0.1,1
C-BATCH-3206,Banana,0.049,1,145,Gulf,0.2,1
C-BATCH-3207,Potato,0.0718,1,34,Gulf,0.1,1
C-BATCH-3208,Onion,0.2203,0,-26,Gulf,0.7,0
C-BATCH-3209,Potato,0.0199,1,336,EU,0.05,1
C-BATCH-3210,Banana,0.0832,1,193,EU,0.1,1
C-BATCH-3211,Potato,0.0389,1,351,EU,0.05,1
C-BATCH-3212,Mango,0.1058,1,159,Gulf,0.2,1
C-BATCH-3213,Tomato,1.3904,1,71,Domestic,1.0,0
C-BATCH-3214,Potato,0.0245,1,270,EU,0.05,1
C-BATCH-3215,Potato,0.042,1,355,Gulf,0.1,1
C-BATCH-3216,Tomato,0.1848,1,122,Gulf,0.5,1
C-BATCH-3217,Onion,1.014,1,123,Domestic,1.5,1
C-BATCH-3218,Banana,0.0786,0,-62,EU,0.1,0
C-BATCH-3219,Banana,0.1658,1,310,Gulf,0.2,1
C-BATCH-3220,Potato,0.0436,1,53,EU,0.05,1
C-BATCH-3221,Onion,0.1737,1,263,EU,0.3,1
C-BATCH-3222,Banana,0.1062,1,179,EU,0.1,0
C-BATCH-3223,Banana,0.03,1,42,EU,0.1,1
C-BATCH-3224,Mango,0.8877,1,75,Domestic,0.5,0
C-BATCH-3225,Potato,0.0776,1,230,Domestic,0.3,1
C-BATCH-3226,Mango,0.0729,1,312,EU,0.1,1
C-BATCH-3227,Mango,0.0687,1,328,Domestic,0.5,1
C-BATCH-3228,Banana,0.0743,1,9,EU,0.1,1
C-BATCH-3229,Onion,0.1057,1,181,EU,0.3,1
C-BATCH-3230,Banana,0.0128,0,-163,EU,0.1,0
C-BATCH-3231,Onion,0.3441,1,241,Gulf,0.7,1
C-BATCH-3232,Banana,0.0458,1,177,Domestic,0.4,1
C-BATCH-3233,Mango,0.0634,1,280,Gulf,0.2,1
C-BATCH-3234,Tomato,0.3644,1,70,Gulf,0.5,1
C-BATCH-3235,Banana,0.0165,1,22,EU,0.1,1
C-BATCH-3236,Potato,0.061,1,19,Gulf,0.1,1
C-BATCH-3237,Tomato,0.695,0,-96,Domestic,1.0,0
C-BATCH-3238,Potato,0.4938,0,-82,Domestic,0.3,0
C-BATCH-3239,Tomato,0.4181,1,137,Domestic,1.0,1
C-BATCH-3240,Banana,0.0807,1,151,EU,0.1,1
C-BATCH-3241,Mango,0.1621,1,219,Domestic,0.5,1
C-BATCH-3242,Banana,0.2681,0,-23,Domestic,0.4,0
C-BATCH-3243,Potato,0.1978,1,327,Gulf,0.1,0
C-BATCH-3244,Onion,0.5282,1,312,Gulf,0.7,1
C-BATCH-3245,Banana,0.026,1,186,EU,0.1,1
C-BATCH-3246,Onion,0.1757,0,-85,EU,0.3,0
C-BATCH-3247,Mango,0.0685,1,143,Gulf,0.2,1
C-BATCH-3248,Mango,0.0563,1,288,EU,0.1,1
C-BATCH-3249,Potato,0.0868,1,252,Gulf,0.1,1
C-BATCH-3250,Tomato,0.1422,1,45,EU,0.2,1
C-BATCH-3251,Potato,0.0195,1,154,Gulf,0.1,1
C-BATCH-3252,Tomato,0.2971,1,72,Domestic,1.0,1
C-BATCH-3253,Banana,0.0581,1,283,EU,0.1,1
C-BATCH-3254,Mango,0.0774,1,270,EU,0.1,1
C-BATCH-3255,Banana,0.161,1,231,Gulf,0.2,1
C-BATCH-3256,Onion,1.1777,1,301,Domestic,1.5,1
C-BATCH-3257,Tomato,0.7158,1,266,Domestic,1.0,1
C-BATCH-3258,Tomato,0.1308,1,266,EU,0.2,1
C-BATCH-3259,Mango,0.428,1,321,Domestic,0.5,1
C-BATCH-3260,Onion,0.054,0,-141,EU,0.3,0
C-BATCH-3261,Onion,0.8183,0,-170,Gulf,0.7,0
C-BATCH-3262,Mango,0.0419,1,334,EU,0.1,1
C-BATCH-3263,Onion,0.1072,0,-41,Domestic,1.5,0
C-BATCH-3264,Potato,0.2079,1,233,Domestic,0.3,1
C-BATCH-3265,Mango,0.0401,1,311,EU,0.1,1
C-BATCH-3266,Potato,0.1263,1,190,Gulf,0.1,0
C-BATCH-3267,Mango,0.0602,1,73,Domestic,0.5,1
C-BATCH-3268,Potato,0.3752,0,-140,Domestic,0.3,0
C-BATCH-3269,Onion,0.4752,1,264,Gulf,0.7,1
C-BATCH-3270,Potato,0.2643,1,124,Domestic,0.3,1
C-BATCH-3271,Potato,0.02,0,-13,EU,0.05,0
C-BATCH-3272,Potato,0.0239,1,136,Gulf,0.1,1
C-BATCH-3273,Banana,0.0556,1,186,Domestic,0.4,1
C-BATCH-3274,Mango,0.3121,1,320,Domestic,0.5,1
C-BATCH-3275,Mango,0.1265,1,174,EU,0.1,0
C-BATCH-3276,Potato,0.0246,1,24,EU,0.05,1
C-BATCH-3277,Potato,0.0545,0,-145,Domestic,0.3,0
C-BATCH-3278,Onion,1.2697,1,154,Domestic,1.5,1
C-BATCH-3279,Onion,0.4286,1,9,Gulf,0.7,1
C-BATCH-3280,Mango,0.3516,1,353,Domestic,0.5,1
C-BATCH-3281,Onion,0.9372,0,-32,Domestic,1.5,0
C-BATCH-3282,Mango,0.1145,1,195,Gulf,0.2,1
C-BATCH-3283,Tomato,0.1127,1,226,EU,0.2,1
C-BATCH-3284,Tomato,0.5144,1,242,Domestic,1.0,1
C-BATCH-3285,Mango,0.0316,1,340,Gulf,0.2,1
C-BATCH-3286,Banana,0.5268,1,280,Domestic,0.4,0
C-BATCH-3287,Potato,0.0847,1,153,Gulf,0.1,1
C-BATCH-3288,Potato,0.1895,1,246,Domestic,0.3,1
C-BATCH-3289,Potato,0.1729,1,203,Domestic,0.3,1
C-BATCH-3290,Tomato,0.8061,1,227,Domestic,1.0,1
C-BATCH-3291,Banana,0.0479,0,-2,EU,0.1,0
C-BATCH-3292,Mango,0.05,1,272,Gulf,0.2,1
C-BATCH-3293,Tomato,0.078,1,349,EU,0.2,1
C-BATCH-3294,Mango,0.1931,1,244,Gulf,0.2,1
C-BATCH-3295,Tomato,0.5498,0,-158,Domestic,1.0,0
C-BATCH-3296,Tomato,0.3914,1,90,Gulf,0.5,1
C-BATCH-3297,Tomato,0.2523,1,149,EU,0.2,0
C-BATCH-3298,Mango,0.1106,0,-108,Domestic,0.5,0
C-BATCH-3299,Onion,0.5848,0,-61,Gulf,0.7,0
C-BATCH-3300,Mango,0.2014,1,96,Domestic,0.5,0
C-BATCH-3301,Potato,0.192,1,328,Domestic,0.3,1
C-BATCH-3302,Banana,0.0876,1,72,Gulf,0.2,1
C-BATCH-3303,Tomato,0.0614,1,169,EU,0.2,1
C-BATCH-3304,Onion,0.1106,1,342,EU,0.3,1
C-BATCH-3305,Potato,0.0241,0,0,EU,0.05,0
C-BATCH-3306,Mango,0.2365,1,113,Gulf,0.2,0
C-BATCH-3307,Banana,0.0812,1,360,EU,0.1,1
C-BATCH-3308,Banana,0.3619,1,349,Gulf,0.2,0
C-BATCH-3309,Mango,0.1235,1,289,Gulf,0.2,1
C-BATCH-3310,Onion,0.3441,1,267,Gulf,0.7,1
C-BATCH-3311,Tomato,0.1116,1,29,Gulf,0.5,1
C-BATCH-3312,Onion,0.2769,1,158,Domestic,1.5,1
C-BATCH-3313,Banana,0.6892,1,24,Domestic,0.4,0
C-BATCH-3314,Mango,0.3967,1,242,Gulf,0.2,0
C-BATCH-3315,Banana,0.0675,0,-15,EU,0.1,0
C-BATCH-3316,Potato,0.2466,1,42,Domestic,0.3,1
C-BATCH-3317,Onion,0.1036,1,276,EU,0.3,1
C-BATCH-3318,Tomato,0.9049,1,153,Gulf,0.5,0
C-BATCH-3319,Onion,1.0665,1,178,Domestic,1.5,1
C-BATCH-3320,Tomato,0.0645,1,315,Gulf,0.5,1
C-BATCH-3321,Mango,0.0205,1,307,EU,0.1,1
C-BATCH-3322,Mango,0.0361,1,112,EU,0.1,1
C-BATCH-3323,Mango,0.0422,1,295,EU,0.1,1
C-BATCH-3324,Onion,0.6971,0,-11,Gulf,0.7,0
C-BATCH-3325,Banana,0.1827,1,90,Domestic,0.4,1
C-BATCH-3326,Banana,0.1774,0,-9,Gulf,0.2,0
C-BATCH-3327,Onion,0.6687,1,95,Domestic,1.5,1
C-BATCH-3328,Banana,0.1157,1,238,EU,0.1,0
C-BATCH-3329,Onion,2.217,1,125,Domestic,1.5,0
C-BATCH-3330,Potato,0.0437,1,275,Gulf,0.1,1
C-BATCH-3331,Tomato,0.1121,1,38,EU,0.2,1
C-BATCH-3332,Onion,0.1866,1,171,Gulf,0.7,1
C-BATCH-3333,Mango,0.1919,1,246,EU,0.1,0
C-BATCH-3334,Onion,0.5846,1,145,Gulf,0.7,1
C-BATCH-3335,Onion,0.2022,1,255,Gulf,0.7,1
C-BATCH-3336,Banana,0.4688,1,289,Domestic,0.4,0
C-BATCH-3337,Tomato,0.157,1,214,EU,0.2,1
C-BATCH-3338,Tomato,0.548,1,282,Domestic,1.0,1
C-BATCH-3339,Potato,0.1315,1,252,Domestic,0.3,1
C-BATCH-3340,Potato,0.0234,1,278,EU,0.05,1
C-BATCH-3341,Mango,0.1494,0,-9,Gulf,0.2,0
C-BATCH-3342,Mango,0.2926,1,78,Domestic,0.5,0
C-BATCH-3343,Onion,0.807,1,316,Domestic,1.5,1
C-BATCH-3344,Banana,0.049,1,272,EU,0.1,1
C-BATCH-3345,Onion,1.0822,1,92,Domestic,1.5,1
C-BATCH-3346,Mango,0.0343,1,182,Gulf,0.2,1
C-BATCH-3347,Banana,0.0334,1,357,EU,0.1,1
C-BATCH-3348,Mango,0.3053,1,208,Gulf,0.2,0
C-BATCH-3349,Onion,0.1446,1,256,Domestic,1.5,1
C-BATCH-3350,Potato,0.1983,0,-170,Gulf,0.1,0
C-BATCH-3351,Onion,1.3003,1,144,Domestic,1.5,1
C-BATCH-3352,Onion,0.5876,1,107,Gulf,0.7,1
C-BATCH-3353,Banana,0.0515,1,200,EU,0.1,1
C-BATCH-3354,Onion,0.9808,1,353,Domestic,1.5,1
C-BATCH-3355,Onion,0.5369,1,39,Gulf,0.7,1
C-BATCH-3356,Onion,0.4755,1,140,Gulf,0.7,1
C-BATCH-3357,Banana,0.2001,1,96,Domestic,0.4,1
C-BATCH-3358,Banana,0.0338,1,38,EU,0.1,1
C-BATCH-3359,Tomato,0.5341,1,163,Domestic,1.0,1
C-BATCH-3360,Mango,0.1332,1,53,EU,0.1,0
C-BATCH-3361,Tomato,0.5927,1,14,Domestic,1.0,1
C-BATCH-3362,Onion,0.2049,0,-177,EU,0.3,0
C-BATCH-3363,Banana,0.054,0,-118,EU,0.1,0
C-BATCH-3364,Tomato,0.1193,1,253,Gulf,0.5,1
C-BATCH-3365,Tomato,0.3048,1,185,Domestic,1.0,1
C-BATCH-3366,Tomato,0.2783,1,55,Gulf,0.5,1
C-BATCH-3367,Mango,0.2829,1,169,Domestic,0.5,1
C-BATCH-3368,Banana,0.185,1,356,Gulf,0.2,1
C-BATCH-3369,Potato,0.0961,1,356,EU,0.05,0
C-BATCH-3370,Onion,0.0934,1,187,EU,0.3,1
C-BATCH-3371,Onion,0.1602,1,282,EU,0.3,0
C-BATCH-3372,Banana,0.1542,1,36,Gulf,0.2,1
C-BATCH-3373,Banana,0.1246,1,338,Gulf,0.2,1
C-BATCH-3374,Banana,0.3803,1,206,Domestic,0.4,1
C-BATCH-3375,Banana,0.1576,1,275,Gulf,0.2,1
C-BATCH-3376,Mango,0.0637,1,332,EU,0.1,1
C-BATCH-3377,Onion,0.2862,1,221,Gulf,0.7,1
C-BATCH-3378,Mango,0.3848,1,353,Domestic,0.5,1
C-BATCH-3379,Banana,0.2555,1,257,Domestic,0.4,1
C-BATCH-3380,Mango,0.185,0,-151,Domestic,0.5,0
C-BATCH-3381,Tomato,0.4115,1,248,Domestic,1.0,1
C-BATCH-3382,Mango,0.1666,1,23,Domestic,0.5,1
C-BATCH-3383,Mango,0.1534,1,85,EU,0.1,0
C-BATCH-3384,Tomato,0.0911,1,237,Gulf,0.5,1
C-BATCH-3385,Banana,0.1176,1,15,Gulf,0.2,1
C-BATCH-3386,Tomato,0.4087,1,106,Domestic,1.0,1
C-BATCH-3387,Mango,0.1696,1,167,Gulf,0.2,1
C-BATCH-3388,Mango,0.2573,0,-100,Domestic,0.5,0
C-BATCH-3389,Onion,0.4981,1,317,Domestic,1.5,1
C-BATCH-3390,Potato,0.0559,1,123,Gulf,0.1,1
C-BATCH-3391,Tomato,0.5077,1,71,Domestic,1.0,1
C-BATCH-3392,Banana,0.0437,0,-136,EU,0.1,0
C-BATCH-3393,Banana,0.171,1,28,Domestic,0.4,1
C-BATCH-3394,Mango,0.3852,0,-51,Domestic,0.5,0
C-BATCH-3395,Banana,0.1218,1,86,Gulf,0.2,1
C-BATCH-3396,Mango,0.022,1,87,EU,0.1,1
C-BATCH-3397,Onion,0.3774,1,294,Gulf,0.7,1
C-BATCH-3398,Onion,0.9928,1,226,Domestic,1.5,1
C-BATCH-3399,Banana,0.0652,1,17,EU,0.1,1
C-BATCH-3400,Potato,0.0383,1,122,EU,0.05,1
C-BATCH-3401,Onion,0.4222,1,85,Gulf,0.7,1
C-BATCH-3402,Tomato,0.2926,1,306,EU,0.2,0
C-BATCH-3403,Potato,0.0532,0,-49,Gulf,0.1,0
C-BATCH-3404,Mango,0.171,0,-110,EU,0.1,0
C-BATCH-3405,Tomato,0.5466,1,127,Gulf,0.5,0
C-BATCH-3406,Banana,0.2084,1,193,Domestic,0.4,1
C-BATCH-3407,Mango,0.1508,0,-86,Domestic,0.5,0
C-BATCH-3408,Banana,0.3031,1,48,Domestic,0.4,1
C-BATCH-3409,Banana,0.0789,1,274,Gulf,0.2,1
C-BATCH-3410,Banana,0.0378,1,281,EU,0.1,1
C-BATCH-3411,Onion,1.0716,1,24,Domestic,1.5,1
C-BATCH-3412,Banana,0.0667,1,1,EU,0.1,1
C-BATCH-3413,Banana,0.1951,0,-103,EU,0.1,0
C-BATCH-3414,Potato,0.0152,1,333,EU,0.05,1
C-BATCH-3415,Banana,0.1174,1,336,Gulf,0.2,1
C-BATCH-3416,Mango,0.0236,1,266,EU,0.1,1
C-BATCH-3417,Mango,0.0719,0,-72,EU,0.1,0
C-BATCH-3418,Banana,0.0226,1,53,EU,0.1,1
C-BATCH-3419,Potato,0.0357,0,-16,EU,0.05,0
C-BATCH-3420,Tomato,0.0419,1,226,EU,0.2,1
C-BATCH-3421,Tomato,0.4388,1,227,Gulf,0.5,1
C-BATCH-3422,Mango,0.018,1,180,EU,0.1,1
C-BATCH-3423,Potato,0.0316,1,308,EU,0.05,1
C-BATCH-3424,Onion,0.9752,1,338,Domestic,1.5,1
C-BATCH-3425,Tomato,0.155,1,331,Gulf,0.5,1
C-BATCH-3426,Tomato,0.2326,1,37,Domestic,1.0,1
C-BATCH-3427,Mango,0.4746,0,-35,Domestic,0.5,0
C-BATCH-3428,Onion,0.3543,0,-162,Gulf,0.7,1
C-BATCH-3429,Mango,0.0042,1,204,EU,0.1,1
C-BATCH-3430,Onion,0.5138,1,276,Domestic,1.5,1
C-BATCH-3431,Potato,0.0191,1,80,EU,0.05,1
C-BATCH-3432,Banana,0.1425,1,34,Gulf,0.2,1
C-BATCH-3433,Banana,0.2168,1,223,Gulf,0.2,0
C-BATCH-3434,Onion,0.4723,1,90,Gulf,0.7,1
C-BATCH-3435,Tomato,0.238,1,265,Gulf,0.5,1
C-BATCH-3436,Potato,0.0372,0,-150,EU,0.05,0
C-BATCH-3437,Mango,0.5105,1,365,Domestic,0.5,0
C-BATCH-3438,Mango,0.1425,1,291,Domestic,0.5,1
C-BATCH-3439,Tomato,0.7679,1,60,Domestic,1.0,1
C-BATCH-3440,Onion,0.2299,1,242,EU,0.3,1
C-BATCH-3441,Tomato,0.364,1,336,EU,0.2,0
C-BATCH-3442,Potato,0.0268,1,40,EU,0.05,1
C-BATCH-3443,Mango,0.027,1,265,Gulf,0.2,1
C-BATCH-3444,Banana,0.1767,1,160,EU,0.1,0
C-BATCH-3445,Onion,0.426,1,156,Domestic,1.5,1
C-BATCH-3446,Tomato,0.8472,0,-130,Domestic,1.0,0
C-BATCH-3447,Onion,0.2257,1,278,EU,0.3,1
C-BATCH-3448,Mango,0.2836,1,158,Domestic,0.5,1
C-BATCH-3449,Onion,0.2304,0,-144,EU,0.3,0
C-BATCH-3450,Mango,0.1868,1,359,EU,0.1,0
C-BATCH-3451,Banana,0.0439,1,202,Gulf,0.2,1
C-BATCH-3452,Onion,0.2322,1,134,EU,0.3,1
C-BATCH-3453,Banana,0.2366,1,120,Gulf,0.2,0
C-BATCH-3454,Tomato,0.1024,1,85,EU,0.2,1
C-BATCH-3455,Potato,0.0987,1,232,Domestic,0.3,1
C-BATCH-3456,Potato,0.035,1,361,EU,0.05,1
C-BATCH-3457,Mango,0.1108,1,128,EU,0.1,0
C-BATCH-3458,Banana,0.0593,1,90,Gulf,0.2,1
C-BATCH-3459,Banana,0.1811,1,53,Domestic,0.4,1
C-BATCH-3460,Tomato,0.1642,0,-147,EU,0.2,0
C-BATCH-3461,Banana,0.322,1,301,Domestic,0.4,1
C-BATCH-3462,Mango,0.0962,1,66,EU,0.1,1
C-BATCH-3463,Potato,0.0228,1,294,EU,0.05,1
C-BATCH-3464,Banana,0.2427,1,110,Domestic,0.4,1
C-BATCH-3465,Potato,0.0601,1,316,Domestic,0.3,1
C-BATCH-3466,Potato,0.1631,1,144,Domestic,0.3,1
C-BATCH-3467,Banana,0.0736,1,279,EU,0.1,1
C-BATCH-3468,Banana,0.0964,1,290,Gulf,0.2,1
C-BATCH-3469,Banana,0.1241,1,144,Domestic,0.4,1
C-BATCH-3470,Banana,0.1048,1,82,Gulf,0.2,1
C-BATCH-3471,Tomato,0.5783,1,113,Domestic,1.0,1
C-BATCH-3472,Banana,0.7655,1,122,Domestic,0.4,0
C-BATCH-3473,Potato,0.0694,0,-36,Gulf,0.1,0
C-BATCH-3474,Tomato,0.3139,1,29,Domestic,1.0,1
C-BATCH-3475,Tomato,0.0176,0,-129,EU,0.2,0
C-BATCH-3476,Potato,0.0731,0,-165,Gulf,0.1,1
C-BATCH-3477,Onion,1.2135,1,187,Gulf,0.7,0
C-BATCH-3478,Potato,0.1398,1,155,Gulf,0.1,0
C-BATCH-3479,Tomato,0.8979,0,-14,Gulf,0.5,0
C-BATCH-3480,Onion,1.0575,1,341,Gulf,0.7,0
C-BATCH-3481,Tomato,0.5686,1,1,Domestic,1.0,1
C-BATCH-3482,Onion,2.4498,1,94,Domestic,1.5,0
C-BATCH-3483,Onion,0.0565,1,170,EU,0.3,1
C-BATCH-3484,Tomato,0.922,0,-158,Domestic,1.0,0
C-BATCH-3485,Potato,0.0558,1,180,Domestic,0.3,1
C-BATCH-3486,Mango,0.0714,1,86,Gulf,0.2,1
C-BATCH-3487,Banana,0.131,1,296,Domestic,0.4,1
C-BATCH-3488,Tomato,0.1568,1,11,EU,0.2,1
C-BATCH-3489,Mango,0.081,1,39,EU,0.1,1
C-BATCH-3490,Mango,0.2799,1,16,Domestic,0.5,1
C-BATCH-3491,Tomato,0.5102,1,106,Gulf,0.5,0
C-BATCH-3492,Banana,0.1596,1,339,Gulf,0.2,1
C-BATCH-3493,Tomato,0.0972,1,79,EU,0.2,1
C-BATCH-3494,Mango,0.397,1,246,Domestic,0.5,1
C-BATCH-3495,Mango,0.0346,1,60,EU,0.1,1
C-BATCH-3496,Banana,0.2176,1,279,Domestic,0.4,1
C-BATCH-3497,Potato,0.1274,1,239,Domestic,0.3,1
C-BATCH-3498,Potato,0.062,1,44,Gulf,0.1,1
C-BATCH-3499,Onion,2.127,1,199,Domestic,1.5,0
C-BATCH-3500,Banana,0.1697,1,121,Gulf,0.2,1
C-BATCH-3501,Mango,0.8692,1,265,Domestic,0.5,0
C-BATCH-3502,Onion,0.1794,1,86,EU,0.3,1
C-BATCH-3503,Tomato,0.0374,1,104,EU,0.2,1
C-BATCH-3504,Tomato,0.3753,0,-163,Gulf,0.5,0
C-BATCH-3505,Onion,1.0772,1,7,Domestic,1.5,1
C-BATCH-3506,Onion,0.2696,1,76,Gulf,0.7,1
C-BATCH-3507,Onion,0.423,1,147,EU,0.3,0
C-BATCH-3508,Potato,0.1781,1,243,Domestic,0.3,1
C-BATCH-3509,Potato,0.1545,1,20,Domestic,0.3,1
C-BATCH-3510,Potato,0.0673,0,-85,Gulf,0.1,1
C-BATCH-3511,Potato,0.1399,1,51,Domestic,0.3,1
C-BATCH-3512,Tomato,0.1292,1,165,EU,0.2,1
C-BATCH-3513,Banana,0.0391,1,209,Gulf,0.2,1
C-BATCH-3514,Onion,2.0479,1,160,Domestic,1.5,0
C-BATCH-3515,Banana,0.0531,1,89,EU,0.1,1
C-BATCH-3516,Tomato,0.0935,0,0,EU,0.2,0
C-BATCH-3517,Potato,0.1583,1,16,Domestic,0.3,1
C-BATCH-3518,Banana,0.1651,1,283,Gulf,0.2,1
C-BATCH-3519,Tomato,0.6542,1,198,Domestic,1.0,1
C-BATCH-3520,Onion,0.4427,1,138,EU,0.3,0
C-BATCH-3521,Onion,0.5958,1,243,EU,0.3,0
C-BATCH-3522,Tomato,0.4983,1,157,Gulf,0.5,1
C-BATCH-3523,Potato,0.5529,1,112,Domestic,0.3,0
C-BATCH-3524,Onion,0.097,1,340,Gulf,0.7,1
C-BATCH-3525,Potato,0.0467,1,56,Gulf,0.1,1
C-BATCH-3526,Potato,0.1994,1,365,Domestic,0.3,1
C-BATCH-3527,Potato,0.0338,0,-27,EU,0.05,0
C-BATCH-3528,Potato,0.0132,1,152,Gulf,0.1,1
C-BATCH-3529,Banana,0.0325,1,293,Domestic,0.4,1
C-BATCH-3530,Potato,0.0647,1,244,Gulf,0.1,1
C-BATCH-3531,Potato,0.0144,1,286,Gulf,0.1,1
C-BATCH-3532,Mango,0.1453,1,94,Domestic,0.5,1
C-BATCH-3533,Potato,0.0306,1,158,Gulf,0.1,1
C-BATCH-3534,Potato,0.0864,0,-60,Domestic,0.3,0
C-BATCH-3535,Onion,0.589,0,-52,Gulf,0.7,0
C-BATCH-3536,Banana,0.0195,0,-145,Gulf,0.2,0
C-BATCH-3537,Potato,0.554,0,-144,Domestic,0.3,0
C-BATCH-3538,Tomato,0.1247,1,325,EU,0.2,1
C-BATCH-3539,Banana,0.2605,1,82,Domestic,0.4,1
C-BATCH-3540,Mango,0.0617,1,245,EU,0.1,1
C-BATCH-3541,Mango,0.0647,1,165,Gulf,0.2,1
C-BATCH-3542,Onion,0.0389,1,116,EU,0.3,1
C-BATCH-3543,Potato,0.1379,1,86,Domestic,0.3,1
C-BATCH-3544,Mango,0.5982,1,269,Domestic,0.5,0
C-BATCH-3545,Tomato,1.3229,1,85,Domestic,1.0,0
C-BATCH-3546,Banana,0.0674,1,12,EU,0.1,1
C-BATCH-3547,Tomato,0.1156,1,328,EU,0.2,1
C-BATCH-3548,Onion,0.6052,1,335,Gulf,0.7,1
C-BATCH-3549,Mango,0.0806,1,130,Gulf,0.2,1
C-BATCH-3550,Tomato,0.1154,1,339,EU,0.2,1
C-BATCH-3551,Onion,0.9266,1,54,Domestic,1.5,1
C-BATCH-3552,Onion,0.2241,1,312,EU,0.3,1
C-BATCH-3553,Potato,0.121,1,83,Gulf,0.1,0
C-BATCH-3554,Banana,0.0477,1,7,EU,0.1,1
C-BATCH-3555,Mango,0.0383,1,262,Gulf,0.2,1
C-BATCH-3556,Mango,0.2091,0,-113,Domestic,0.5,0
C-BATCH-3557,Mango,0.1794,1,347,EU,0.1,0
C-BATCH-3558,Mango,0.1883,1,71,EU,0.1,0
C-BATCH-3559,Tomato,0.4072,1,48,Domestic,1.0,1
C-BATCH-3560,Potato,0.0207,1,198,EU,0.05,1
C-BATCH-3561,Banana,0.3206,1,357,Domestic,0.4,1
C-BATCH-3562,Tomato,0.1173,1,348,EU,0.2,1
C-BATCH-3563,Onion,0.8133,0,-147,Domestic,1.5,0
C-BATCH-3564,Banana,0.1361,1,336,EU,0.1,0
C-BATCH-3565,Onion,0.3523,0,-9,Gulf,0.7,0
C-BATCH-3566,Onion,0.3232,1,128,Gulf,0.7,1
C-BATCH-3567,Banana,0.1398,0,-167,EU,0.1,1
C-BATCH-3568,Tomato,0.8606,0,-161,Gulf,0.5,0
C-BATCH-3569,Potato,0.0146,1,282,EU,0.05,1
C-BATCH-3570,Banana,0.0434,1,46,EU,0.1,1
C-BATCH-3571,Banana,0.2227,1,53,Domestic,0.4,1
C-BATCH-3572,Mango,0.1472,1,317,Gulf,0.2,1
C-BATCH-3573,Onion,0.4149,0,-87,Gulf,0.7,0
C-BATCH-3574,Tomato,0.717,1,337,Domestic,1.0,1
C-BATCH-3575,Banana,0.0484,1,182,EU,0.1,1
C-BATCH-3576,Potato,0.0638,1,85,Gulf,0.1,1
C-BATCH-3577,Banana,0.0285,1,202,EU,0.1,1
C-BATCH-3578,Tomato,0.297,1,325,Gulf,0.5,1
C-BATCH-3579,Onion,0.1485,1,259,EU,0.3,1
C-BATCH-3580,Banana,0.0153,0,-31,EU,0.1,0
C-BATCH-3581,Onion,0.0628,1,54,EU,0.3,1
C-BATCH-3582,Onion,0.9882,1,312,Gulf,0.7,0
C-BATCH-3583,Tomato,0.4707,1,69,Domestic,1.0,1
C-BATCH-3584,Onion,0.9796,1,281,Gulf,0.7,0
C-BATCH-3585,Onion,0.1888,1,352,Gulf,0.7,1
C-BATCH-3586,Tomato,0.3979,1,356,Gulf,0.5,1
C-BATCH-3587,Mango,0.2473,0,-74,Domestic,0.5,0
C-BATCH-3588,Onion,1.9792,1,55,Domestic,1.5,1
C-BATCH-3589,Tomato,0.0414,1,83,EU,0.2,1
C-BATCH-3590,Potato,0.0808,1,278,EU,0.05,0
C-BATCH-3591,Banana,0.0583,1,115,EU,0.1,1
C-BATCH-3592,Onion,1.0683,1,148,Domestic,1.5,1
C-BATCH-3593,Mango,0.4171,0,-100,Domestic,0.5,0
C-BATCH-3594,Mango,0.0304,0,-67,EU,0.1,0
C-BATCH-3595,Potato,0.0527,1,100,Gulf,0.1,1
C-BATCH-3596,Tomato,0.4042,1,62,Gulf,0.5,1
C-BATCH-3597,Banana,0.0594,1,131,Domestic,0.4,0
C-BATCH-3598,Banana,0.1555,0,-28,Gulf,0.2,0
C-BATCH-3599,Onion,0.4979,1,38,Gulf,0.7,1
C-BATCH-3600,Potato,0.0276,1,259,Gulf,0.1,1
C-BATCH-3601,Onion,0.2212,0,-11,Gulf,0.7,0
C-BATCH-3602,Potato,0.2124,1,288,Domestic,0.3,1
C-BATCH-3603,Mango,0.0502,0,-23,EU,0.1,0
C-BATCH-3604,Tomato,0.0723,0,-151,EU,0.2,0
C-BATCH-3605,Onion,0.6141,1,192,Gulf,0.7,1
C-BATCH-3606,Onion,0.4255,1,165,Domestic,1.5,1
C-BATCH-3607,Mango,0.1654,1,321,EU,0.1,0
C-BATCH-3608,Tomato,0.0445,1,360,Gulf,0.5,1
C-BATCH-3609,Banana,0.183,1,13,Gulf,0.2,1
C-BATCH-3610,Potato,0.0087,1,286,EU,0.05,1
C-BATCH-3611,Tomato,0.4356,1,162,Domestic,1.0,0
C-BATCH-3612,Mango,0.1308,1,300,Gulf,0.2,1
C-BATCH-3613,Mango,0.4132,1,155,Domestic,0.5,1
C-BATCH-3614,Potato,0.2517,1,81,Domestic,0.3,1
C-BATCH-3615,Tomato,0.3523,1,325,Gulf,0.5,1
C-BATCH-3616,Potato,0.0261,1,3,EU,0.05,1
C-BATCH-3617,Banana,0.04,1,177,Gulf,0.2,1
C-BATCH-3618,Onion,0.0869,1,100,EU,0.3,1
C-BATCH-3619,Onion,0.578,0,-62,EU,0.3,0
C-BATCH-3620,Mango,0.1242,1,298,Domestic,0.5,1
C-BATCH-3621,Potato,0.1846,1,318,Domestic,0.3,1
C-BATCH-3622,Tomato,0.4404,1,356,Domestic,1.0,1
C-BATCH-3623,Onion,0.2832,1,3,Gulf,0.7,1
C-BATCH-3624,Tomato,0.2534,1,69,Gulf,0.5,1
C-BATCH-3625,Potato,0.103,1,283,Domestic,0.3,1
C-BATCH-3626,Onion,0.5322,1,276,EU,0.3,0
C-BATCH-3627,Mango,0.0215,1,16,Gulf,0.2,1
C-BATCH-3628,Onion,0.3935,1,134,Domestic,1.5,1
C-BATCH-3629,Onion,0.3993,1,302,Domestic,1.5,1
C-BATCH-3630,Potato,0.0199,1,258,EU,0.05,0
C-BATCH-3631,Tomato,0.3722,1,82,Gulf,0.5,1
C-BATCH-3632,Onion,0.6474,1,184,Gulf,0.7,1
C-BATCH-3633,Banana,0.0356,1,106,EU,0.1,1
C-BATCH-3634,Potato,0.1171,1,333,Domestic,0.3,1
C-BATCH-3635,Onion,1.1976,1,279,Gulf,0.7,0
C-BATCH-3636,Banana,0.1164,0,-161,Gulf,0.2,0
C-BATCH-3637,Banana,0.0368,0,-56,EU,0.1,0
C-BATCH-3638,Onion,0.0419,1,40,EU,0.3,1
C-BATCH-3639,Potato,0.0077,1,61,EU,0.05,1
C-BATCH-3640,Banana,0.1777,1,108,Domestic,0.4,1
C-BATCH-3641,Banana,0.0279,1,69,EU,0.1,1
C-BATCH-3642,Mango,0.0424,0,-48,Gulf,0.2,0
C-BATCH-3643,Onion,0.4786,1,146,Gulf,0.7,1
C-BATCH-3644,Tomato,0.4413,1,113,Domestic,1.0,1
C-BATCH-3645,Onion,0.2105,1,338,EU,0.3,1
C-BATCH-3646,Tomato,0.3285,1,36,Gulf,0.5,1
C-BATCH-3647,Banana,0.0249,0,-51,EU,0.1,0
C-BATCH-3648,Tomato,0.2227,1,20,Gulf,0.5,1
C-BATCH-3649,Onion,0.1433,1,309,Gulf,0.7,1
C-BATCH-3650,Mango,0.1168,1,23,Gulf,0.2,1
C-BATCH-3651,Banana,0.1409,1,180,EU,0.1,0
C-BATCH-3652,Onion,0.0832,1,43,EU,0.3,1
C-BATCH-3653,Onion,0.0732,1,4,Domestic,1.5,1
C-BATCH-3654,Mango,0.1439,1,162,Gulf,0.2,1
C-BATCH-3655,Mango,0.0542,1,275,EU,0.1,1
C-BATCH-3656,Potato,0.0611,1,212,Gulf,0.1,1
C-BATCH-3657,Onion,0.7772,1,158,Domestic,1.5,1
C-BATCH-3658,Banana,0.1516,1,118,Gulf,0.2,1
C-BATCH-3659,Tomato,0.0786,1,282,EU,0.2,1
C-BATCH-3660,Mango,0.0548,1,75,EU,0.1,1
C-BATCH-3661,Onion,0.405,1,312,Domestic,1.5,1
C-BATCH-3662,Banana,0.1956,1,306,Domestic,0.4,1
C-BATCH-3663,Tomato,0.0404,0,-48,Gulf,0.5,0
C-BATCH-3664,Mango,0.1176,1,346,Gulf,0.2,1
C-BATCH-3665,Tomato,0.1117,0,-78,Gulf,0.5,0
C-BATCH-3666,Banana,0.1902,1,36,Domestic,0.4,1
C-BATCH-3667,Onion,0.8918,1,178,Domestic,1.5,1
C-BATCH-3668,Potato,0.0057,0,-33,EU,0.05,1
C-BATCH-3669,Tomato,0.5735,1,175,Domestic,1.0,1
C-BATCH-3670,Onion,2.7431,1,356,Domestic,1.5,0
C-BATCH-3671,Banana,0.0358,1,235,Gulf,0.2,1
C-BATCH-3672,Onion,0.0829,1,113,EU,0.3,1
C-BATCH-3673,Tomato,0.3463,1,359,Domestic,1.0,1
C-BATCH-3674,Tomato,0.5349,1,39,Domestic,1.0,1
C-BATCH-3675,Tomato,0.225,1,94,Domestic,1.0,1
C-BATCH-3676,Tomato,0.2206,1,136,Domestic,1.0,1
C-BATCH-3677,Tomato,0.2565,1,62,EU,0.2,0
C-BATCH-3678,Banana,0.1579,0,-57,Gulf,0.2,0
C-BATCH-3679,Potato,0.5744,1,141,Domestic,0.3,0
C-BATCH-3680,Onion,1.0481,1,270,Domestic,1.5,1
C-BATCH-3681,Banana,0.0608,0,-136,Gulf,0.2,0
C-BATCH-3682,Mango,0.0621,1,346,Gulf,0.2,1
C-BATCH-3683,Onion,0.1752,1,281,EU,0.3,1
C-BATCH-3684,Potato,0.3353,1,218,Domestic,0.3,0
C-BATCH-3685,Potato,0.3406,1,68,Domestic,0.3,0
C-BATCH-3686,Tomato,0.1382,1,196,EU,0.2,1
C-BATCH-3687,Tomato,0.952,1,323,Domestic,1.0,1
C-BATCH-3688,Potato,0.1671,1,204,Domestic,0.3,1
C-BATCH-3689,Tomato,0.0626,1,50,EU,0.2,1
C-BATCH-3690,Potato,0.1507,0,-115,Domestic,0.3,0
C-BATCH-3691,Banana,0.0668,1,296,EU,0.1,1
C-BATCH-3692,Onion,0.3155,1,262,EU,0.3,0
C-BATCH-3693,Banana,0.0346,1,75,EU,0.1,1
C-BATCH-3694,Potato,0.1675,1,37,Domestic,0.3,1
C-BATCH-3695,Potato,0.0287,1,310,EU,0.05,1
C-BATCH-3696,Potato,0.2461,1,267,Domestic,0.3,1
C-BATCH-3697,Banana,0.0055,1,339,EU,0.1,1
C-BATCH-3698,Mango,0.0223,1,243,EU,0.1,1
C-BATCH-3699,Mango,0.4189,1,317,Domestic,0.5,1
C-BATCH-3700,Banana,0.2508,1,65,Domestic,0.4,1
C-BATCH-3701,Tomato,0.084,0,-59,EU,0.2,0
C-BATCH-3702,Onion,0.2492,0,-42,Domestic,1.5,0
C-BATCH-3703,Onion,0.7597,1,269,Domestic,1.5,1
C-BATCH-3704,Onion,1.9113,1,46,Domestic,1.5,0
C-BATCH-3705,Potato,0.1074,1,70,Domestic,0.3,1
C-BATCH-3706,Banana,0.1455,0,-58,Gulf,0.2,0
C-BATCH-3707,Banana,0.3141,1,97,Domestic,0.4,1
C-BATCH-3708,Onion,0.1775,1,200,Domestic,1.5,1
C-BATCH-3709,Tomato,0.6538,1,314,Domestic,1.0,1
C-BATCH-3710,Potato,0.1529,1,97,Domestic,0.3,1
C-BATCH-3711,Tomato,0.1146,1,140,EU,0.2,1
C-BATCH-3712,Banana,0.0187,0,-175,EU,0.1,0
C-BATCH-3713,Mango,0.3282,1,120,Domestic,0.5,1
C-BATCH-3714,Mango,0.2067,1,256,Domestic,0.5,1
C-BATCH-3715,Banana,0.0806,1,75,Gulf,0.2,1
C-BATCH-3716,Banana,0.0242,0,-116,EU,0.1,0
C-BATCH-3717,Mango,0.1651,1,227,EU,0.1,0
C-BATCH-3718,Mango,0.066,1,107,EU,0.1,1
C-BATCH-3719,Potato,0.193,1,282,Domestic,0.3,1
C-BATCH-3720,Potato,0.0793,0,-10,Domestic,0.3,0
C-BATCH-3721,Mango,0.0258,1,142,EU,0.1,1
C-BATCH-3722,Banana,0.0064,1,244,EU,0.1,1
C-BATCH-3723,Tomato,0.3237,1,352,Domestic,1.0,1
C-BATCH-3724,Mango,0.0224,1,55,EU,0.1,1
C-BATCH-3725,Tomato,1.7265,1,225,Domestic,1.0,0
C-BATCH-3726,Mango,0.1288,1,21,Gulf,0.2,1
C-BATCH-3727,Banana,0.128,1,96,Gulf,0.2,1
C-BATCH-3728,Potato,0.0724,1,284,Gulf,0.1,1
C-BATCH-3729,Onion,0.2027,1,233,EU,0.3,0
C-BATCH-3730,Onion,1.158,1,187,Domestic,1.5,1
C-BATCH-3731,Tomato,0.5448,1,199,Domestic,1.0,1
C-BATCH-3732,Banana,0.0666,1,165,Gulf,0.2,1
C-BATCH-3733,Onion,0.4489,1,17,Gulf,0.7,1
C-BATCH-3734,Banana,0.058,1,337,EU,0.1,1
C-BATCH-3735,Onion,0.1123,1,37,Gulf,0.7,0
C-BATCH-3736,Tomato,0.3901,1,328,Gulf,0.5,1
C-BATCH-3737,Onion,0.9234,1,363,Gulf,0.7,0
C-BATCH-3738,Onion,1.101,1,40,Domestic,1.5,1
C-BATCH-3739,Onion,0.0972,1,99,EU,0.3,1
C-BATCH-3740,Tomato,0.0711,1,213,Gulf,0.5,1
C-BATCH-3741,Onion,0.8444,1,54,Domestic,1.5,1
C-BATCH-3742,Tomato,0.1609,1,308,Gulf,0.5,1
C-BATCH-3743,Potato,0.2547,1,212,Domestic,0.3,1
C-BATCH-3744,Banana,0.0613,1,193,Gulf,0.2,1
C-BATCH-3745,Potato,0.3819,1,18,Domestic,0.3,0
C-BATCH-3746,Onion,0.2563,1,154,EU,0.3,1
C-BATCH-3747,Tomato,0.6787,1,142,Domestic,1.0,1
C-BATCH-3748,Onion,0.3487,1,236,Gulf,0.7,1
C-BATCH-3749,Tomato,0.4663,1,154,Domestic,1.0,1
C-BATCH-3750,Banana,0.3243,1,248,Gulf,0.2,0
C-BATCH-3751,Onion,0.0773,1,296,EU,0.3,1
C-BATCH-3752,Mango,0.332,1,62,Domestic,0.5,1
C-BATCH-3753,Tomato,0.3022,1,324,Gulf,0.5,1
C-BATCH-3754,Potato,0.0457,1,258,Gulf,0.1,1
C-BATCH-3755,Tomato,0.1959,0,-28,EU,0.2,0
C-BATCH-3756,Mango,0.0714,1,173,EU,0.1,1
C-BATCH-3757,Onion,0.286,1,257,Gulf,0.7,1
C-BATCH-3758,Tomato,0.0411,1,293,EU,0.2,1
C-BATCH-3759,Onion,0.2217,1,221,Gulf,0.7,1
C-BATCH-3760,Onion,0.1144,1,98,EU,0.3,1
C-BATCH-3761,Onion,0.2343,0,-23,Gulf,0.7,0
C-BATCH-3762,Banana,0.0523,1,103,Gulf,0.2,1
C-BATCH-3763,Tomato,0.4428,1,318,Gulf,0.5,1
C-BATCH-3764,Potato,0.038,1,242,EU,0.05,0
C-BATCH-3765,Tomato,0.1088,1,133,Gulf,0.5,1
C-BATCH-3766,Onion,1.132,1,193,Gulf,0.7,0
C-BATCH-3767,Onion,0.0701,1,357,EU,0.3,1
C-BATCH-3768,Mango,0.0375,1,139,Domestic,0.5,1
C-BATCH-3769,Potato,0.0421,1,119,EU,0.05,1
C-BATCH-3770,Onion,0.2604,0,-44,Gulf,0.7,0
C-BATCH-3771,Tomato,0.7114,1,21,Gulf,0.5,0
C-BATCH-3772,Onion,0.64,1,178,Domestic,1.5,1
C-BATCH-3773,Potato,0.0896,0,-110,Gulf,0.1,0
C-BATCH-3774,Potato,0.5399,1,285,Domestic,0.3,0
C-BATCH-3775,Tomato,0.0632,1,196,EU,0.2,1
C-BATCH-3776,Onion,0.2637,1,219,Gulf,0.7,1
C-BATCH-3777,Onion,0.2797,1,298,Domestic,1.5,1
C-BATCH-3778,Tomato,0.125,1,70,EU,0.2,1
C-BATCH-3779,Tomato,0.9637,1,286,Gulf,0.5,0
C-BATCH-3780,Mango,0.0769,1,164,EU,0.1,1
C-BATCH-3781,Banana,0.237,1,327,Domestic,0.4,1
C-BATCH-3782,Potato,0.01,1,314,EU,0.05,1
C-BATCH-3783,Onion,0.4045,1,14,Gulf,0.7,1
C-BATCH-3784,Banana,0.0582,1,192,EU,0.1,1
C-BATCH-3785,Banana,0.1108,1,210,Domestic,0.4,1
C-BATCH-3786,Mango,0.5349,1,104,Domestic,0.5,0
C-BATCH-3787,Mango,0.2005,0,-55,EU,0.1,0
C-BATCH-3788,Banana,0.0679,1,195,EU,0.1,1
C-BATCH-3789,Banana,0.2764,1,329,Gulf,0.2,0
C-BATCH-3790,Mango,0.0928,0,-118,Gulf,0.2,0
C-BATCH-3791,Banana,0.0802,1,26,Gulf,0.2,1
C-BATCH-3792,Banana,0.6923,1,86,Domestic,0.4,0
C-BATCH-3793,Onion,0.2142,1,331,EU,0.3,1
C-BATCH-3794,Onion,0.1455,0,-41,EU,0.3,0
C-BATCH-3795,Banana,0.1147,1,365,Domestic,0.4,1
C-BATCH-3796,Banana,0.0617,0,-139,EU,0.1,0
C-BATCH-3797,Mango,0.0471,1,269,EU,0.1,1
C-BATCH-3798,Onion,0.8573,1,88,Gulf,0.7,0
C-BATCH-3799,Onion,0.6679,1,365,Gulf,0.7,1
C-BATCH-3800,Potato,0.2603,1,93,Domestic,0.3,1
C-BATCH-3801,Tomato,0.1296,1,255,EU,0.2,1
C-BATCH-3802,Onion,0.1425,1,338,EU,0.3,1
C-BATCH-3803,Banana,0.2108,1,281,Domestic,0.4,1
C-BATCH-3804,Onion,0.0568,1,19,EU,0.3,1
C-BATCH-3805,Mango,0.1074,1,45,Gulf,0.2,1
C-BATCH-3806,Banana,0.0324,1,359,EU,0.1,1
C-BATCH-3807,Onion,0.4988,1,19,EU,0.3,0
C-BATCH-3808,Potato,0.1341,1,219,Domestic,0.3,1
C-BATCH-3809,Mango,0.0734,0,-96,Domestic,0.5,0
C-BATCH-3810,Onion,0.1649,1,323,EU,0.3,1
C-BATCH-3811,Mango,0.2658,1,362,Domestic,0.5,1
C-BATCH-3812,Onion,0.9056,1,67,Domestic,1.5,1
C-BATCH-3813,Banana,0.0966,1,313,Gulf,0.2,1
C-BATCH-3814,Potato,0.0085,1,61,EU,0.05,1
C-BATCH-3815,Tomato,0.5966,1,287,Gulf,0.5,0
C-BATCH-3816,Tomato,0.1262,1,35,EU,0.2,1
C-BATCH-3817,Onion,0.1044,1,175,Gulf,0.7,1
C-BATCH-3818,Onion,1.2559,1,174,Gulf,0.7,0
C-BATCH-3819,Banana,0.255,1,322,Domestic,0.4,1
C-BATCH-3820,Onion,1.0271,0,-166,Domestic,1.5,0
C-BATCH-3821,Potato,0.0407,1,107,Gulf,0.1,1
C-BATCH-3822,Potato,0.0981,1,174,Domestic,0.3,1
C-BATCH-3823,Onion,0.1122,1,158,EU,0.3,1
C-BATCH-3824,Potato,0.0388,1,122,Gulf,0.1,1
C-BATCH-3825,Potato,0.0152,1,20,EU,0.05,1
C-BATCH-3826,Mango,0.3891,0,-141,Domestic,0.5,0
C-BATCH-3827,Banana,0.2224,1,51,Gulf,0.2,0
C-BATCH-3828,Onion,0.6898,1,199,Gulf,0.7,1
C-BATCH-3829,Onion,0.2355,1,305,EU,0.3,1
C-BATCH-3830,Potato,0.2435,1,160,Domestic,0.3,0
C-BATCH-3831,Potato,0.1105,1,142,Gulf,0.1,0
C-BATCH-3832,Banana,0.0324,1,8,Gulf,0.2,1
C-BATCH-3833,Onion,0.328,1,139,Gulf,0.7,1
C-BATCH-3834,Potato,0.0152,1,174,Gulf,0.1,1
C-BATCH-3835,Mango,0.0789,1,197,EU,0.1,1
C-BATCH-3836,Banana,0.2498,1,354,Domestic,0.4,1
C-BATCH-3837,Onion,0.9947,1,344,Domestic,1.5,1
C-BATCH-3838,Mango,0.1095,1,358,Domestic,0.5,1
C-BATCH-3839,Banana,0.2488,1,119,Domestic,0.4,1
C-BATCH-3840,Tomato,0.1851,1,341,Gulf,0.5,1
C-BATCH-3841,Potato,0.0548,1,246,Domestic,0.3,1
C-BATCH-3842,Tomato,0.4972,1,53,Domestic,1.0,1
C-BATCH-3843,Mango,0.0862,1,237,Domestic,0.5,1
C-BATCH-3844,Banana,0.0519,0,-82,EU,0.1,0
C-BATCH-3845,Tomato,0.3564,1,176,Gulf,0.5,1
C-BATCH-3846,Tomato,0.0346,0,-34,EU,0.2,0
C-BATCH-3847,Mango,0.0934,1,228,Gulf,0.2,1
C-BATCH-3848,Banana,0.0582,1,195,EU,0.1,1
C-BATCH-3849,Mango,0.0178,1,326,EU,0.1,1
C-BATCH-3850,Tomato,0.2336,1,296,Gulf,0.5,1
C-BATCH-3851,Tomato,0.5484,1,348,Gulf,0.5,0
C-BATCH-3852,Banana,0.2297,1,5,Gulf,0.2,0
C-BATCH-3853,Onion,2.8126,1,282,Domestic,1.5,0
C-BATCH-3854,Mango,0.181,1,145,Gulf,0.2,1
C-BATCH-3855,Tomato,0.3672,1,196,Domestic,1.0,1
C-BATCH-3856,Banana,0.0377,1,285,Gulf,0.2,1
C-BATCH-3857,Potato,0.2615,1,69,Domestic,0.3,0
C-BATCH-3858,Mango,0.0437,1,70,EU,0.1,1
C-BATCH-3859,Banana,0.6604,0,-21,Domestic,0.4,0
C-BATCH-3860,Onion,0.6715,1,96,Domestic,1.5,1
C-BATCH-3861,Mango,0.1145,1,138,Gulf,0.2,1
C-BATCH-3862,Onion,0.6377,1,361,Gulf,0.7,1
C-BATCH-3863,Onion,1.4098,1,270,Domestic,1.5,1
C-BATCH-3864,Potato,0.1386,1,126,Domestic,0.3,1
C-BATCH-3865,Mango,0.1358,1,28,Gulf,0.2,1
C-BATCH-3866,Onion,0.1496,1,170,EU,0.3,1
C-BATCH-3867,Potato,0.1914,1,156,Domestic,0.3,1
C-BATCH-3868,Onion,0.7317,1,27,Domestic,1.5,1
C-BATCH-3869,Potato,0.0416,1,259,Gulf,0.1,1
C-BATCH-3870,Potato,0.0906,0,-177,Domestic,0.3,0
C-BATCH-3871,Onion,0.4901,1,190,EU,0.3,0
C-BATCH-3872,Potato,0.0167,1,17,Gulf,0.1,1
C-BATCH-3873,Mango,0.068,1,212,EU,0.1,1
C-BATCH-3874,Tomato,0.2883,1,177,Gulf,0.5,1
C-BATCH-3875,Potato,0.0269,1,244,EU,0.05,1
C-BATCH-3876,Onion,0.181,1,75,EU,0.3,1
C-BATCH-3877,Banana,0.0709,1,162,EU,0.1,1
C-BATCH-3878,Mango,0.1546,0,-70,EU,0.1,0
C-BATCH-3879,Potato,0.2283,1,300,Domestic,0.3,1
C-BATCH-3880,Tomato,0.4021,1,347,Gulf,0.5,1
C-BATCH-3881,Tomato,0.5781,1,7,Domestic,1.0,1
C-BATCH-3882,Onion,0.1017,1,129,EU,0.3,1
C-BATCH-3883,Mango,0.1712,1,112,Gulf,0.2,1
C-BATCH-3884,Mango,0.1784,1,193,Gulf,0.2,1
C-BATCH-3885,Onion,0.5136,1,240,EU,0.3,0
C-BATCH-3886,Mango,0.1751,1,355,Gulf,0.2,1
C-BATCH-3887,Potato,0.0413,1,196,Domestic,0.3,1
C-BATCH-3888,Mango,0.5552,1,252,Domestic,0.5,0
C-BATCH-3889,Tomato,0.3198,1,277,Gulf,0.5,1
C-BATCH-3890,Tomato,0.4127,1,53,Gulf,0.5,1
C-BATCH-3891,Mango,0.1417,1,255,Gulf,0.2,1
C-BATCH-3892,Mango,0.0353,1,201,EU,0.1,1
C-BATCH-3893,Onion,0.9953,1,36,Gulf,0.7,0
C-BATCH-3894,Mango,0.9208,1,291,Domestic,0.5,0
C-BATCH-3895,Potato,0.1299,1,332,Domestic,0.3,1
C-BATCH-3896,Onion,0.6546,1,332,Domestic,1.5,1
C-BATCH-3897,Onion,0.475,1,200,EU,0.3,0
C-BATCH-3898,Potato,0.1905,1,72,Domestic,0.3,1
C-BATCH-3899,Mango,0.2015,1,277,Gulf,0.2,0
C-BATCH-3900,Banana,0.3566,0,-176,Gulf,0.2,0
C-BATCH-3901,Mango,0.0562,1,335,Domestic,0.5,1
C-BATCH-3902,Banana,0.2844,1,120,Gulf,0.2,0
C-BATCH-3903,Mango,0.1309,1,317,Gulf,0.2,1
C-BATCH-3904,Tomato,0.0294,1,50,EU,0.2,1
C-BATCH-3905,Tomato,0.3577,1,305,Gulf,0.5,1
C-BATCH-3906,Tomato,0.243,1,348,EU,0.2,0
C-BATCH-3907,Mango,0.0481,1,110,Gulf,0.2,1
C-BATCH-3908,Onion,0.0668,1,213,EU,0.3,1
C-BATCH-3909,Potato,0.0391,1,69,Gulf,0.1,1
C-BATCH-3910,Onion,0.1445,1,4,Domestic,1.5,0
C-BATCH-3911,Mango,0.1552,1,244,Gulf,0.2,1
C-BATCH-3912,Tomato,0.101,1,90,EU,0.2,1
C-BATCH-3913,Mango,0.1108,0,-20,Gulf,0.2,0
C-BATCH-3914,Potato,0.1541,1,272,Domestic,0.3,1
C-BATCH-3915,Onion,2.9961,1,238,Domestic,1.5,0
C-BATCH-3916,Tomato,0.2149,1,243,Domestic,1.0,1
C-BATCH-3917,Tomato,0.4134,1,108,Gulf,0.5,1
C-BATCH-3918,Potato,0.1676,1,27,Gulf,0.1,0
C-BATCH-3919,Tomato,0.0947,1,121,EU,0.2,1
C-BATCH-3920,Onion,0.2119,1,167,Gulf,0.7,1
C-BATCH-3921,Mango,0.1133,1,103,Domestic,0.5,1
C-BATCH-3922,Tomato,0.094,0,-143,EU,0.2,0
C-BATCH-3923,Onion,0.5177,1,100,Domestic,1.5,1
C-BATCH-3924,Potato,0.0092,1,144,EU,0.05,1
C-BATCH-3925,Banana,0.2376,1,152,Domestic,0.4,1
C-BATCH-3926,Onion,0.146,1,211,EU,0.3,1
C-BATCH-3927,Banana,0.0747,1,220,EU,0.1,1
C-BATCH-3928,Tomato,0.1226,0,-29,EU,0.2,0
C-BATCH-3929,Onion,0.039,0,-51,EU,0.3,0
C-BATCH-3930,Onion,1.0061,1,232,Domestic,1.5,1
C-BATCH-3931,Mango,0.1428,1,112,Gulf,0.2,1
C-BATCH-3932,Potato,0.0048,1,157,EU,0.05,1
C-BATCH-3933,Banana,0.0017,1,71,Gulf,0.2,1
C-BATCH-3934,Banana,0.04,1,325,EU,0.1,0
C-BATCH-3935,Mango,0.5705,1,219,Domestic,0.5,0
C-BATCH-3936,Onion,0.143,1,318,Gulf,0.7,1
C-BATCH-3937,Mango,0.3257,0,-152,Gulf,0.2,0
C-BATCH-3938,Banana,0.0774,1,361,Gulf,0.2,1
C-BATCH-3939,Tomato,0.204,1,245,EU,0.2,0
C-BATCH-3940,Onion,0.4163,1,181,Gulf,0.7,1
C-BATCH-3941,Onion,0.1291,1,232,Gulf,0.7,1
C-BATCH-3942,Onion,0.1594,1,150,EU,0.3,1
C-BATCH-3943,Potato,0.1756,0,-164,Gulf,0.1,0
C-BATCH-3944,Banana,0.0866,1,40,EU,0.1,1
C-BATCH-3945,Potato,0.0209,0,-47,EU,0.05,0
C-BATCH-3946,Mango,0.2678,0,-59,Domestic,0.5,0
C-BATCH-3947,Banana,0.0568,1,119,Gulf,0.2,1
C-BATCH-3948,Onion,0.3722,1,168,Gulf,0.7,1
C-BATCH-3949,Onion,0.2382,1,157,Gulf,0.7,1
C-BATCH-3950,Potato,0.0408,1,25,EU,0.05,1
C-BATCH-3951,Potato,0.4623,1,275,Domestic,0.3,0
C-BATCH-3952,Tomato,0.2686,1,122,Gulf,0.5,1
C-BATCH-3953,Potato,0.0367,1,288,Gulf,0.1,1
C-BATCH-3954,Potato,0.1297,0,-44,Domestic,0.3,0
C-BATCH-3955,Mango,0.8833,0,-99,Domestic,0.5,0
C-BATCH-3956,Onion,0.4524,1,149,Gulf,0.7,1
C-BATCH-3957,Onion,0.3827,0,-67,Gulf,0.7,0
C-BATCH-3958,Mango,0.0317,1,60,Gulf,0.2,1
C-BATCH-3959,Banana,0.266,1,29,Gulf,0.2,0
C-BATCH-3960,Tomato,0.359,1,101,Gulf,0.5,0
C-BATCH-3961,Onion,1.327,0,-80,Domestic,1.5,0
C-BATCH-3962,Potato,0.0817,0,-88,Gulf,0.1,0
C-BATCH-3963,Banana,0.0578,1,158,Domestic,0.4,1
C-BATCH-3964,Onion,0.2284,1,213,EU,0.3,1
C-BATCH-3965,Potato,0.1017,1,213,EU,0.05,0
C-BATCH-3966,Onion,0.1554,1,269,Gulf,0.7,1
C-BATCH-3967,Mango,0.0513,1,140,Gulf,0.2,1
C-BATCH-3968,Onion,0.9966,1,96,Domestic,1.5,1
C-BATCH-3969,Potato,0.0646,1,300,Gulf,0.1,1
C-BATCH-3970,Onion,0.0886,1,135,Gulf,0.7,1
C-BATCH-3971,Banana,0.0735,1,252,EU,0.1,1
C-BATCH-3972,Tomato,0.07,0,-163,EU,0.2,0
C-BATCH-3973,Potato,0.0394,1,352,Gulf,0.1,1
C-BATCH-3974,Mango,0.2546,1,84,Domestic,0.5,1
C-BATCH-3975,Tomato,0.5255,1,28,Domestic,1.0,1
C-BATCH-3976,Banana,0.2345,1,272,Gulf,0.2,0
C-BATCH-3977,Mango,0.09,1,307,Gulf,0.2,1
C-BATCH-3978,Onion,2.5565,1,155,Domestic,1.5,0
C-BATCH-3979,Potato,0.0201,1,71,EU,0.05,1
C-BATCH-3980,Potato,0.249,1,112,Domestic,0.3,1
C-BATCH-3981,Tomato,0.1081,1,270,EU,0.2,1
C-BATCH-3982,Onion,0.096,1,40,Gulf,0.7,1
C-BATCH-3983,Tomato,0.0663,1,227,EU,0.2,1
C-BATCH-3984,Onion,0.2494,1,15,Gulf,0.7,1
C-BATCH-3985,Mango,0.0563,1,158,EU,0.1,1
C-BATCH-3986,Tomato,0.1495,1,10,EU,0.2,1
C-BATCH-3987,Banana,0.0168,1,304,EU,0.1,1
C-BATCH-3988,Mango,0.1576,1,50,Domestic,0.5,1
C-BATCH-3989,Onion,0.0754,1,15,EU,0.3,1
C-BATCH-3990,Potato,0.0231,1,314,Gulf,0.1,1
C-BATCH-3991,Onion,0.1295,1,112,EU,0.3,1
C-BATCH-3992,Potato,0.0705,0,-155,EU,0.05,0
C-BATCH-3993,Onion,0.4127,1,345,Gulf,0.7,1
C-BATCH-3994,Tomato,1.23,1,209,Domestic,1.0,0
C-BATCH-3995,Potato,0.0238,1,185,EU,0.05,1
C-BATCH-3996,Onion,0.3052,1,146,Gulf,0.7,1
C-BATCH-3997,Potato,0.1337,1,149,Gulf,0.1,0
C-BATCH-3998,Banana,0.184,1,348,EU,0.1,0
C-BATCH-3999,Mango,0.0415,1,338,Gulf,0.2,1
C-BATCH-4000,Mango,0.0691,0,-137,EU,0.1,0
C-BATCH-4001,Tomato,0.7793,1,120,Domestic,1.0,1
C-BATCH-4002,Banana,0.271,1,330,Domestic,0.4,1
C-BATCH-4003,Potato,0.2341,0,-50,Domestic,0.3,0
C-BATCH-4004,Banana,0.0502,1,69,EU,0.1,0
C-BATCH-4005,Mango,0.014,1,310,EU,0.1,1
C-BATCH-4006,Tomato,0.217,1,267,Domestic,1.0,1
C-BATCH-4007,Banana,0.0505,1,278,EU,0.1,1
C-BATCH-4008,Onion,0.5078,0,-150,Gulf,0.7,0
C-BATCH-4009,Potato,0.0301,1,338,Domestic,0.3,1
C-BATCH-4010,Potato,0.0489,1,200,Gulf,0.1,1
C-BATCH-4011,Mango,0.121,1,293,Gulf,0.2,1
C-BATCH-4012,Onion,0.1492,1,194,EU,0.3,1
C-BATCH-4013,Potato,0.026,1,188,Domestic,0.3,1
C-BATCH-4014,Onion,0.1967,1,220,EU,0.3,1
C-BATCH-4015,Potato,0.1817,1,332,Domestic,0.3,1
C-BATCH-4016,Mango,0.0592,1,11,Gulf,0.2,1
C-BATCH-4017,Mango,0.1963,1,216,Domestic,0.5,1
C-BATCH-4018,Banana,0.0643,1,166,Gulf,0.2,1
C-BATCH-4019,Banana,0.0276,1,342,EU,0.1,1
C-BATCH-4020,Onion,0.6797,1,39,Domestic,1.5,1
C-BATCH-4021,Onion,0.0321,0,-78,EU,0.3,0
C-BATCH-4022,Onion,1.1521,1,304,Gulf,0.7,0
C-BATCH-4023,Mango,0.2902,1,40,Gulf,0.2,0
C-BATCH-4024,Potato,0.1378,1,103,Gulf,0.1,0
C-BATCH-4025,Potato,0.0625,1,10,Gulf,0.1,1
C-BATCH-4026,Onion,0.0785,0,-61,EU,0.3,0
C-BATCH-4027,Onion,1.3227,0,-20,Gulf,0.7,0
C-BATCH-4028,Tomato,0.311,1,154,Domestic,1.0,1
C-BATCH-4029,Banana,0.7351,1,212,Domestic,0.4,0
C-BATCH-4030,Potato,0.0602,1,123,Gulf,0.1,1
C-BATCH-4031,Tomato,0.1274,1,287,EU,0.2,1
C-BATCH-4032,Banana,0.2045,1,15,Gulf,0.2,0
C-BATCH-4033,Potato,0.0616,1,249,Gulf,0.1,1
C-BATCH-4034,Mango,0.0299,1,209,EU,0.1,1
C-BATCH-4035,Mango,0.867,1,58,Domestic,0.5,0
C-BATCH-4036,Onion,0.1981,0,-46,EU,0.3,0
C-BATCH-4037,Mango,0.0607,1,300,EU,0.1,1
C-BATCH-4038,Tomato,0.1913,1,141,Domestic,1.0,1
C-BATCH-4039,Potato,0.0552,1,58,Gulf,0.1,1
C-BATCH-4040,Banana,0.3627,0,-143,Domestic,0.4,0
C-BATCH-4041,Potato,0.2406,1,340,Domestic,0.3,1
C-BATCH-4042,Mango,0.3287,1,197,Gulf,0.2,0
C-BATCH-4043,Potato,0.0748,0,-81,Gulf,0.1,1
C-BATCH-4044,Banana,0.3174,1,153,Domestic,0.4,1
C-BATCH-4045,Tomato,0.8038,1,209,Domestic,1.0,1
C-BATCH-4046,Potato,0.0979,1,212,EU,0.05,0
C-BATCH-4047,Potato,0.071,1,83,Gulf,0.1,1
C-BATCH-4048,Onion,0.1876,1,168,EU,0.3,1
C-BATCH-4049,Mango,0.0307,1,329,EU,0.1,1
C-BATCH-4050,Banana,0.0304,1,81,EU,0.1,1
C-BATCH-4051,Tomato,0.3571,1,245,Gulf,0.5,1
C-BATCH-4052,Tomato,0.5695,1,145,Domestic,1.0,1
C-BATCH-4053,Banana,0.3081,0,-34,Domestic,0.4,0
C-BATCH-4054,Mango,0.1085,0,-62,Gulf,0.2,0
C-BATCH-4055,Tomato,0.0776,1,46,EU,0.2,1
C-BATCH-4056,Tomato,0.3188,1,233,Gulf,0.5,1
C-BATCH-4057,Banana,0.0311,0,-112,EU,0.1,0
C-BATCH-4058,Banana,0.3078,1,145,Domestic,0.4,1
C-BATCH-4059,Tomato,0.6758,1,135,Domestic,1.0,1
C-BATCH-4060,Banana,0.0652,1,6,EU,0.1,1
C-BATCH-4061,Potato,0.0117,1,217,Gulf,0.1,1
C-BATCH-4062,Potato,0.0101,1,121,EU,0.05,1
C-BATCH-4063,Potato,0.1872,1,24,Gulf,0.1,1
C-BATCH-4064,Onion,0.5705,1,68,Gulf,0.7,1
C-BATCH-4065,Onion,0.0718,1,174,EU,0.3,1
C-BATCH-4066,Tomato,0.0866,1,60,EU,0.2,1
C-BATCH-4067,Tomato,1.8515,1,221,Domestic,1.0,0
C-BATCH-4068,Potato,0.1885,1,224,Gulf,0.1,0
C-BATCH-4069,Potato,0.1722,1,337,Gulf,0.1,0
C-BATCH-4070,Banana,0.0139,1,241,EU,0.1,1
C-BATCH-4071,Banana,0.3181,1,227,Domestic,0.4,1
C-BATCH-4072,Onion,0.2823,1,76,Domestic,1.5,1
C-BATCH-4073,Mango,0.0912,1,261,EU,0.1,1
C-BATCH-4074,Onion,0.4112,0,-46,Gulf,0.7,0
C-BATCH-4075,Tomato,1.033,1,49,Domestic,1.0,0
C-BATCH-4076,Mango,0.2663,1,303,Domestic,0.5,1
C-BATCH-4077,Mango,0.0697,1,338,Domestic,0.5,1
C-BATCH-4078,Potato,0.0422,1,319,Gulf,0.1,1
C-BATCH-4079,Potato,0.1926,1,67,Gulf,0.1,0
C-BATCH-4080,Mango,0.1362,1,281,Gulf,0.2,1
C-BATCH-4081,Banana,0.0216,0,-78,EU,0.1,0
C-BATCH-4082,Tomato,0.0771,1,335,EU,0.2,1
C-BATCH-4083,Potato,0.5321,0,-5,Domestic,0.3,0
C-BATCH-4084,Potato,0.0395,1,229,Gulf,0.1,1
C-BATCH-4085,Banana,0.1755,1,189,Domestic,0.4,1
C-BATCH-4086,Banana,0.0364,1,238,Gulf,0.2,1
C-BATCH-4087,Tomato,0.5974,1,240,Domestic,1.0,1
C-BATCH-4088,Banana,0.0732,0,-117,Domestic,0.4,0
C-BATCH-4089,Potato,0.0148,1,56,Gulf,0.1,1
C-BATCH-4090,Banana,0.0637,1,182,EU,0.1,1
C-BATCH-4091,Mango,0.1307,1,94,Gulf,0.2,1
C-BATCH-4092,Mango,0.0665,1,233,EU,0.1,1
C-BATCH-4093,Banana,0.2359,0,-133,Gulf,0.2,0
C-BATCH-4094,Mango,0.2222,1,223,Gulf,0.2,0
C-BATCH-4095,Mango,0.1124,1,355,Domestic,0.5,1
C-BATCH-4096,Onion,0.3975,0,-88,Gulf,0.7,0
C-BATCH-4097,Banana,0.0406,1,9,Domestic,0.4,1
C-BATCH-4098,Tomato,0.1265,1,224,EU,0.2,1
C-BATCH-4099,Onion,0.2084,1,217,EU,0.3,0
C-BATCH-4100,Tomato,0.0968,1,11,EU,0.2,1
C-BATCH-4101,Onion,0.1147,1,27,EU,0.3,1
C-BATCH-4102,Mango,0.2788,1,254,Gulf,0.2,0
C-BATCH-4103,Onion,0.2178,1,249,Gulf,0.7,1
C-BATCH-4104,Onion,1.323,1,32,Gulf,0.7,0
C-BATCH-4105,Banana,0.0191,0,-74,Gulf,0.2,0
C-BATCH-4106,Mango,0.3076,1,224,Domestic,0.5,0
C-BATCH-4107,Potato,0.0305,1,113,Gulf,0.1,1
C-BATCH-4108,Potato,0.1613,1,151,Gulf,0.1,0
C-BATCH-4109,Banana,0.6748,1,242,Domestic,0.4,0
C-BATCH-4110,Tomato,0.3042,1,248,Gulf,0.5,1
C-BATCH-4111,Tomato,0.0373,1,253,EU,0.2,1
C-BATCH-4112,Tomato,0.0786,0,-89,Gulf,0.5,0
C-BATCH-4113,Tomato,0.0863,1,317,Gulf,0.5,1
C-BATCH-4114,Onion,0.2558,1,24,EU,0.3,1
C-BATCH-4115,Onion,2.7525,0,-26,Domestic,1.5,0
C-BATCH-4116,Mango,0.4711,1,55,Domestic,0.5,1
C-BATCH-4117,Onion,0.2399,1,323,EU,0.3,1
C-BATCH-4118,Tomato,0.3291,1,260,Domestic,1.0,1
C-BATCH-4119,Mango,0.0403,1,104,EU,0.1,1
C-BATCH-4120,Banana,0.0762,1,259,EU,0.1,1
C-BATCH-4121,Potato,0.1412,1,126,Domestic,0.3,1
C-BATCH-4122,Onion,0.3531,1,210,Domestic,1.5,1
C-BATCH-4123,Onion,0.0456,1,6,Gulf,0.7,1
C-BATCH-4124,Onion,0.1253,0,-138,EU,0.3,0
C-BATCH-4125,Banana,0.0524,0,-166,EU,0.1,0
C-BATCH-4126,Onion,1.1692,1,156,Domestic,1.5,1
C-BATCH-4127,Potato,0.0816,1,76,Domestic,0.3,1
C-BATCH-4128,Banana,0.101,1,334,Gulf,0.2,1
C-BATCH-4129,Potato,0.0264,1,19,Gulf,0.1,1
C-BATCH-4130,Banana,0.1552,1,277,Gulf,0.2,1
C-BATCH-4131,Mango,0.1024,1,82,Gulf,0.2,0
C-BATCH-4132,Onion,0.5634,1,217,Gulf,0.7,1
C-BATCH-4133,Mango,0.0805,1,182,Gulf,0.2,1
C-BATCH-4134,Mango,0.3202,1,121,Domestic,0.5,1
C-BATCH-4135,Onion,0.596,1,305,Gulf,0.7,1
C-BATCH-4136,Potato,0.2312,1,72,Domestic,0.3,1
C-BATCH-4137,Onion,0.1992,1,185,Gulf,0.7,1
C-BATCH-4138,Tomato,0.2195,1,218,Gulf,0.5,1
C-BATCH-4139,Banana,0.0412,1,302,EU,0.1,1
C-BATCH-4140,Banana,0.225,0,-4,Domestic,0.4,0
C-BATCH-4141,Banana,0.3697,1,66,Gulf,0.2,0
C-BATCH-4142,Banana,0.1384,1,356,EU,0.1,0
C-BATCH-4143,Banana,0.0814,1,61,EU,0.1,1
C-BATCH-4144,Banana,0.052,1,79,EU,0.1,1
C-BATCH-4145,Potato,0.1396,1,73,Domestic,0.3,1
C-BATCH-4146,Banana,0.1077,1,94,EU,0.1,0
C-BATCH-4147,Banana,0.0289,0,-74,EU,0.1,0
C-BATCH-4148,Potato,0.0433,1,311,Gulf,0.1,1
C-BATCH-4149,Tomato,0.3145,1,77,Gulf,0.5,1
C-BATCH-4150,Potato,0.0274,1,120,EU,0.05,1
C-BATCH-4151,Potato,0.0495,1,143,Gulf,0.1,1
C-BATCH-4152,Tomato,0.2703,1,159,Gulf,0.5,1
C-BATCH-4153,Mango,0.0356,1,296,Gulf,0.2,1
C-BATCH-4154,Onion,0.3773,0,-150,Gulf,0.7,0
C-BATCH-4155,Onion,0.3433,1,362,EU,0.3,0
C-BATCH-4156,Onion,0.6986,1,302,Domestic,1.5,1
C-BATCH-4157,Mango,0.2619,0,-99,Domestic,0.5,0
C-BATCH-4158,Mango,0.1476,1,94,EU,0.1,0
C-BATCH-4159,Mango,0.0389,1,315,EU,0.1,1
C-BATCH-4160,Tomato,0.0397,1,73,EU,0.2,1
C-BATCH-4161,Potato,0.2506,1,104,Domestic,0.3,1
C-BATCH-4162,Onion,0.2884,1,59,Gulf,0.7,1
C-BATCH-4163,Potato,0.02,1,325,Domestic,0.3,1
C-BATCH-4164,Mango,0.2954,1,285,Domestic,0.5,1
C-BATCH-4165,Tomato,0.5565,1,257,Domestic,1.0,1
C-BATCH-4166,Tomato,0.2954,1,217,Domestic,1.0,1
C-BATCH-4167,Onion,1.1065,0,-22,Domestic,1.5,0
C-BATCH-4168,Tomato,0.1642,1,129,EU,0.2,1
C-BATCH-4169,Banana,0.4234,1,145,Domestic,0.4,0
C-BATCH-4170,Onion,0.1437,1,72,Gulf,0.7,1
C-BATCH-4171,Potato,0.1478,1,350,Domestic,0.3,1
C-BATCH-4172,Potato,0.029,0,-93,Gulf,0.1,0
C-BATCH-4173,Onion,0.9236,1,2,Domestic,1.5,1
C-BATCH-4174,Mango,0.0372,0,0,EU,0.1,0
C-BATCH-4175,Banana,0.1487,1,276,Gulf,0.2,1
C-BATCH-4176,Banana,0.1489,1,308,Gulf,0.2,1
C-BATCH-4177,Tomato,0.4505,1,99,Gulf,0.5,1
C-BATCH-4178,Tomato,0.1307,0,-89,Gulf,0.5,0
C-BATCH-4179,Onion,0.4082,1,253,Gulf,0.7,1
C-BATCH-4180,Mango,0.3185,1,4,Domestic,0.5,1
C-BATCH-4181,Banana,0.1531,1,283,EU,0.1,0
C-BATCH-4182,Onion,0.3988,1,66,Gulf,0.7,1
C-BATCH-4183,Tomato,1.7408,0,-110,Domestic,1.0,0
C-BATCH-4184,Mango,0.1023,1,233,Gulf,0.2,0
C-BATCH-4185,Banana,0.1269,0,-98,Gulf,0.2,0
C-BATCH-4186,Banana,0.1758,1,265,Domestic,0.4,1
C-BATCH-4187,Tomato,0.0808,1,3,EU,0.2,1
C-BATCH-4188,Potato,0.0894,0,-123,EU,0.05,0
C-BATCH-4189,Banana,0.0948,1,33,EU,0.1,1
C-BATCH-4190,Mango,0.0711,1,321,EU,0.1,1
C-BATCH-4191,Potato,0.0106,1,28,EU,0.05,1
C-BATCH-4192,Onion,0.5069,1,49,EU,0.3,0
C-BATCH-4193,Onion,0.0485,1,161,EU,0.3,1
C-BATCH-4194,Mango,0.0622,1,313,EU,0.1,1
C-BATCH-4195,Mango,0.0541,1,196,EU,0.1,1
C-BATCH-4196,Onion,0.823,1,6,Domestic,1.5,1
C-BATCH-4197,Banana,0.6207,1,346,Domestic,0.4,0
C-BATCH-4198,Banana,0.0511,1,305,Gulf,0.2,1
C-BATCH-4199,Onion,0.2927,1,182,EU,0.3,1
C-BATCH-4200,Onion,0.3143,1,66,Domestic,1.5,1
C-BATCH-4201,Banana,0.3343,1,278,Gulf,0.2,0
C-BATCH-4202,Tomato,0.3633,1,5,Domestic,1.0,1
C-BATCH-4203,Tomato,0.1483,1,28,EU,0.2,1
C-BATCH-4204,Tomato,0.0507,1,97,EU,0.2,1
C-BATCH-4205,Banana,0.1482,1,172,Gulf,0.2,1
C-BATCH-4206,Banana,0.1623,1,22,Domestic,0.4,1
C-BATCH-4207,Mango,0.0479,1,123,Gulf,0.2,1
C-BATCH-4208,Potato,0.033,1,4,Gulf,0.1,1
C-BATCH-4209,Mango,0.1369,1,100,Domestic,0.5,1
C-BATCH-4210,Potato,0.0468,1,113,EU,0.05,1
C-BATCH-4211,Tomato,1.0228,1,91,Domestic,1.0,0
C-BATCH-4212,Mango,0.0886,1,57,EU,0.1,1
C-BATCH-4213,Tomato,0.422,1,88,Domestic,1.0,1
C-BATCH-4214,Onion,1.2255,1,67,Domestic,1.5,1
C-BATCH-4215,Tomato,0.2215,1,326,Gulf,0.5,1
C-BATCH-4216,Mango,0.1414,1,77,Gulf,0.2,1
C-BATCH-4217,Mango,0.1537,0,-31,Gulf,0.2,0
C-BATCH-4218,Tomato,0.2056,1,34,Gulf,0.5,1
C-BATCH-4219,Banana,0.0976,1,92,Gulf,0.2,1
C-BATCH-4220,Potato,0.0577,1,138,Gulf,0.1,1
C-BATCH-4221,Onion,0.1961,1,121,Gulf,0.7,1
C-BATCH-4222,Potato,0.4488,0,-85,Domestic,0.3,0
C-BATCH-4223,Mango,0.0342,1,118,EU,0.1,1
C-BATCH-4224,Banana,0.0821,1,210,Gulf,0.2,1
C-BATCH-4225,Banana,0.0448,1,136,Domestic,0.4,1
C-BATCH-4226,Potato,0.0239,1,41,EU,0.05,1
C-BATCH-4227,Tomato,0.0726,1,171,EU,0.2,1
C-BATCH-4228,Potato,0.228,1,141,Domestic,0.3,1
C-BATCH-4229,Onion,0.5403,1,134,EU,0.3,1
C-BATCH-4230,Potato,0.5103,1,208,Domestic,0.3,0
C-BATCH-4231,Mango,0.3867,0,-79,Domestic,0.5,0
C-BATCH-4232,Tomato,0.5358,1,240,Domestic,1.0,1
C-BATCH-4233,Banana,0.1855,1,358,Domestic,0.4,1
C-BATCH-4234,Banana,0.299,1,66,Domestic,0.4,1
C-BATCH-4235,Mango,0.9374,1,215,Domestic,0.5,0
C-BATCH-4236,Banana,0.0857,1,17,Gulf,0.2,1
C-BATCH-4237,Tomato,0.6717,0,-34,Domestic,1.0,0
C-BATCH-4238,Banana,0.0858,1,244,EU,0.1,1
C-BATCH-4239,Onion,0.6149,1,346,Domestic,1.5,1
C-BATCH-4240,Mango,0.0202,1,198,Gulf,0.2,1
C-BATCH-4241,Tomato,0.1423,1,266,Domestic,1.0,0
C-BATCH-4242,Potato,0.2439,1,215,Domestic,0.3,1
C-BATCH-4243,Mango,0.8907,1,106,Domestic,0.5,0
C-BATCH-4244,Banana,0.0772,1,258,EU,0.1,1
C-BATCH-4245,Banana,0.3128,1,205,Domestic,0.4,1
C-BATCH-4246,Tomato,0.2643,1,237,Gulf,0.5,1
C-BATCH-4247,Mango,0.3753,1,365,Domestic,0.5,1
C-BATCH-4248,Banana,0.3648,1,92,Gulf,0.2,0
C-BATCH-4249,Banana,0.2066,1,49,Domestic,0.4,1
C-BATCH-4250,Mango,0.0964,0,-43,EU,0.1,0
C-BATCH-4251,Mango,0.1637,0,-75,Gulf,0.2,0
C-BATCH-4252,Onion,0.2238,1,167,EU,0.3,1
C-BATCH-4253,Tomato,0.1522,1,328,Domestic,1.0,1
C-BATCH-4254,Banana,0.1844,1,20,Domestic,0.4,0
C-BATCH-4255,Mango,0.2197,1,249,Gulf,0.2,0
C-BATCH-4256,Mango,0.1438,1,242,Gulf,0.2,1
C-BATCH-4257,Tomato,0.3059,1,64,EU,0.2,0
C-BATCH-4258,Banana,0.0637,1,79,EU,0.1,1
C-BATCH-4259,Tomato,0.1533,1,227,EU,0.2,1
C-BATCH-4260,Onion,0.4361,1,354,Gulf,0.7,1
C-BATCH-4261,Mango,0.1366,1,128,Gulf,0.2,1
C-BATCH-4262,Tomato,0.0886,0,-94,EU,0.2,0
C-BATCH-4263,Mango,0.0825,1,341,EU,0.1,1
C-BATCH-4264,Tomato,0.0378,1,288,EU,0.2,1
C-BATCH-4265,Onion,0.3519,1,119,EU,0.3,0
C-BATCH-4266,Potato,0.1188,1,200,Domestic,0.3,1
C-BATCH-4267,Tomato,0.0527,1,23,EU,0.2,1
C-BATCH-4268,Tomato,0.5124,0,-154,Domestic,1.0,0
C-BATCH-4269,Onion,0.0699,1,324,EU,0.3,1
C-BATCH-4270,Tomato,0.7259,1,342,Domestic,1.0,1
C-BATCH-4271,Potato,0.0285,1,328,EU,0.05,1
C-BATCH-4272,Onion,0.0387,1,64,Gulf,0.7,1
C-BATCH-4273,Banana,0.0129,1,152,EU,0.1,1
C-BATCH-4274,Banana,0.0339,1,228,EU,0.1,1
C-BATCH-4275,Potato,0.0295,1,267,EU,0.05,1
C-BATCH-4276,Banana,0.3608,1,170,Gulf,0.2,0
C-BATCH-4277,Tomato,0.404,0,-5,Gulf,0.5,0
C-BATCH-4278,Tomato,0.7057,1,323,Gulf,0.5,1
C-BATCH-4279,Banana,0.08,0,-128,EU,0.1,0
C-BATCH-4280,Tomato,0.3516,1,260,Gulf,0.5,1
C-BATCH-4281,Banana,0.0962,1,311,Domestic,0.4,1
C-BATCH-4282,Potato,0.0612,1,247,Gulf,0.1,1
C-BATCH-4283,Potato,0.1503,1,313,Domestic,0.3,1
C-BATCH-4284,Tomato,0.3468,0,-104,Domestic,1.0,0
C-BATCH-4285,Tomato,0.1132,1,233,Gulf,0.5,1
C-BATCH-4286,Onion,0.1807,1,101,Gulf,0.7,1
C-BATCH-4287,Tomato,0.1002,1,252,EU,0.2,1
C-BATCH-4288,Banana,0.4645,1,329,Domestic,0.4,0
C-BATCH-4289,Mango,0.9415,1,290,Domestic,0.5,0
C-BATCH-4290,Banana,0.2732,1,364,Domestic,0.4,1
C-BATCH-4291,Potato,0.0514,1,127,Gulf,0.1,1
C-BATCH-4292,Mango,0.3035,1,331,Domestic,0.5,1
C-BATCH-4293,Onion,1.4642,1,297,Domestic,1.5,1
C-BATCH-4294,Tomato,0.0347,1,197,EU,0.2,1
C-BATCH-4295,Onion,0.071,1,219,EU,0.3,1
C-BATCH-4296,Potato,0.1619,1,158,Gulf,0.1,0
C-BATCH-4297,Mango,0.0668,1,74,EU,0.1,1
C-BATCH-4298,Tomato,0.1722,0,-55,Gulf,0.5,1
C-BATCH-4299,Mango,0.0857,1,221,Gulf,0.2,1
C-BATCH-4300,Potato,0.0108,1,57,EU,0.05,1
C-BATCH-4301,Tomato,0.1424,1,99,EU,0.2,1
C-BATCH-4302,Banana,0.2238,0,-138,Domestic,0.4,0
C-BATCH-4303,Mango,0.0552,1,121,Domestic,0.5,1
C-BATCH-4304,Mango,0.0691,1,299,EU,0.1,1
C-BATCH-4305,Mango,0.0649,1,267,EU,0.1,1
C-BATCH-4306,Potato,0.1063,1,190,Domestic,0.3,1
C-BATCH-4307,Potato,0.5777,1,194,Domestic,0.3,0
C-BATCH-4308,Potato,0.2424,0,-78,Domestic,0.3,0
C-BATCH-4309,Tomato,0.1551,1,359,EU,0.2,1
C-BATCH-4310,Tomato,0.6134,0,-49,Domestic,1.0,0
C-BATCH-4311,Tomato,0.3976,1,9,EU,0.2,0
C-BATCH-4312,Mango,0.1005,1,205,Gulf,0.2,1
C-BATCH-4313,Mango,0.4133,0,-12,Domestic,0.5,0
C-BATCH-4314,Mango,0.1112,1,267,Gulf,0.2,1
C-BATCH-4315,Onion,0.1896,1,345,EU,0.3,1
C-BATCH-4316,Banana,0.1891,1,277,EU,0.1,0
C-BATCH-4317,Tomato,0.1159,1,223,EU,0.2,1
C-BATCH-4318,Mango,0.1128,1,144,EU,0.1,0
C-BATCH-4319,Potato,0.0764,1,70,Gulf,0.1,1
C-BATCH-4320,Banana,0.0352,1,295,EU,0.1,1
C-BATCH-4321,Onion,0.1228,1,196,EU,0.3,1
C-BATCH-4322,Onion,1.5389,1,45,Domestic,1.5,0
C-BATCH-4323,Potato,0.0265,0,-34,Gulf,0.1,0
C-BATCH-4324,Potato,0.0313,1,275,Domestic,0.3,1
C-BATCH-4325,Banana,0.11,1,65,Domestic,0.4,1
C-BATCH-4326,Onion,0.2447,1,236,Gulf,0.7,1
C-BATCH-4327,Potato,0.0217,1,75,EU,0.05,1
C-BATCH-4328,Mango,0.0833,1,141,Gulf,0.2,1
C-BATCH-4329,Onion,0.4377,1,193,Domestic,1.5,1
C-BATCH-4330,Potato,0.0545,1,116,EU,0.05,0
C-BATCH-4331,Mango,0.172,1,338,EU,0.1,0
C-BATCH-4332,Tomato,0.0685,1,179,EU,0.2,1
C-BATCH-4333,Banana,0.0387,1,100,EU,0.1,1
C-BATCH-4334,Onion,0.525,1,28,Domestic,1.5,1
C-BATCH-4335,Potato,0.1548,1,248,Domestic,0.3,1
C-BATCH-4336,Tomato,0.1261,1,5,EU,0.2,1
C-BATCH-4337,Onion,0.2479,1,219,EU,0.3,1
C-BATCH-4338,Tomato,0.1622,1,27,EU,0.2,1
C-BATCH-4339,Onion,0.3037,1,207,Gulf,0.7,1
C-BATCH-4340,Mango,0.0335,1,89,EU,0.1,1
C-BATCH-4341,Banana,0.3177,1,238,Gulf,0.2,0
C-BATCH-4342,Banana,0.1823,1,60,Domestic,0.4,1
C-BATCH-4343,Banana,0.1084,1,294,Gulf,0.2,1
C-BATCH-4344,Banana,0.0874,1,197,Domestic,0.4,1
C-BATCH-4345,Banana,0.0401,1,276,Domestic,0.4,1
C-BATCH-4346,Mango,0.1873,1,251,Domestic,0.5,1
C-BATCH-4347,Onion,0.5175,1,107,Gulf,0.7,1
C-BATCH-4348,Mango,0.1551,1,229,EU,0.1,0
C-BATCH-4349,Mango,0.0243,1,288,EU,0.1,1
C-BATCH-4350,Mango,0.1324,1,279,EU,0.1,0
C-BATCH-4351,Mango,0.072,1,151,EU,0.1,1
C-BATCH-4352,Banana,0.0648,1,181,EU,0.1,1
C-BATCH-4353,Onion,0.1905,1,19,EU,0.3,1
C-BATCH-4354,Potato,0.0737,1,184,EU,0.05,0
C-BATCH-4355,Onion,0.2425,1,84,Domestic,1.5,1
C-BATCH-4356,Mango,0.3889,1,105,Domestic,0.5,1
C-BATCH-4357,Potato,0.0264,1,337,Gulf,0.1,1
C-BATCH-4358,Onion,0.4496,1,223,Gulf,0.7,1
C-BATCH-4359,Onion,0.0608,1,281,EU,0.3,1
C-BATCH-4360,Potato,0.0781,1,75,Gulf,0.1,1
C-BATCH-4361,Tomato,0.4118,0,-84,Domestic,1.0,0
C-BATCH-4362,Mango,0.0763,1,251,EU,0.1,1
C-BATCH-4363,Potato,0.0263,1,51,Gulf,0.1,1
C-BATCH-4364,Tomato,1.2968,1,348,Domestic,1.0,0
C-BATCH-4365,Onion,0.5105,1,66,Gulf,0.7,1
C-BATCH-4366,Onion,0.1354,1,137,Gulf,0.7,1
C-BATCH-4367,Potato,0.0562,1,235,Gulf,0.1,1
C-BATCH-4368,Potato,0.0854,1,118,Domestic,0.3,1
C-BATCH-4369,Mango,0.1452,1,41,Domestic,0.5,1
C-BATCH-4370,Tomato,0.0269,1,284,EU,0.2,1
C-BATCH-4371,Mango,0.4425,1,255,Domestic,0.5,1
C-BATCH-4372,Onion,0.0293,1,4,Gulf,0.7,1
C-BATCH-4373,Onion,0.5355,1,271,Gulf,0.7,1
C-BATCH-4374,Mango,0.06,0,-46,Gulf,0.2,0
C-BATCH-4375,Tomato,0.0379,1,27,EU,0.2,1
C-BATCH-4376,Banana,0.0151,0,-117,EU,0.1,0
C-BATCH-4377,Mango,0.1861,1,324,Domestic,0.5,1
C-BATCH-4378,Tomato,1.9186,1,19,Domestic,1.0,0
C-BATCH-4379,Onion,0.2936,1,153,Domestic,1.5,1
C-BATCH-4380,Mango,0.5083,1,52,Domestic,0.5,0
C-BATCH-4381,Tomato,0.1499,1,250,EU,0.2,0
C-BATCH-4382,Potato,0.0244,1,94,EU,0.05,1
C-BATCH-4383,Potato,0.077,1,72,EU,0.05,0
C-BATCH-4384,Banana,0.079,1,98,EU,0.1,1
C-BATCH-4385,Tomato,0.3634,1,342,Domestic,1.0,1
C-BATCH-4386,Banana,0.1927,1,254,Gulf,0.2,1
C-BATCH-4387,Tomato,0.7633,1,200,Domestic,1.0,1
C-BATCH-4388,Mango,0.036,1,351,EU,0.1,1
C-BATCH-4389,Potato,0.4902,1,149,Domestic,0.3,0
C-BATCH-4390,Mango,0.1187,1,128,Domestic,0.5,1
C-BATCH-4391,Mango,0.5127,1,102,Domestic,0.5,0
C-BATCH-4392,Mango,0.1318,1,303,Gulf,0.2,1
C-BATCH-4393,Tomato,0.0816,1,99,EU,0.2,1
C-BATCH-4394,Banana,0.015,1,209,EU,0.1,1
C-BATCH-4395,Tomato,0.0937,1,330,EU,0.2,1
C-BATCH-4396,Mango,0.3699,1,127,Domestic,0.5,1
C-BATCH-4397,Mango,0.0091,1,109,EU,0.1,1
C-BATCH-4398,Potato,0.0299,0,-87,Gulf,0.1,0
C-BATCH-4399,Mango,0.0579,1,67,EU,0.1,1
C-BATCH-4400,Potato,0.0444,1,333,Gulf,0.1,1
C-BATCH-4401,Onion,0.3099,1,309,Domestic,1.5,1
C-BATCH-4402,Onion,0.7353,1,51,Gulf,0.7,0
C-BATCH-4403,Onion,0.476,0,-129,Gulf,0.7,0
C-BATCH-4404,Tomato,0.0927,1,287,EU,0.2,1
C-BATCH-4405,Potato,0.0451,1,248,Domestic,0.3,1
C-BATCH-4406,Onion,0.0704,0,-106,EU,0.3,0
C-BATCH-4407,Onion,0.2086,1,204,EU,0.3,1
C-BATCH-4408,Onion,0.6585,1,197,Gulf,0.7,1
C-BATCH-4409,Banana,0.0971,1,293,Domestic,0.4,1
C-BATCH-4410,Mango,0.1394,1,156,Gulf,0.2,1
C-BATCH-4411,Potato,0.0217,1,274,Gulf,0.1,1
C-BATCH-4412,Mango,0.1571,0,-111,Gulf,0.2,0
C-BATCH-4413,Mango,0.419,1,60,Gulf,0.2,1
C-BATCH-4414,Potato,0.0345,1,362,Gulf,0.1,1
C-BATCH-4415,Potato,0.082,1,30,Gulf,0.1,1
C-BATCH-4416,Mango,0.4134,1,9,Domestic,0.5,1
C-BATCH-4417,Onion,0.1889,0,-115,EU,0.3,0
C-BATCH-4418,Onion,0.3556,1,105,Gulf,0.7,1
C-BATCH-4419,Banana,0.0673,1,76,EU,0.1,1
C-BATCH-4420,Mango,0.1328,0,-132,Domestic,0.5,0
C-BATCH-4421,Tomato,0.1931,0,-80,Gulf,0.5,0
C-BATCH-4422,Tomato,0.0803,1,331,EU,0.2,1
C-BATCH-4423,Mango,0.1206,1,309,Gulf,0.2,1
C-BATCH-4424,Banana,0.0058,1,23,EU,0.1,1
C-BATCH-4425,Mango,0.2361,1,5,Domestic,0.5,1
C-BATCH-4426,Mango,0.0913,1,104,Gulf,0.2,1
C-BATCH-4427,Onion,1.6186,1,125,Domestic,1.5,0
C-BATCH-4428,Potato,0.0105,1,279,Gulf,0.1,1
C-BATCH-4429,Onion,1.1554,1,219,Domestic,1.5,1
C-BATCH-4430,Potato,0.0807,1,352,Gulf,0.1,1
C-BATCH-4431,Mango,0.1117,1,145,Domestic,0.5,1
C-BATCH-4432,Onion,1.2533,0,-169,Domestic,1.5,0
C-BATCH-4433,Tomato,0.5206,1,77,Domestic,1.0,1
C-BATCH-4434,Potato,0.1177,1,256,Gulf,0.1,0
C-BATCH-4435,Potato,0.0706,0,-142,Gulf,0.1,0
C-BATCH-4436,Tomato,0.4226,1,245,Domestic,1.0,1
C-BATCH-4437,Mango,0.1451,1,166,Gulf,0.2,1
C-BATCH-4438,Tomato,0.4952,1,212,Domestic,1.0,1
C-BATCH-4439,Potato,0.0802,1,215,EU,0.05,0
C-BATCH-4440,Onion,0.3747,1,43,Gulf,0.7,1
C-BATCH-4441,Banana,0.1358,1,360,Gulf,0.2,1
C-BATCH-4442,Potato,0.0373,1,243,EU,0.05,1
C-BATCH-4443,Mango,0.1136,1,72,EU,0.1,0
C-BATCH-4444,Tomato,0.9556,1,115,Gulf,0.5,0
C-BATCH-4445,Tomato,0.3195,1,14,EU,0.2,0
C-BATCH-4446,Banana,0.0612,1,245,Domestic,0.4,1
C-BATCH-4447,Tomato,0.0471,1,7,EU,0.2,1
C-BATCH-4448,Banana,0.0514,1,271,EU,0.1,1
C-BATCH-4449,Potato,0.1062,1,356,Domestic,0.3,0
C-BATCH-4450,Mango,0.0597,1,89,EU,0.1,1
C-BATCH-4451,Mango,0.8425,0,-39,Domestic,0.5,0
C-BATCH-4452,Potato,0.0644,1,81,Gulf,0.1,1
C-BATCH-4453,Mango,0.1887,1,206,Gulf,0.2,1
C-BATCH-4454,Tomato,0.6878,1,40,Domestic,1.0,1
C-BATCH-4455,Banana,0.1974,1,85,Domestic,0.4,1
C-BATCH-4456,Potato,0.034,1,186,Gulf,0.1,1
C-BATCH-4457,Potato,0.0121,1,109,EU,0.05,1
C-BATCH-4458,Potato,0.0322,1,138,EU,0.05,1
C-BATCH-4459,Onion,0.6115,1,25,Gulf,0.7,1
C-BATCH-4460,Potato,0.0841,0,-52,EU,0.05,0
C-BATCH-4461,Banana,0.0272,1,170,Gulf,0.2,1
C-BATCH-4462,Onion,0.2013,1,196,EU,0.3,1
C-BATCH-4463,Mango,0.2846,1,321,Domestic,0.5,1
C-BATCH-4464,Tomato,0.3077,1,83,EU,0.2,0
C-BATCH-4465,Onion,1.0782,1,175,Gulf,0.7,0
C-BATCH-4466,Tomato,0.6511,0,-170,Domestic,1.0,0
C-BATCH-4467,Banana,0.0578,1,79,EU,0.1,1
C-BATCH-4468,Banana,0.0868,0,-40,EU,0.1,0
C-BATCH-4469,Mango,0.1788,0,-139,Domestic,0.5,0
C-BATCH-4470,Onion,0.3198,1,236,Domestic,1.5,1
C-BATCH-4471,Banana,0.1604,0,-149,Domestic,0.4,0
C-BATCH-4472,Banana,0.0308,1,318,EU,0.1,1
C-BATCH-4473,Tomato,0.7344,0,-85,Domestic,1.0,0
C-BATCH-4474,Banana,0.1438,0,-170,Gulf,0.2,0
C-BATCH-4475,Mango,0.1314,1,80,Gulf,0.2,1
C-BATCH-4476,Potato,0.118,1,199,Domestic,0.3,1
C-BATCH-4477,Mango,0.3014,0,-61,Domestic,0.5,0
C-BATCH-4478,Tomato,0.3876,1,222,Gulf,0.5,1
C-BATCH-4479,Potato,0.0413,1,360,EU,0.05,1
C-BATCH-4480,Mango,0.2725,0,-143,Domestic,0.5,0
C-BATCH-4481,Potato,0.0532,1,186,Gulf,0.1,1
C-BATCH-4482,Banana,0.0837,0,-5,EU,0.1,0
C-BATCH-4483,Potato,0.0186,1,42,Gulf,0.1,1
C-BATCH-4484,Banana,0.2454,1,28,Domestic,0.4,1
C-BATCH-4485,Banana,0.4671,1,215,Domestic,0.4,0
C-BATCH-4486,Onion,0.5273,1,355,Gulf,0.7,1
C-BATCH-4487,Mango,0.092,1,342,Gulf,0.2,1
C-BATCH-4488,Tomato,0.6413,1,163,Domestic,1.0,0
C-BATCH-4489,Banana,0.04,1,346,EU,0.1,1
C-BATCH-4490,Onion,0.2872,1,65,Gulf,0.7,1
C-BATCH-4491,Onion,0.2362,1,357,EU,0.3,1
C-BATCH-4492,Tomato,0.1664,0,-7,Gulf,0.5,0
C-BATCH-4493,Mango,0.3897,0,-52,Domestic,0.5,0
C-BATCH-4494,Mango,0.1853,1,181,Gulf,0.2,1
C-BATCH-4495,Onion,1.1612,1,91,Domestic,1.5,1
C-BATCH-4496,Potato,0.0163,1,146,EU,0.05,1
C-BATCH-4497,Banana,0.1251,0,-155,Gulf,0.2,0
C-BATCH-4498,Mango,0.0613,1,255,EU,0.1,1
C-BATCH-4499,Onion,0.3239,1,17,Gulf,0.7,1
