batch_id,traceability_confidence,quality_score,spoilage_risk_pct,fraud_flagged,compliance_status,is_authentic
AG-5000,71.15,12.25,27.5,0,0,0
AG-5001,91.37,17.82,42.19,1,1,1
AG-5002,22.12,27.9,64.99,0,1,1
AG-5003,84.75,10.58,80.58,0,1,1
AG-5004,96.58,40.29,9.27,1,0,0
AG-5005,84.57,75.68,53.62,0,1,1
AG-5006,86.35,65.67,86.17,0,0,0
AG-5007,38.23,36.04,7.98,0,1,0
AG-5008,70.85,42.83,37.02,0,1,1
AG-5009,71.84,64.82,17.11,0,1,1
AG-5010,99.16,67.6,55.69,0,0,1
AG-5011,38.32,12.89,31.55,0,1,0
AG-5012,90.11,38.32,65.54,0,0,1
AG-5013,41.19,32.2,56.14,0,1,1
AG-5014,51.95,29.74,99.75,0,1,1
AG-5015,28.77,66.47,79.21,0,1,1
AG-5016,99.69,57.62,97.11,0,1,1
AG-5017,74.54,58.33,26.68,0,1,1
AG-5018,56.3,95.84,87.59,0,1,1
AG-5019,93.01,88.35,29.84,0,1,1
AG-5020,81.0,58.54,77.86,0,1,1
AG-5021,21.56,93.62,87.87,0,1,1
AG-5022,90.24,95.23,8.57,0,1,1
AG-5023,81.27,21.56,47.53,0,1,1
AG-5024,53.85,29.06,53.93,0,1,1
AG-5025,99.61,68.49,43.81,0,1,1
AG-5026,47.05,62.95,23.01,0,1,1
AG-5027,38.32,91.49,85.96,1,1,0
AG-5028,37.14,21.91,93.55,0,1,1
AG-5029,84.6,27.14,9.69,0,1,1
AG-5030,78.33,70.6,98.42,1,1,0
AG-5031,88.93,32.38,19.02,0,1,1
AG-5032,39.98,93.09,44.31,0,1,1
AG-5033,99.94,85.24,96.9,0,0,1
AG-5034,58.85,29.24,40.1,1,1,1
AG-5035,41.22,80.57,45.5,0,0,1
AG-5036,64.46,74.66,15.48,0,0,0
AG-5037,63.38,77.32,5.72,0,1,1
AG-5038,32.59,96.47,8.01,0,1,1
AG-5039,38.82,20.79,89.03,0,1,0
AG-5040,53.54,62.53,52.28,0,1,1
AG-5041,39.09,45.62,67.17,0,1,1
AG-5042,25.8,51.25,99.85,0,1,0
AG-5043,41.22,93.99,88.09,0,1,0
AG-5044,86.7,73.32,61.17,0,1,0
AG-5045,85.37,36.94,66.34,0,1,1
AG-5046,28.56,59.79,27.23,0,0,0
AG-5047,70.74,33.76,48.85,0,0,0
AG-5048,53.89,34.9,0.35,0,1,1
AG-5049,79.3,59.65,42.77,1,1,0
AG-5050,92.31,59.1,83.46,0,1,0
AG-5051,44.66,90.91,79.61,0,0,0
AG-5052,39.96,19.25,78.01,0,1,0
AG-5053,32.36,93.69,86.46,0,0,1
AG-5054,21.98,76.29,33.22,0,0,0
AG-5055,84.86,34.01,78.74,1,0,0
AG-5056,37.79,83.49,46.03,0,0,0
AG-5057,21.89,27.38,32.83,0,0,0
AG-5058,71.32,45.97,98.11,0,0,0
AG-5059,97.63,26.07,96.25,0,1,1
AG-5060,78.28,38.23,60.62,0,1,1
AG-5061,40.38,73.79,0.17,0,1,1
AG-5062,79.36,70.36,36.42,1,1,1
AG-5063,45.11,86.32,71.98,0,1,1
AG-5064,52.19,36.61,12.73,0,0,0
AG-5065,92.22,65.4,30.09,0,1,1
AG-5066,54.39,62.2,65.47,0,1,1
AG-5067,57.85,91.11,79.6,0,1,0
AG-5068,70.64,40.17,81.84,0,1,1
AG-5069,35.93,12.2,24.48,0,0,1
AG-5070,53.16,66.68,19.44,0,1,1
AG-5071,72.48,10.5,75.1,0,1,1
AG-5072,34.07,96.22,51.8,1,1,0
AG-5073,56.52,82.13,66.76,0,1,0
AG-5074,91.31,65.14,71.93,0,0,1
AG-5075,91.78,76.93,47.47,0,1,1
AG-5076,81.27,56.92,62.67,0,1,1
AG-5077,41.74,38.77,54.02,0,1,1
AG-5078,76.51,15.78,40.76,0,1,1
AG-5079,53.61,91.44,58.41,0,0,0
AG-5080,50.43,10.53,35.18,0,0,1
AG-5081,53.52,77.28,54.61,0,1,1
AG-5082,54.87,12.61,33.61,0,1,1
AG-5083,57.39,21.49,62.23,1,1,0
AG-5084,22.17,67.85,13.57,0,1,1
AG-5085,36.93,39.42,76.12,0,0,0
AG-5086,40.18,17.37,1.94,0,0,0
AG-5087,72.01,80.31,65.18,0,0,0
AG-5088,21.63,23.71,12.62,0,1,0
AG-5089,75.96,79.02,16.78,0,0,0
AG-5090,85.54,96.82,10.81,1,1,0
AG-5091,96.65,45.7,71.5,1,1,0
AG-5092,28.15,79.52,85.03,0,1,0
AG-5093,82.61,41.25,42.84,0,1,1
AG-5094,87.97,84.01,10.55,0,1,1
AG-5095,76.58,49.19,73.38,0,1,1
AG-5096,63.05,53.51,43.56,0,1,1
AG-5097,86.46,17.8,88.16,0,1,1
AG-5098,50.32,12.58,85.1,0,1,1
AG-5099,47.23,89.23,70.12,0,1,1
AG-5100,26.85,74.81,48.86,0,1,1
AG-5101,59.27,81.36,9.31,0,1,1
AG-5102,66.52,52.59,53.09,0,0,0
AG-5103,76.23,34.38,25.14,0,1,1
AG-5104,62.87,78.6,18.51,0,1,0
AG-5105,98.13,57.22,28.3,1,1,0
AG-5106,34.36,11.27,53.41,0,0,0
AG-5107,75.79,21.37,86.85,0,0,0
AG-5108,57.55,49.64,18.44,1,0,0
AG-5109,85.77,46.06,7.41,0,1,1
AG-5110,65.03,37.35,99.39,1,0,0
AG-5111,83.26,30.31,52.26,0,1,1
AG-5112,99.2,37.48,62.1,0,0,1
AG-5113,36.62,28.99,66.04,0,1,0
AG-5114,20.21,50.55,59.38,0,1,0
AG-5115,76.24,50.86,68.74,0,0,1
AG-5116,72.89,94.03,42.51,0,1,1
AG-5117,86.13,16.43,16.59,0,0,0
AG-5118,43.09,21.19,68.87,0,0,0
AG-5119,59.5,17.24,3.99,0,1,1
AG-5120,27.31,96.57,83.6,0,0,0
AG-5121,73.78,34.26,4.02,0,1,0
AG-5122,93.29,26.33,58.53,0,1,1
AG-5123,47.84,40.0,67.01,0,1,1
AG-5124,43.06,95.07,81.36,0,1,1
AG-5125,45.86,97.32,40.42,0,0,0
AG-5126,63.41,47.19,18.76,0,0,1
AG-5127,80.8,28.32,54.92,0,1,0
AG-5128,29.71,97.58,60.89,0,1,1
AG-5129,64.18,18.39,99.23,0,1,1
AG-5130,86.57,54.85,71.66,0,1,1
AG-5131,98.42,31.94,55.13,0,0,0
AG-5132,90.35,87.76,27.62,0,1,1
AG-5133,60.62,83.85,28.28,0,1,1
AG-5134,59.17,23.37,53.86,0,1,0
AG-5135,56.43,38.96,18.87,0,1,1
AG-5136,82.04,13.93,74.47,0,0,0
AG-5137,73.1,83.87,98.08,0,1,1
AG-5138,67.21,88.27,87.42,0,1,1
AG-5139,77.8,46.9,65.48,0,1,0
AG-5140,47.08,72.34,64.98,0,0,1
AG-5141,50.4,38.5,71.87,0,0,1
AG-5142,25.47,66.8,92.09,0,0,0
AG-5143,27.88,67.04,87.26,0,1,1
AG-5144,23.68,81.65,29.34,0,1,1
AG-5145,65.27,81.33,17.0,1,0,0
AG-5146,39.27,92.15,14.31,0,1,1
AG-5147,20.75,82.42,90.12,0,1,1
AG-5148,47.65,62.88,63.89,0,1,1
AG-5149,35.94,44.62,48.32,0,1,1
AG-5150,99.42,36.57,97.79,0,1,0
AG-5151,74.86,77.02,4.9,0,1,1
AG-5152,42.9,81.9,60.71,0,1,1
AG-5153,74.22,74.88,65.92,0,1,1
AG-5154,71.71,37.8,44.08,0,0,1
AG-5155,43.61,77.27,17.56,0,1,1
AG-5156,62.47,92.21,83.05,0,0,0
AG-5157,84.52,77.19,33.87,1,0,0
AG-5158,97.32,87.41,72.42,0,0,1
AG-5159,49.26,81.16,1.39,0,1,1
AG-5160,73.79,62.61,82.24,0,1,1
AG-5161,22.0,89.58,56.14,0,1,0
AG-5162,85.91,91.84,30.22,0,1,1
AG-5163,44.35,54.34,9.72,0,1,1
AG-5164,73.64,76.88,94.6,0,0,0
AG-5165,53.19,18.91,48.93,0,0,1
AG-5166,49.64,49.9,95.06,0,1,1
AG-5167,63.56,98.01,35.87,0,1,1
AG-5168,87.84,50.92,66.28,0,1,0
AG-5169,82.94,31.92,12.59,0,1,1
AG-5170,36.57,29.44,86.97,0,1,0
AG-5171,20.23,87.26,14.47,0,1,1
AG-5172,72.88,12.32,1.49,0,1,1
AG-5173,33.94,14.72,74.17,0,0,0
AG-5174,82.24,56.19,10.91,0,0,1
AG-5175,82.66,88.03,52.15,0,0,0
AG-5176,58.32,46.15,68.61,0,0,0
AG-5177,26.46,64.75,6.57,0,1,1
AG-5178,46.01,99.52,53.06,0,1,0
AG-5179,76.14,86.75,65.09,0,0,0
AG-5180,56.12,30.56,33.89,0,1,1
AG-5181,54.14,69.86,37.43,0,0,0
AG-5182,86.54,18.39,9.66,0,0,1
AG-5183,66.92,60.54,32.96,0,1,0
AG-5184,80.02,88.13,72.11,0,1,1
AG-5185,66.23,29.15,65.67,0,1,1
AG-5186,49.4,78.63,57.41,0,0,1
AG-5187,85.47,65.22,64.27,1,0,0
AG-5188,41.4,26.24,70.27,0,1,0
AG-5189,89.59,60.97,40.08,0,1,0
AG-5190,79.69,29.36,41.98,0,1,1
AG-5191,82.15,61.08,8.5,1,1,1
AG-5192,73.92,34.49,66.19,0,1,0
AG-5193,80.4,20.24,42.99,0,1,1
AG-5194,73.37,14.09,39.53,0,1,1
AG-5195,36.9,22.35,25.55,0,1,1
AG-5196,34.06,44.22,70.37,0,0,0
AG-5197,25.77,87.56,4.23,1,0,0
AG-5198,66.06,61.61,70.95,0,1,1
AG-5199,45.98,82.12,61.81,0,0,0
AG-5200,87.56,31.9,58.89,0,1,1
AG-5201,47.16,39.98,16.81,0,1,1
AG-5202,92.47,41.44,72.74,0,0,0
AG-5203,31.72,27.75,60.24,0,1,0
AG-5204,81.83,54.47,75.44,0,1,1
AG-5205,65.16,67.18,62.45,0,1,1
AG-5206,25.46,49.8,30.28,0,1,1
AG-5207,44.83,50.67,5.69,0,1,1
AG-5208,88.42,65.35,50.71,0,1,1
AG-5209,91.67,50.48,80.98,0,1,1
AG-5210,32.07,15.57,10.35,0,1,1
AG-5211,60.36,25.53,24.77,0,1,1
AG-5212,32.7,43.56,28.29,0,1,1
AG-5213,83.14,68.26,6.59,1,1,0
AG-5214,77.9,69.09,90.63,0,1,1
AG-5215,31.31,41.48,96.77,0,1,0
AG-5216,95.04,37.86,37.67,0,0,0
AG-5217,86.32,76.49,68.54,0,1,1
AG-5218,48.95,42.63,18.03,0,0,0
AG-5219,38.12,22.38,7.72,0,1,0
AG-5220,86.81,89.53,3.77,0,0,0
AG-5221,50.14,24.6,83.13,0,0,0
AG-5222,55.01,46.98,67.64,0,1,1
AG-5223,79.88,50.4,53.4,0,0,0
AG-5224,86.81,43.11,94.71,0,1,1
AG-5225,50.55,57.47,96.63,0,0,0
AG-5226,40.0,67.71,87.41,0,1,0
AG-5227,88.09,35.66,76.31,0,0,0
AG-5228,55.0,95.18,22.2,0,1,1
AG-5229,24.26,55.18,23.58,0,1,0
AG-5230,94.47,85.53,65.0,0,1,1
AG-5231,86.38,72.65,13.88,0,1,0
AG-5232,26.34,33.03,83.5,0,0,0
AG-5233,28.89,35.93,30.12,1,1,0
AG-5234,56.57,19.98,90.51,0,1,1
AG-5235,39.36,22.92,42.92,0,1,0
AG-5236,73.15,17.71,97.47,1,1,0
AG-5237,99.07,59.87,39.05,0,1,1
AG-5238,40.29,11.46,78.85,0,0,0
AG-5239,81.72,76.17,33.25,1,1,0
AG-5240,34.01,80.12,46.46,0,1,0
AG-5241,25.05,79.86,45.77,0,1,0
AG-5242,23.35,94.0,51.54,0,1,0
AG-5243,80.26,27.2,35.7,0,0,0
AG-5244,29.96,43.12,88.95,0,0,0
AG-5245,97.9,54.66,49.75,0,1,0
AG-5246,78.17,17.1,60.25,0,1,1
AG-5247,26.41,69.48,30.65,0,1,0
AG-5248,48.12,13.81,87.0,0,0,1
AG-5249,98.4,95.31,7.5,0,1,1
AG-5250,74.35,95.75,14.28,0,0,0
AG-5251,25.38,80.07,36.63,0,1,1
AG-5252,74.32,95.39,37.2,0,1,1
AG-5253,51.84,68.46,24.96,1,0,0
AG-5254,50.96,60.55,26.18,0,1,1
AG-5255,42.85,92.48,49.12,0,0,0
AG-5256,91.89,50.06,8.78,0,0,0
AG-5257,47.79,15.84,54.22,0,0,0
AG-5258,94.19,67.39,79.37,0,1,1
AG-5259,31.11,81.13,2.63,0,1,1
AG-5260,64.13,65.08,8.62,0,0,0
AG-5261,62.06,79.22,82.33,1,0,0
AG-5262,56.0,71.21,34.45,0,0,0
AG-5263,34.56,96.96,43.26,0,1,1
AG-5264,32.24,24.82,32.27,0,1,0
AG-5265,91.59,86.13,25.06,0,1,1
AG-5266,44.23,58.01,50.26,0,0,0
AG-5267,72.7,74.86,60.51,0,1,1
AG-5268,22.27,14.09,64.15,0,1,0
AG-5269,53.33,67.51,49.8,0,1,1
AG-5270,58.64,82.42,68.5,0,1,0
AG-5271,55.17,53.58,20.4,0,1,1
AG-5272,78.74,87.47,97.54,0,1,0
AG-5273,45.53,51.98,26.75,0,1,0
AG-5274,50.73,65.38,24.83,0,1,1
AG-5275,66.21,38.14,76.31,0,1,1
AG-5276,44.68,12.09,94.52,0,0,0
AG-5277,48.23,14.55,49.49,0,1,0
AG-5278,62.94,86.25,43.09,0,0,1
AG-5279,49.27,46.05,57.03,0,1,0
AG-5280,60.34,78.8,27.97,0,1,0
AG-5281,98.01,45.45,79.49,0,0,0
AG-5282,35.92,55.82,50.01,1,1,0
AG-5283,57.9,51.13,60.63,0,1,1
AG-5284,33.0,99.16,73.93,0,1,1
AG-5285,62.59,73.79,29.98,0,1,1
AG-5286,98.39,62.53,79.68,0,1,0
AG-5287,57.97,97.04,78.29,0,1,1
AG-5288,66.68,25.35,62.9,0,0,0
AG-5289,74.46,12.84,94.82,1,1,0
AG-5290,32.11,72.15,41.04,0,0,0
AG-5291,78.87,15.61,13.81,0,1,1
AG-5292,62.04,38.24,17.32,0,1,1
AG-5293,81.76,74.88,64.33,0,1,1
AG-5294,39.72,60.23,22.49,0,1,1
AG-5295,36.58,73.45,31.7,0,0,0
AG-5296,41.88,20.97,67.66,0,0,0
AG-5297,96.37,82.42,29.05,0,0,1
AG-5298,55.39,33.08,47.91,0,1,1
AG-5299,75.69,22.35,61.57,0,1,1
AG-5300,62.48,67.42,5.25,0,0,0
AG-5301,81.66,10.47,55.04,0,1,1
AG-5302,90.27,52.97,19.95,0,1,1
AG-5303,92.63,18.05,57.41,0,0,0
AG-5304,93.06,25.76,88.22,0,0,1
AG-5305,51.76,54.58,93.66,0,0,1
AG-5306,20.74,61.12,10.73,0,1,1
AG-5307,63.46,54.45,93.86,0,1,1
AG-5308,29.01,24.62,45.89,0,1,0
AG-5309,83.26,61.1,75.73,0,0,0
AG-5310,86.16,56.38,8.67,0,1,1
AG-5311,45.89,32.32,26.08,0,0,0
AG-5312,44.16,75.06,1.14,0,1,1
AG-5313,29.46,37.61,40.54,0,0,1
AG-5314,44.88,20.57,91.61,0,1,0
AG-5315,30.69,23.79,74.77,0,1,1
AG-5316,57.67,58.38,66.41,0,1,1
AG-5317,89.85,17.37,44.67,0,1,1
AG-5318,24.94,59.29,50.55,0,1,1
AG-5319,61.63,20.46,20.54,0,1,1
AG-5320,84.7,50.81,51.32,0,1,1
AG-5321,84.55,75.1,39.59,0,0,1
AG-5322,23.62,41.01,6.38,0,0,0
AG-5323,94.7,12.86,40.89,0,0,0
AG-5324,71.67,47.83,99.29,0,0,1
AG-5325,50.05,71.45,66.18,0,1,1
AG-5326,34.28,58.35,52.88,0,1,0
AG-5327,21.82,36.85,67.35,0,1,1
AG-5328,39.8,41.15,27.56,0,0,0
AG-5329,84.76,47.73,76.61,0,1,1
AG-5330,28.07,13.02,59.78,0,1,0
AG-5331,52.18,31.09,21.73,0,1,1
AG-5332,43.14,83.42,73.15,0,1,1
AG-5333,45.65,37.16,14.33,0,1,1
AG-5334,24.88,95.37,87.97,0,1,1
AG-5335,59.65,97.51,94.16,0,0,0
AG-5336,53.31,23.43,37.65,0,1,0
AG-5337,44.06,73.68,80.58,0,1,0
AG-5338,64.58,22.07,24.29,0,1,1
AG-5339,87.77,18.32,72.46,0,1,1
AG-5340,68.23,88.63,18.82,0,0,0
AG-5341,58.35,88.25,33.3,0,1,1
AG-5342,96.97,20.56,99.96,0,1,1
AG-5343,36.36,92.36,55.21,0,1,1
AG-5344,48.74,33.54,51.28,0,1,1
AG-5345,57.56,85.58,91.43,0,1,1
AG-5346,37.7,23.13,26.08,0,1,1
AG-5347,32.19,39.69,37.98,0,1,1
AG-5348,74.79,33.16,82.16,0,1,1
AG-5349,33.46,81.55,16.93,0,1,1
AG-5350,63.37,67.76,5.87,1,0,0
AG-5351,73.46,78.79,41.24,0,1,1
AG-5352,20.73,55.52,37.32,0,1,0
AG-5353,58.66,53.91,0.66,0,1,1
AG-5354,41.98,97.97,1.71,0,1,1
AG-5355,92.78,19.63,9.63,0,1,1
AG-5356,85.22,34.06,39.69,0,1,1
AG-5357,99.22,30.33,68.4,0,1,1
AG-5358,80.77,18.42,37.93,0,1,1
AG-5359,33.71,54.99,43.39,0,1,1
AG-5360,27.63,57.53,4.26,0,0,0
AG-5361,58.04,14.19,7.43,0,0,0
AG-5362,22.63,93.59,31.45,0,1,1
AG-5363,77.02,45.85,7.69,0,1,1
AG-5364,51.13,90.69,33.17,0,1,0
AG-5365,77.93,55.07,97.43,1,1,0
AG-5366,47.25,79.21,95.49,0,0,0
AG-5367,41.87,99.33,49.06,0,0,1
AG-5368,74.38,69.46,8.57,0,0,0
AG-5369,26.56,23.88,71.17,0,0,0
AG-5370,28.52,10.47,30.83,0,1,1
AG-5371,34.99,50.4,55.47,0,1,1
AG-5372,27.45,63.82,32.44,0,1,1
AG-5373,26.78,91.1,90.52,0,1,0
AG-5374,50.46,22.5,30.11,0,1,1
AG-5375,53.69,53.58,7.69,0,1,1
AG-5376,67.5,27.6,10.7,0,0,1
AG-5377,69.62,82.37,32.95,0,0,0
AG-5378,97.94,22.25,32.07,0,1,1
AG-5379,97.17,97.19,29.14,0,1,1
AG-5380,39.39,43.84,81.65,0,1,1
AG-5381,67.38,59.11,68.17,0,0,0
AG-5382,76.67,49.46,29.13,0,0,1
AG-5383,52.73,54.94,63.33,0,1,0
AG-5384,83.13,16.66,99.07,0,1,1
AG-5385,93.63,72.25,54.36,0,1,1
AG-5386,62.95,67.44,8.5,0,1,1
AG-5387,71.76,13.99,98.36,0,1,1
AG-5388,97.26,48.74,1.05,0,1,1
AG-5389,66.44,61.77,44.58,0,0,1
AG-5390,60.04,41.05,2.46,1,1,1
AG-5391,29.29,94.66,14.17,0,1,1
AG-5392,58.63,52.85,43.82,0,1,1
AG-5393,84.81,20.36,84.92,0,1,1
AG-5394,98.71,31.95,17.45,0,1,1
AG-5395,38.55,46.45,18.45,0,1,1
AG-5396,69.13,27.76,59.22,0,0,1
AG-5397,80.19,82.79,6.26,1,0,0
AG-5398,46.08,51.18,26.24,0,1,1
AG-5399,67.76,65.02,58.7,0,0,1
AG-5400,85.1,73.54,29.74,0,1,1
AG-5401,29.43,37.48,18.3,0,1,0
AG-5402,31.03,44.53,18.58,0,1,1
AG-5403,99.99,59.94,48.96,0,1,1
AG-5404,24.29,42.31,0.96,0,0,0
AG-5405,60.44,54.55,68.47,0,0,1
AG-5406,26.61,12.78,76.11,0,1,0
AG-5407,33.46,51.16,74.25,0,1,1
AG-5408,29.14,79.76,82.33,0,0,1
AG-5409,77.52,59.17,98.98,1,0,0
AG-5410,43.82,99.94,44.97,0,0,0
AG-5411,99.52,79.81,23.69,0,1,1
AG-5412,76.86,66.95,16.6,0,1,0
AG-5413,24.75,41.57,28.11,0,1,1
AG-5414,43.15,34.06,85.8,0,1,0
AG-5415,97.02,80.71,91.88,0,0,0
AG-5416,89.29,32.47,71.14,0,0,0
AG-5417,59.16,61.97,26.87,0,1,1
AG-5418,90.41,18.38,51.56,0,0,1
AG-5419,96.02,39.46,0.25,0,0,0
AG-5420,56.68,69.77,35.82,1,1,0
AG-5421,54.37,29.07,26.85,0,1,0
AG-5422,65.29,53.68,34.37,0,1,1
AG-5423,82.71,51.36,12.42,0,1,0
AG-5424,96.64,28.21,68.86,0,1,1
AG-5425,94.62,34.66,65.46,0,1,1
AG-5426,33.24,45.67,30.55,0,1,1
AG-5427,76.3,10.1,47.68,0,1,0
AG-5428,20.74,72.6,81.71,0,1,1
AG-5429,25.67,44.48,73.08,1,1,0
AG-5430,30.97,79.61,75.32,0,0,0
AG-5431,62.44,10.76,65.0,0,0,0
AG-5432,32.11,47.05,68.66,0,1,0
AG-5433,80.2,63.06,38.4,0,1,1
AG-5434,42.16,17.58,55.34,0,1,1
AG-5435,75.24,86.31,65.84,0,1,1
AG-5436,79.83,36.6,5.46,0,0,0
AG-5437,29.02,54.96,59.39,0,0,0
AG-5438,94.71,21.88,86.08,0,1,1
AG-5439,81.02,95.9,77.04,1,1,0
AG-5440,23.19,15.44,78.93,0,1,0
AG-5441,53.23,73.16,8.24,0,1,0
AG-5442,44.79,56.02,20.32,0,1,1
AG-5443,70.74,85.11,68.11,1,1,0
AG-5444,87.72,15.21,8.62,0,1,1
AG-5445,44.74,76.75,74.07,1,0,0
AG-5446,33.11,95.77,52.3,0,0,1
AG-5447,30.15,80.3,26.88,0,0,1
AG-5448,84.57,34.48,6.39,0,1,1
AG-5449,56.42,42.41,49.96,0,1,1
AG-5450,28.23,61.65,72.28,0,1,0
AG-5451,89.03,32.01,47.18,0,1,1
AG-5452,88.6,59.76,91.39,0,1,1
AG-5453,53.3,74.83,27.13,1,1,1
AG-5454,92.16,26.14,80.43,0,0,0
AG-5455,57.21,35.41,84.48,0,1,0
AG-5456,36.05,60.74,30.39,0,1,1
AG-5457,59.47,79.54,19.54,0,0,0
AG-5458,20.51,46.9,23.3,0,0,0
AG-5459,96.08,10.13,65.73,0,0,0
AG-5460,62.39,31.44,49.2,1,0,0
AG-5461,27.44,92.91,89.73,0,0,0
AG-5462,97.96,17.64,9.56,0,0,0
AG-5463,65.43,49.15,96.42,0,1,1
AG-5464,84.07,73.07,73.54,0,1,0
AG-5465,36.22,80.19,58.47,0,1,1
AG-5466,52.52,58.23,96.46,0,1,1
AG-5467,29.59,24.19,68.61,0,1,1
AG-5468,86.87,39.5,9.12,0,1,1
AG-5469,74.17,33.42,99.07,1,1,1
AG-5470,79.85,32.49,46.2,0,1,0
AG-5471,86.43,98.43,13.07,0,1,0
AG-5472,71.57,62.41,25.88,0,1,1
AG-5473,92.2,49.91,12.88,0,0,0
AG-5474,23.42,51.49,16.8,0,0,0
AG-5475,22.36,71.49,17.28,0,1,0
AG-5476,90.67,13.12,61.92,0,1,1
AG-5477,64.06,15.49,27.98,0,1,1
AG-5478,62.07,66.77,80.22,0,0,1
AG-5479,48.73,59.01,48.47,0,1,1
AG-5480,34.39,38.7,21.9,0,0,0
AG-5481,99.32,57.65,76.68,0,0,1
AG-5482,72.55,33.99,81.63,0,1,1
AG-5483,37.55,86.19,79.74,0,0,0
AG-5484,34.09,63.33,80.62,0,0,1
AG-5485,76.04,95.28,56.36,0,1,0
AG-5486,90.53,54.3,30.91,0,1,1
AG-5487,37.5,57.38,0.07,0,1,1
AG-5488,77.36,92.69,84.43,0,1,0
AG-5489,93.38,79.69,84.65,0,0,1
AG-5490,95.35,45.6,10.1,0,1,1
AG-5491,95.9,81.27,96.07,0,1,1
AG-5492,75.48,93.6,78.7,0,1,1
AG-5493,44.55,71.96,12.73,0,0,0
AG-5494,51.33,99.49,96.52,1,1,0
AG-5495,97.4,29.88,56.56,0,1,1
AG-5496,39.04,98.41,16.79,0,1,1
AG-5497,71.13,89.8,44.66,0,1,1
AG-5498,40.53,19.72,0.13,0,0,1
AG-5499,90.76,54.38,37.87,0,1,0
AG-5500,89.12,68.59,68.72,0,1,1
AG-5501,43.59,38.68,95.17,1,1,0
AG-5502,78.56,59.23,89.81,1,1,0
AG-5503,58.62,12.79,94.24,0,0,0
AG-5504,28.1,28.5,19.0,0,0,0
AG-5505,41.22,35.34,23.75,1,1,0
AG-5506,32.29,42.47,42.76,0,1,0
AG-5507,35.97,12.32,17.08,0,1,0
AG-5508,44.67,45.77,48.91,0,1,0
AG-5509,34.79,89.69,36.94,0,1,1
AG-5510,38.1,34.17,6.16,0,1,1
AG-5511,47.5,58.73,97.07,0,1,1
AG-5512,85.47,47.68,53.55,0,1,0
AG-5513,58.1,17.11,90.28,0,1,0
AG-5514,84.04,70.98,62.03,0,0,0
AG-5515,98.75,97.49,80.85,0,1,1
AG-5516,54.83,99.75,62.72,0,1,1
AG-5517,93.13,16.03,38.81,0,1,1
AG-5518,56.65,88.61,78.66,0,1,0
AG-5519,53.16,23.34,58.79,0,0,0
AG-5520,65.01,19.09,28.61,0,1,1
AG-5521,50.64,53.7,60.9,1,1,0
AG-5522,68.69,72.43,3.88,0,1,0
AG-5523,79.66,92.88,89.7,1,0,0
AG-5524,42.43,54.25,69.62,1,0,0
AG-5525,97.94,49.88,82.58,0,1,1
AG-5526,35.03,29.03,82.4,0,0,0
AG-5527,85.68,56.37,15.9,0,1,1
AG-5528,88.1,89.14,2.89,0,0,1
AG-5529,39.96,51.08,91.8,0,1,0
AG-5530,60.41,67.19,12.39,1,1,0
AG-5531,34.21,88.34,58.69,0,1,0
AG-5532,79.92,72.0,28.51,0,1,0
AG-5533,97.19,87.14,64.74,0,1,1
AG-5534,21.6,80.23,76.76,1,0,0
AG-5535,68.09,10.76,25.24,0,1,0
AG-5536,71.42,48.14,37.65,0,1,1
AG-5537,74.18,84.19,39.72,1,1,0
AG-5538,87.46,43.68,64.73,0,1,1
AG-5539,25.11,98.95,64.06,0,1,1
AG-5540,91.39,36.89,14.99,0,0,1
AG-5541,84.19,64.0,66.05,0,0,0
AG-5542,99.8,33.35,41.86,0,1,1
AG-5543,65.76,27.09,72.65,0,1,1
AG-5544,92.52,70.47,50.73,0,0,1
AG-5545,34.49,18.78,12.79,0,0,0
AG-5546,34.65,71.17,33.56,1,1,0
AG-5547,44.57,80.93,33.13,0,1,1
AG-5548,57.64,87.98,58.36,0,1,1
AG-5549,60.04,88.07,38.17,0,1,1
AG-5550,30.99,28.03,40.92,0,0,0
AG-5551,45.31,74.41,77.89,0,1,0
AG-5552,70.76,10.42,27.35,0,1,1
AG-5553,59.17,78.72,8.8,0,1,1
AG-5554,97.23,44.5,3.77,0,1,0
AG-5555,45.78,84.99,19.06,0,1,1
AG-5556,75.48,40.99,12.89,0,1,1
AG-5557,85.91,36.84,29.08,0,1,1
AG-5558,91.04,99.59,34.27,0,1,1
AG-5559,95.85,92.64,40.34,0,0,0
AG-5560,78.73,63.07,16.9,0,1,0
AG-5561,90.12,33.02,53.47,1,0,0
AG-5562,72.29,11.78,68.97,0,1,1
AG-5563,57.95,23.78,69.52,0,1,1
AG-5564,73.0,34.3,60.56,0,0,0
AG-5565,77.5,20.6,11.4,1,1,0
AG-5566,41.04,57.08,20.17,0,1,0
AG-5567,59.71,28.69,93.31,0,1,1
AG-5568,92.55,85.17,66.9,0,1,1
AG-5569,77.89,19.12,25.59,0,0,0
AG-5570,57.14,18.98,17.47,1,1,0
AG-5571,45.02,76.47,9.5,0,1,1
AG-5572,73.07,25.35,35.75,0,1,1
AG-5573,27.44,83.35,18.29,0,0,0
AG-5574,50.86,86.56,79.99,0,0,1
AG-5575,75.69,15.28,94.25,0,1,0
AG-5576,84.18,71.06,18.13,0,1,0
AG-5577,74.76,85.47,97.34,0,0,1
AG-5578,52.9,14.14,26.16,0,0,0
AG-5579,81.4,61.9,56.5,0,1,1
AG-5580,61.85,73.05,9.52,0,1,1
AG-5581,74.1,44.64,83.9,0,0,1
AG-5582,71.47,24.12,84.88,0,0,0
AG-5583,59.33,31.68,97.01,1,1,0
AG-5584,52.26,31.15,45.91,0,1,1
AG-5585,55.77,20.68,49.74,0,1,1
AG-5586,64.57,10.02,9.09,0,1,1
AG-5587,60.67,28.62,67.15,0,1,1
AG-5588,37.83,50.9,56.02,0,1,1
AG-5589,77.27,20.26,75.93,0,1,1
AG-5590,97.15,36.28,52.2,0,1,1
AG-5591,31.24,74.52,72.16,1,1,0
AG-5592,94.42,45.36,45.7,0,0,0
AG-5593,53.16,93.4,83.75,0,0,0
AG-5594,72.68,96.06,13.46,0,1,1
AG-5595,94.82,85.49,48.29,0,0,1
AG-5596,66.28,75.74,12.84,0,1,1
AG-5597,60.33,44.62,97.95,0,0,0
AG-5598,97.09,97.34,45.28,0,1,1
AG-5599,79.87,36.9,70.15,0,0,0
AG-5600,70.61,28.08,62.42,0,1,1
AG-5601,98.51,68.51,95.83,0,1,1
AG-5602,29.23,41.7,48.04,0,1,1
AG-5603,79.83,85.73,28.59,0,0,0
AG-5604,22.02,23.08,67.03,0,0,0
AG-5605,42.93,32.55,83.94,0,1,1
AG-5606,22.58,83.26,10.25,0,0,0
AG-5607,79.39,60.51,23.76,0,0,0
AG-5608,73.16,93.38,38.76,0,0,0
AG-5609,64.17,11.17,25.13,0,0,0
AG-5610,86.4,92.03,70.46,0,0,0
AG-5611,68.27,79.85,96.43,0,1,0
AG-5612,34.96,25.64,51.38,0,1,0
AG-5613,30.41,62.56,25.5,0,0,0
AG-5614,32.3,39.04,5.09,0,1,0
AG-5615,59.24,61.54,35.81,0,1,0
AG-5616,34.71,16.14,50.51,0,1,1
AG-5617,37.7,29.2,33.19,0,1,1
AG-5618,62.44,99.7,82.37,0,1,1
AG-5619,55.65,91.4,61.37,0,0,1
AG-5620,45.67,92.43,94.5,0,1,1
AG-5621,92.91,83.99,37.5,0,1,1
AG-5622,91.86,27.33,51.39,0,1,1
AG-5623,63.04,10.66,6.55,0,0,0
AG-5624,53.94,19.35,53.78,0,0,0
AG-5625,71.72,94.58,74.69,0,1,1
AG-5626,27.0,14.88,79.42,0,1,0
AG-5627,40.69,44.92,63.02,0,1,0
AG-5628,62.79,67.73,61.83,0,1,1
AG-5629,25.81,93.52,10.61,0,1,1
AG-5630,81.22,49.39,39.51,0,1,1
AG-5631,30.91,45.19,79.75,0,0,0
AG-5632,74.18,92.28,79.5,0,1,1
AG-5633,64.28,59.96,12.32,1,1,0
AG-5634,95.76,37.42,74.83,0,1,1
AG-5635,71.67,56.13,16.1,0,0,0
AG-5636,34.51,81.97,85.23,0,0,0
AG-5637,56.9,59.47,29.07,1,1,0
AG-5638,58.98,39.78,12.82,0,1,1
AG-5639,92.01,38.6,45.06,0,1,1
AG-5640,65.24,42.8,31.63,0,1,1
AG-5641,37.72,76.58,43.61,0,1,1
AG-5642,90.23,51.66,35.87,0,1,1
AG-5643,68.53,85.76,85.87,0,1,1
AG-5644,90.91,16.88,7.54,1,1,1
AG-5645,66.55,46.46,59.0,0,1,0
AG-5646,99.9,52.49,77.52,0,1,1
AG-5647,78.66,36.19,46.47,0,1,1
AG-5648,73.01,86.32,80.65,0,1,1
AG-5649,55.7,26.12,94.87,0,0,0
AG-5650,58.68,42.29,21.88,0,1,1
AG-5651,23.42,28.61,90.77,0,1,0
AG-5652,23.71,98.25,32.41,0,1,1
AG-5653,86.79,33.7,54.44,0,1,1
AG-5654,72.27,85.19,51.67,0,0,0
AG-5655,48.23,88.09,48.69,0,1,1
AG-5656,31.12,24.9,7.71,0,1,1
AG-5657,48.98,74.56,11.83,0,0,0
AG-5658,58.52,53.09,21.07,0,0,1
AG-5659,23.45,61.61,16.11,0,1,1
AG-5660,24.47,33.24,18.0,0,1,1
AG-5661,21.49,74.76,66.17,0,1,0
AG-5662,99.42,88.06,17.06,0,1,1
AG-5663,85.64,26.37,65.96,0,0,0
AG-5664,56.28,63.15,22.98,0,1,1
AG-5665,88.77,55.39,41.98,0,1,1
AG-5666,69.18,13.51,78.39,0,1,1
AG-5667,30.43,64.31,82.75,0,0,0
AG-5668,61.76,43.33,4.34,0,1,1
AG-5669,83.16,44.31,58.9,0,0,0
AG-5670,27.82,22.05,47.71,0,0,0
AG-5671,90.14,46.78,18.9,0,0,1
AG-5672,29.43,10.65,65.45,0,1,0
AG-5673,32.38,68.64,25.36,0,1,1
AG-5674,42.04,71.25,75.5,0,0,0
AG-5675,49.62,59.94,25.38,0,1,0
AG-5676,78.86,86.95,65.93,0,1,1
AG-5677,32.94,29.3,40.06,0,1,1
AG-5678,76.54,24.47,96.46,1,1,1
AG-5679,94.07,49.18,6.41,0,1,0
AG-5680,50.75,98.6,61.4,0,0,1
AG-5681,95.66,83.82,64.03,0,1,1
AG-5682,84.31,35.74,3.36,0,1,1
AG-5683,33.56,13.25,23.93,1,1,0
AG-5684,82.37,41.78,39.51,0,1,0
AG-5685,25.49,18.11,28.45,0,0,0
AG-5686,97.06,34.89,60.64,0,0,0
AG-5687,40.89,46.64,10.65,1,1,0
AG-5688,84.24,96.1,87.61,0,1,1
AG-5689,97.28,60.69,77.0,0,0,0
AG-5690,56.86,62.81,2.74,1,1,0
AG-5691,99.54,70.92,22.99,0,0,1
AG-5692,20.78,84.9,24.83,1,1,0
AG-5693,26.08,93.83,47.66,0,0,0
AG-5694,95.77,71.48,90.99,0,1,1
AG-5695,89.82,28.61,20.28,0,1,1
AG-5696,28.54,92.82,67.58,0,1,1
AG-5697,63.32,13.8,48.23,0,1,1
AG-5698,91.76,88.19,49.08,0,0,1
AG-5699,37.77,61.9,5.41,0,1,1
AG-5700,60.2,45.43,68.63,0,0,0
AG-5701,56.81,72.03,1.18,0,1,1
AG-5702,69.02,33.37,54.86,0,1,1
AG-5703,49.27,54.89,21.05,0,1,1
AG-5704,42.37,26.19,13.11,0,1,1
AG-5705,41.6,31.22,43.22,0,1,0
AG-5706,31.96,82.51,17.66,0,0,0
AG-5707,61.36,74.85,78.53,0,1,0
AG-5708,51.87,72.15,6.0,0,1,1
AG-5709,55.99,40.12,36.1,0,0,0
AG-5710,21.59,20.91,86.74,0,1,1
AG-5711,71.93,25.71,78.03,0,1,1
AG-5712,78.92,90.07,38.11,0,1,1
AG-5713,33.41,82.69,33.74,0,1,1
AG-5714,25.71,24.58,22.82,0,1,1
AG-5715,71.57,34.41,44.49,0,1,0
AG-5716,97.24,47.26,18.39,1,0,0
AG-5717,95.23,73.06,8.01,0,1,0
AG-5718,90.3,59.36,2.64,0,0,1
AG-5719,41.0,23.97,65.48,0,1,0
AG-5720,42.73,66.38,13.13,0,1,0
AG-5721,88.83,39.27,47.62,0,1,1
AG-5722,55.59,97.26,69.76,0,1,1
AG-5723,70.87,60.76,52.35,0,1,1
AG-5724,63.17,82.42,44.19,0,1,1
AG-5725,20.01,83.38,84.79,0,1,1
AG-5726,93.77,95.23,47.71,1,1,0
AG-5727,38.5,10.65,37.36,0,1,0
AG-5728,33.06,76.34,38.97,0,1,1
AG-5729,39.16,78.81,91.0,0,1,1
AG-5730,79.43,82.79,41.29,0,1,1
AG-5731,70.95,65.6,27.21,0,1,0
AG-5732,23.97,58.15,18.59,1,1,0
AG-5733,78.17,30.95,15.07,0,1,1
AG-5734,83.96,99.82,46.37,0,1,1
AG-5735,96.13,15.04,77.57,1,1,1
AG-5736,87.32,83.55,82.83,0,0,0
AG-5737,81.7,49.87,73.76,1,1,0
AG-5738,61.69,98.39,47.28,0,1,1
AG-5739,70.33,13.8,93.74,0,1,1
AG-5740,35.9,89.88,86.37,0,1,1
AG-5741,45.96,25.06,27.61,1,0,1
AG-5742,23.36,80.51,47.53,0,1,0
AG-5743,32.62,18.23,61.86,0,0,0
AG-5744,24.78,68.01,70.13,0,1,1
AG-5745,98.53,80.97,75.67,0,1,1
AG-5746,75.14,42.24,13.47,0,1,1
AG-5747,43.58,72.73,18.98,0,1,1
AG-5748,42.03,84.82,91.45,0,1,0
AG-5749,43.65,33.7,36.71,1,1,0
AG-5750,34.84,11.68,85.68,0,1,0
AG-5751,72.66,58.51,38.75,0,1,0
AG-5752,69.04,39.03,64.09,1,1,0
AG-5753,86.82,21.68,87.35,0,1,1
AG-5754,65.68,85.27,65.79,0,0,0
AG-5755,49.31,64.54,7.09,0,1,1
AG-5756,91.18,17.2,80.1,1,1,0
AG-5757,53.28,43.22,70.84,0,1,1
AG-5758,25.63,37.35,94.46,0,1,1
AG-5759,62.53,27.05,52.62,0,1,0
AG-5760,79.94,47.37,10.55,0,1,1
AG-5761,73.22,89.45,16.68,0,1,1
AG-5762,32.65,99.86,44.3,0,1,1
AG-5763,45.97,43.45,76.42,0,0,0
AG-5764,65.05,29.25,76.57,0,1,1
AG-5765,55.8,45.74,72.63,0,1,1
AG-5766,99.47,37.17,30.03,0,0,1
AG-5767,85.76,72.07,27.6,0,1,1
AG-5768,32.38,13.4,35.57,0,1,1
AG-5769,38.64,83.0,9.19,0,0,1
AG-5770,77.89,81.36,17.29,0,1,1
AG-5771,92.61,63.57,30.04,0,1,1
AG-5772,24.47,79.38,34.79,0,1,1
AG-5773,89.58,30.4,65.28,0,1,1
AG-5774,50.6,37.43,4.12,0,1,0
AG-5775,37.66,14.55,73.16,0,1,1
AG-5776,60.38,29.99,28.98,0,1,1
AG-5777,65.72,14.44,39.92,1,1,0
AG-5778,30.43,22.14,55.93,0,1,0
AG-5779,69.28,76.21,24.62,1,0,0
AG-5780,93.93,18.06,67.17,0,1,1
AG-5781,67.51,12.18,30.48,0,1,1
AG-5782,55.38,23.12,4.49,0,1,1
AG-5783,80.62,86.75,11.24,1,0,0
AG-5784,89.5,83.81,1.37,0,1,1
AG-5785,21.82,28.81,53.8,0,1,1
AG-5786,58.64,75.69,14.13,0,1,1
AG-5787,73.08,13.91,17.03,0,0,0
AG-5788,24.25,68.93,0.83,0,1,1
AG-5789,72.81,87.79,1.91,0,1,0
AG-5790,50.46,97.9,9.96,0,0,0
AG-5791,34.91,55.06,45.8,0,1,1
AG-5792,62.35,40.02,39.34,0,1,1
AG-5793,70.02,31.26,97.82,0,0,0
AG-5794,90.29,90.14,81.49,1,1,0
AG-5795,32.14,90.75,65.69,1,1,0
AG-5796,69.0,66.3,22.74,0,1,0
AG-5797,92.78,39.64,54.22,0,1,1
AG-5798,84.01,87.63,30.9,0,1,1
AG-5799,99.65,97.82,14.52,0,0,0
AG-5800,64.59,95.37,11.84,0,0,1
AG-5801,81.23,89.21,41.4,0,1,1
AG-5802,91.53,93.99,27.38,0,1,1
AG-5803,81.0,65.08,26.69,0,1,1
AG-5804,74.99,42.33,68.81,0,1,1
AG-5805,76.96,43.66,85.21,0,1,1
AG-5806,22.58,78.81,1.5,0,1,0
AG-5807,99.06,78.2,6.61,0,0,0
AG-5808,59.2,39.24,45.75,0,1,1
AG-5809,78.83,44.23,31.29,0,0,0
AG-5810,62.02,88.82,78.69,0,1,0
AG-5811,23.39,99.63,51.87,0,0,0
AG-5812,61.29,66.76,4.93,0,1,1
AG-5813,86.21,51.52,42.25,0,1,0
AG-5814,31.38,84.69,45.17,0,1,0
AG-5815,95.03,72.65,13.53,0,1,1
AG-5816,67.23,74.14,20.19,0,1,1
AG-5817,92.57,81.68,71.84,0,1,1
AG-5818,49.04,57.14,38.41,0,1,1
AG-5819,50.29,44.25,76.83,0,1,1
AG-5820,32.01,88.19,17.89,0,1,0
AG-5821,81.49,50.16,62.65,1,1,0
AG-5822,69.8,32.78,45.86,0,1,0
AG-5823,90.62,31.41,58.89,0,1,1
AG-5824,68.01,32.02,54.73,0,1,1
AG-5825,23.91,23.34,65.33,1,0,0
AG-5826,87.04,36.86,92.04,1,1,0
AG-5827,73.77,65.0,69.15,0,0,0
AG-5828,56.43,62.11,93.15,1,1,0
AG-5829,50.32,16.09,42.73,0,1,1
AG-5830,75.57,34.7,52.71,0,1,1
AG-5831,28.74,75.68,62.9,0,1,1
AG-5832,94.71,98.77,28.72,0,1,1
AG-5833,99.6,41.85,12.97,0,1,1
AG-5834,59.4,26.19,60.94,0,0,1
AG-5835,21.92,66.29,11.79,0,0,0
AG-5836,53.12,40.04,56.04,0,1,0
AG-5837,42.53,81.12,30.78,0,1,0
AG-5838,74.87,40.72,72.44,0,1,1
AG-5839,46.44,40.41,67.25,0,0,0
AG-5840,58.52,66.45,89.21,0,1,1
AG-5841,53.12,76.83,83.51,0,0,0
AG-5842,62.87,28.74,68.55,0,0,0
AG-5843,97.57,35.24,3.12,0,1,0
AG-5844,65.68,45.06,59.52,0,0,0
AG-5845,45.16,12.85,41.39,0,1,1
AG-5846,96.06,29.45,30.23,1,0,0
AG-5847,93.07,49.94,2.49,0,1,0
AG-5848,93.89,75.92,52.36,0,1,1
AG-5849,85.77,94.42,67.67,0,0,1
AG-5850,77.09,57.01,0.41,0,1,1
AG-5851,26.97,52.02,4.61,0,1,0
AG-5852,66.2,38.09,89.21,0,1,1
AG-5853,45.53,49.7,11.77,0,1,1
AG-5854,69.84,56.27,20.66,0,1,1
AG-5855,76.35,35.49,24.48,1,1,0
AG-5856,55.49,21.71,47.07,0,1,1
AG-5857,54.12,26.11,59.61,0,0,0
AG-5858,69.31,38.12,81.74,0,1,1
AG-5859,97.89,78.02,46.57,0,0,1
AG-5860,57.46,51.0,68.45,0,1,0
AG-5861,37.9,87.5,61.69,0,1,1
AG-5862,73.21,80.99,88.24,0,1,1
AG-5863,48.12,51.51,17.08,0,1,1
AG-5864,28.23,83.58,79.68,0,1,1
AG-5865,62.62,46.07,41.34,0,1,1
AG-5866,50.71,40.66,81.39,0,0,0
AG-5867,82.99,59.01,23.62,0,1,1
AG-5868,65.94,53.8,59.22,0,1,0
AG-5869,34.09,96.03,6.96,1,0,0
AG-5870,50.31,54.49,66.02,1,0,0
AG-5871,92.26,67.25,0.02,0,1,1
AG-5872,51.2,62.01,19.57,0,1,1
AG-5873,93.06,37.41,94.33,0,0,0
AG-5874,27.14,10.73,98.64,0,1,0
AG-5875,49.54,59.4,5.31,0,0,0
AG-5876,88.9,87.91,23.52,0,1,1
AG-5877,50.62,44.34,54.51,0,1,1
AG-5878,50.77,93.2,84.0,0,0,0
AG-5879,30.74,16.46,1.57,0,1,1
AG-5880,99.22,17.62,64.22,0,1,1
AG-5881,68.35,48.31,17.98,0,1,1
AG-5882,48.42,26.72,60.46,0,0,0
AG-5883,60.14,46.98,54.62,0,0,0
AG-5884,76.39,20.18,48.15,0,1,1
AG-5885,98.69,98.53,77.89,0,1,1
AG-5886,27.08,52.52,74.17,0,1,0
AG-5887,83.85,38.12,5.28,0,0,0
AG-5888,61.01,52.23,73.38,0,0,0
AG-5889,43.14,13.18,92.29,0,0,0
AG-5890,24.91,52.58,16.91,1,0,0
AG-5891,69.95,35.81,8.25,0,0,1
AG-5892,30.6,35.29,85.79,1,1,0
AG-5893,67.34,23.6,44.67,0,1,1
AG-5894,58.79,81.94,86.2,0,1,1
AG-5895,94.72,23.87,49.59,0,0,0
AG-5896,55.21,67.38,21.09,0,1,1
AG-5897,80.44,20.44,16.76,0,1,0
AG-5898,80.19,57.93,37.98,0,1,1
AG-5899,89.62,11.07,92.72,0,1,1
AG-5900,74.63,13.69,91.77,0,0,0
AG-5901,93.44,87.25,33.5,0,1,1
AG-5902,51.29,79.58,74.91,0,1,1
AG-5903,46.99,72.13,17.99,0,1,1
AG-5904,20.96,18.79,10.39,0,1,1
AG-5905,35.45,12.13,9.19,0,1,0
AG-5906,96.04,67.43,70.81,1,0,0
AG-5907,72.51,90.99,56.61,0,0,0
AG-5908,40.27,52.03,93.62,0,0,0
AG-5909,54.16,91.31,76.99,0,1,1
AG-5910,82.17,44.45,33.27,1,0,0
AG-5911,55.25,54.25,92.86,0,1,1
AG-5912,31.51,79.18,21.84,0,0,0
AG-5913,28.26,16.56,57.13,0,1,0
AG-5914,31.91,67.63,93.29,0,1,0
AG-5915,92.37,61.72,51.54,0,1,1
AG-5916,87.52,80.28,78.54,0,1,1
AG-5917,85.44,53.39,56.72,0,1,0
AG-5918,52.05,66.9,95.88,1,1,0
AG-5919,26.44,51.37,76.65,0,1,0
AG-5920,50.73,27.19,69.59,0,1,0
AG-5921,26.79,66.95,73.53,0,1,1
AG-5922,67.44,54.03,6.3,0,1,0
AG-5923,86.74,50.44,99.58,1,1,0
AG-5924,23.43,20.64,80.71,0,1,0
AG-5925,89.94,23.41,57.93,0,1,1
AG-5926,72.31,52.41,91.8,1,0,0
AG-5927,33.78,14.5,30.73,0,1,1
AG-5928,67.28,83.6,10.63,0,0,1
AG-5929,84.36,48.36,81.15,0,1,1
AG-5930,98.07,61.84,13.73,0,0,1
AG-5931,67.45,40.2,12.07,0,1,1
AG-5932,64.27,49.48,92.57,1,1,1
AG-5933,69.0,79.99,1.56,0,1,1
AG-5934,27.13,68.66,88.69,0,0,0
AG-5935,75.39,28.55,63.98,0,1,1
AG-5936,68.84,13.39,18.0,0,0,0
AG-5937,82.61,41.31,0.46,0,1,1
AG-5938,27.65,42.57,76.11,0,1,0
AG-5939,72.75,34.88,19.37,0,1,1
AG-5940,57.95,25.87,67.01,1,1,0
AG-5941,54.77,40.09,80.52,0,1,1
AG-5942,93.99,25.83,78.55,0,1,1
AG-5943,77.71,63.34,32.6,0,1,1
AG-5944,82.32,39.35,9.81,0,0,0
AG-5945,37.65,52.39,48.44,0,1,1
AG-5946,56.4,44.86,13.64,0,1,1
AG-5947,36.18,21.45,69.22,1,1,0
AG-5948,56.69,25.41,34.36,0,1,0
AG-5949,71.04,65.04,16.99,0,0,1
AG-5950,88.56,54.03,99.57,0,0,0
AG-5951,78.4,76.26,24.67,0,1,1
AG-5952,67.34,23.41,57.37,1,0,0
AG-5953,57.65,79.17,3.36,0,1,0
AG-5954,85.7,50.72,24.05,0,1,1
AG-5955,95.99,21.94,29.58,0,1,1
AG-5956,44.39,73.3,85.79,0,1,1
AG-5957,81.75,88.68,40.54,0,1,1
AG-5958,70.67,87.43,7.07,0,1,0
AG-5959,54.07,34.28,94.61,0,0,0
AG-5960,26.48,89.28,73.58,1,0,0
AG-5961,91.04,19.99,36.56,0,1,1
AG-5962,64.7,16.03,70.93,0,0,0
AG-5963,29.08,53.06,93.91,0,0,0
AG-5964,79.6,30.29,35.27,0,1,1
AG-5965,25.07,41.07,48.62,0,1,1
AG-5966,74.26,57.96,29.23,0,0,1
AG-5967,84.7,94.68,6.56,0,1,1
AG-5968,91.84,35.95,95.66,1,1,0
AG-5969,59.71,88.75,52.07,0,1,1
AG-5970,63.31,21.88,34.67,0,1,1
AG-5971,25.04,88.46,23.23,0,1,0
AG-5972,47.42,68.14,32.63,0,1,1
AG-5973,55.62,37.37,13.2,0,1,1
AG-5974,58.74,97.37,76.97,1,1,0
AG-5975,33.31,93.17,71.18,0,0,0
AG-5976,75.43,69.97,15.35,0,1,1
AG-5977,30.12,33.44,18.45,0,1,1
AG-5978,47.51,43.56,53.99,0,1,1
AG-5979,52.36,54.95,14.54,0,1,0
AG-5980,79.08,97.8,33.13,0,1,1
AG-5981,95.52,98.26,57.37,0,1,1
AG-5982,55.37,72.02,73.16,0,1,1
AG-5983,44.65,46.15,84.09,0,1,1
AG-5984,71.31,62.51,22.21,0,1,0
AG-5985,63.07,50.09,67.16,1,1,0
AG-5986,45.42,64.46,94.34,0,1,0
AG-5987,88.3,43.27,37.28,0,1,1
AG-5988,89.94,17.88,72.79,0,0,0
AG-5989,43.09,82.51,97.04,0,0,0
AG-5990,66.97,17.75,20.78,0,0,1
AG-5991,25.29,96.41,75.61,1,1,0
AG-5992,53.16,60.02,71.02,0,1,1
AG-5993,50.54,59.85,4.22,0,0,0
AG-5994,64.74,51.71,2.68,1,1,0
AG-5995,86.74,52.53,65.38,0,1,1
AG-5996,75.03,32.03,11.94,0,0,1
AG-5997,79.65,62.3,56.56,0,1,1
AG-5998,75.54,20.76,51.25,0,0,1
AG-5999,24.68,38.77,87.83,0,1,0
AG-6000,53.56,92.09,35.6,0,1,1
AG-6001,61.11,78.98,18.32,1,0,0
AG-6002,89.8,84.41,68.5,0,1,1
AG-6003,27.67,62.2,82.33,1,1,0
AG-6004,58.79,40.63,91.08,1,1,0
AG-6005,35.07,90.74,61.34,0,1,1
AG-6006,64.09,78.07,11.4,0,1,1
AG-6007,93.87,53.16,31.16,0,0,0
AG-6008,67.81,78.72,34.2,0,1,1
AG-6009,37.79,87.11,14.24,0,1,1
AG-6010,26.29,72.17,78.4,1,0,0
AG-6011,23.4,19.7,79.31,0,1,1
AG-6012,40.24,15.96,66.76,0,0,1
AG-6013,36.43,91.11,18.48,0,1,1
AG-6014,95.35,95.39,34.78,0,1,1
AG-6015,39.35,61.32,9.91,0,1,0
AG-6016,35.32,35.37,90.17,0,0,0
AG-6017,37.12,55.38,70.78,0,1,1
AG-6018,96.62,26.28,35.48,0,1,0
AG-6019,29.03,98.62,12.36,1,1,0
AG-6020,76.38,60.14,4.06,0,1,1
AG-6021,68.03,38.08,97.62,0,1,1
AG-6022,88.43,26.99,6.96,0,1,0
AG-6023,34.34,99.89,49.16,1,1,1
AG-6024,26.8,22.9,40.06,0,1,0
AG-6025,98.23,15.82,97.52,0,1,1
AG-6026,29.82,85.43,72.52,0,0,0
AG-6027,41.84,81.05,64.38,0,1,0
AG-6028,52.36,53.61,27.89,0,1,1
AG-6029,59.78,66.55,13.46,1,1,0
AG-6030,74.25,97.49,38.26,0,1,1
AG-6031,27.71,16.89,75.16,0,0,0
AG-6032,72.97,54.12,26.17,0,0,0
AG-6033,96.21,12.84,43.04,0,1,1
AG-6034,50.11,51.37,3.29,0,0,0
AG-6035,76.48,54.23,13.45,0,1,1
AG-6036,74.0,69.41,68.54,0,1,1
AG-6037,60.53,45.22,49.47,0,1,1
AG-6038,98.22,38.84,2.81,1,0,0
AG-6039,79.36,12.42,89.13,0,1,1
AG-6040,48.59,41.61,66.12,0,1,1
AG-6041,92.83,15.9,30.49,0,1,1
AG-6042,56.87,87.7,56.8,0,1,1
AG-6043,67.04,98.72,37.77,0,1,1
AG-6044,28.0,70.76,33.6,0,0,1
AG-6045,69.19,42.7,43.6,0,0,0
AG-6046,87.23,58.23,28.74,1,0,0
AG-6047,38.07,76.86,9.2,0,1,1
AG-6048,25.38,82.11,47.53,0,0,1
AG-6049,44.15,82.37,43.29,0,1,1
AG-6050,70.0,50.79,76.34,0,1,0
AG-6051,89.02,61.92,21.3,0,0,0
AG-6052,94.97,57.94,61.44,0,1,0
AG-6053,70.14,57.0,36.43,0,1,1
AG-6054,44.02,49.18,31.87,0,1,0
AG-6055,53.0,84.13,64.6,0,1,1
AG-6056,29.08,27.27,24.56,0,1,0
AG-6057,54.89,68.22,3.7,0,1,1
AG-6058,84.28,69.28,17.6,0,0,1
AG-6059,21.59,87.36,8.39,0,0,0
AG-6060,52.56,42.71,65.74,1,0,0
AG-6061,31.24,20.07,73.45,0,1,1
AG-6062,95.97,93.84,25.18,0,1,1
AG-6063,84.53,39.64,58.43,0,0,0
AG-6064,53.83,22.99,17.52,0,1,1
AG-6065,67.16,54.13,37.47,0,1,1
AG-6066,74.62,96.7,87.94,0,1,1
AG-6067,85.71,11.9,96.68,0,0,0
AG-6068,95.27,72.16,78.88,0,1,1
AG-6069,96.68,42.66,81.23,0,0,0
AG-6070,51.08,91.88,39.3,0,1,1
AG-6071,85.82,31.19,21.04,0,0,0
AG-6072,90.36,79.01,40.63,1,0,0
AG-6073,95.24,52.4,41.3,0,0,0
AG-6074,85.62,84.2,69.85,0,1,0
AG-6075,85.07,76.4,45.33,1,1,0
AG-6076,70.41,81.19,13.61,0,1,1
AG-6077,26.58,24.2,51.64,0,0,0
AG-6078,87.76,71.72,79.26,0,1,1
AG-6079,40.85,71.87,82.68,0,1,0
AG-6080,34.55,88.88,94.48,0,1,0
AG-6081,93.85,68.24,62.66,0,0,0
AG-6082,76.1,25.19,40.1,0,1,1
AG-6083,49.43,95.25,11.74,0,1,0
AG-6084,56.3,70.62,11.85,0,1,0
AG-6085,82.57,35.92,49.42,0,0,0
AG-6086,99.62,35.47,67.72,0,1,1
AG-6087,43.22,33.56,61.77,0,1,1
AG-6088,56.65,10.93,13.32,0,1,0
AG-6089,77.07,73.76,73.61,0,1,1
AG-6090,46.63,31.14,90.82,0,0,1
AG-6091,67.86,77.34,4.55,0,1,1
AG-6092,51.58,43.38,96.81,0,1,1
AG-6093,60.3,93.73,87.79,0,1,1
AG-6094,31.34,20.52,4.42,0,0,0
AG-6095,79.83,93.36,28.29,0,1,1
AG-6096,41.1,38.17,89.27,0,0,0
AG-6097,32.1,86.77,65.74,0,1,1
AG-6098,38.39,13.23,26.02,0,1,0
AG-6099,94.18,13.67,35.65,0,1,1
AG-6100,87.67,88.02,12.37,1,0,0
AG-6101,33.46,55.79,27.28,0,1,0
AG-6102,97.73,57.34,57.08,0,1,1
AG-6103,74.15,89.86,2.6,0,1,1
AG-6104,67.23,95.61,83.7,0,1,0
AG-6105,72.76,50.86,95.52,0,1,1
AG-6106,72.49,95.58,32.49,0,0,0
AG-6107,65.53,29.02,4.87,0,1,1
AG-6108,25.66,95.67,38.14,0,1,1
AG-6109,89.24,18.03,85.23,0,0,0
AG-6110,80.2,68.87,12.06,0,1,1
AG-6111,44.81,71.65,13.13,0,0,0
AG-6112,59.17,89.69,47.64,0,1,1
AG-6113,84.88,65.25,43.41,0,1,1
AG-6114,57.08,30.18,68.62,0,1,1
AG-6115,61.97,36.16,43.74,0,1,1
AG-6116,30.22,91.26,84.15,0,1,1
AG-6117,26.12,14.06,10.76,0,1,0
AG-6118,65.48,32.8,25.49,1,1,0
AG-6119,72.93,26.16,18.22,0,1,1
AG-6120,43.81,62.85,45.5,0,1,0
AG-6121,97.34,88.42,18.72,0,0,0
AG-6122,89.73,19.57,53.44,1,1,1
AG-6123,58.17,72.26,86.88,0,1,0
AG-6124,69.48,97.65,36.07,0,1,1
AG-6125,44.21,21.26,1.39,1,1,0
AG-6126,88.72,28.83,64.86,0,1,1
AG-6127,83.2,27.18,30.09,0,1,0
AG-6128,33.29,23.72,70.26,0,1,1
AG-6129,66.82,28.12,56.94,0,1,0
AG-6130,70.43,74.18,97.95,0,0,0
AG-6131,64.34,36.17,48.75,0,1,1
AG-6132,74.29,83.5,48.79,0,1,1
AG-6133,45.27,15.72,89.29,0,1,1
AG-6134,95.12,41.21,69.75,1,1,0
AG-6135,47.51,30.89,21.97,0,1,1
AG-6136,87.4,69.13,13.12,0,0,0
AG-6137,86.65,70.58,73.46,0,0,0
AG-6138,69.75,35.42,74.93,0,1,1
AG-6139,68.46,19.08,41.6,0,1,1
AG-6140,23.76,11.63,88.09,0,1,1
AG-6141,91.56,12.88,6.37,0,1,1
AG-6142,37.93,33.2,34.03,0,1,0
AG-6143,41.4,23.61,69.01,0,1,1
AG-6144,94.13,49.4,45.71,0,1,1
AG-6145,68.85,80.39,94.74,0,1,0
AG-6146,70.39,88.38,91.1,0,1,1
AG-6147,60.47,75.93,9.93,0,1,1
AG-6148,87.89,49.52,41.57,0,1,1
AG-6149,47.31,55.45,8.52,0,0,1
AG-6150,73.2,23.65,75.35,0,1,1
AG-6151,53.07,46.84,45.88,0,0,1
AG-6152,22.38,23.1,0.99,0,0,0
AG-6153,45.18,98.38,16.43,1,0,0
AG-6154,71.32,91.23,5.78,0,0,1
AG-6155,61.58,36.62,40.2,0,1,1
AG-6156,79.42,91.83,0.79,0,1,1
AG-6157,76.02,50.16,20.51,0,0,1
AG-6158,75.8,89.89,78.16,0,1,0
AG-6159,22.96,40.1,72.51,0,1,0
AG-6160,42.71,18.35,55.18,0,0,0
AG-6161,22.23,81.69,59.25,0,0,0
AG-6162,98.96,19.94,5.99,0,1,1
AG-6163,23.82,68.59,12.47,0,0,0
AG-6164,98.64,82.48,98.9,0,0,0
AG-6165,62.66,63.6,35.03,0,0,1
AG-6166,73.79,74.29,51.97,0,1,1
AG-6167,85.83,42.51,9.8,0,0,0
AG-6168,24.98,89.97,47.63,0,1,1
AG-6169,67.06,56.71,39.48,0,1,1
AG-6170,55.21,93.79,48.95,0,0,0
AG-6171,30.17,74.0,12.94,0,0,1
AG-6172,37.01,52.6,74.65,0,1,0
AG-6173,68.13,46.78,12.09,0,1,1
AG-6174,49.72,99.19,30.33,0,0,0
AG-6175,67.17,14.38,89.43,0,1,1
AG-6176,59.1,21.01,34.86,0,1,0
AG-6177,65.26,91.03,78.13,0,0,0
AG-6178,80.96,55.43,46.09,0,1,1
AG-6179,46.02,81.98,66.45,0,1,1
AG-6180,63.28,96.23,89.0,0,1,0
AG-6181,76.58,61.48,79.62,0,1,1
AG-6182,64.75,27.32,61.87,0,1,1
AG-6183,35.15,52.83,89.69,0,0,1
AG-6184,21.52,80.81,24.53,0,0,0
AG-6185,84.55,64.62,40.18,1,0,1
AG-6186,54.96,47.34,85.96,0,1,0
AG-6187,27.95,25.13,14.4,0,1,1
AG-6188,52.58,25.23,61.45,0,1,1
AG-6189,51.2,38.8,41.28,0,1,1
AG-6190,29.68,28.23,75.21,0,1,0
AG-6191,50.8,20.36,6.06,0,1,1
AG-6192,52.6,31.04,88.62,0,0,0
AG-6193,39.71,59.92,78.52,0,1,1
AG-6194,70.86,28.31,96.79,0,0,0
AG-6195,63.0,48.14,91.15,0,1,0
AG-6196,86.35,36.03,97.21,1,0,0
AG-6197,67.83,85.55,38.02,0,1,0
AG-6198,60.83,14.09,73.92,0,1,0
AG-6199,29.84,22.57,55.65,0,1,1
AG-6200,96.59,38.65,68.21,0,1,1
AG-6201,56.22,32.13,98.3,0,1,1
AG-6202,21.27,72.27,64.64,1,1,0
AG-6203,73.82,47.18,89.53,0,0,0
AG-6204,82.98,68.42,7.75,1,0,0
AG-6205,73.78,41.77,81.28,0,1,1
AG-6206,81.44,72.73,0.84,0,0,0
AG-6207,37.72,11.78,28.11,0,1,1
AG-6208,69.08,37.29,71.78,0,1,1
AG-6209,42.46,91.41,70.7,0,1,0
AG-6210,51.69,88.29,56.91,0,1,1
AG-6211,65.26,71.41,56.51,1,1,0
AG-6212,40.77,61.29,22.8,0,0,0
AG-6213,74.24,99.28,69.3,0,1,1
AG-6214,56.31,94.41,64.1,0,1,1
AG-6215,54.6,99.56,27.4,0,1,1
AG-6216,80.72,89.54,22.45,0,1,1
AG-6217,20.41,27.51,8.18,0,1,0
AG-6218,98.25,48.14,7.44,0,1,1
AG-6219,70.08,18.71,48.0,0,1,1
AG-6220,46.74,32.54,10.78,0,1,0
AG-6221,46.69,81.47,94.35,0,1,1
AG-6222,70.03,62.1,8.55,1,1,0
AG-6223,87.82,15.85,12.75,0,1,0
AG-6224,70.09,15.92,67.76,0,1,1
AG-6225,27.67,77.68,23.31,0,1,0
AG-6226,50.71,81.56,87.99,0,1,1
AG-6227,82.63,50.87,32.82,0,1,1
AG-6228,25.4,81.05,19.36,0,1,0
AG-6229,53.68,75.22,44.46,0,0,0
AG-6230,44.93,49.23,95.97,0,1,0
AG-6231,82.04,23.27,30.87,0,1,0
AG-6232,66.92,71.05,5.73,0,0,0
AG-6233,53.76,27.59,20.04,0,0,0
AG-6234,73.43,72.53,98.19,0,1,1
AG-6235,97.05,65.45,41.87,0,1,1
AG-6236,23.38,29.75,0.37,0,1,0
AG-6237,39.12,76.11,95.26,0,0,0
AG-6238,34.74,99.09,36.28,1,1,1
AG-6239,43.25,27.5,58.57,0,1,0
AG-6240,35.83,25.67,88.54,0,1,1
AG-6241,34.28,11.93,84.29,0,1,1
AG-6242,50.31,80.87,11.1,0,1,1
AG-6243,84.76,69.48,94.12,0,0,1
AG-6244,90.27,15.88,14.44,0,0,1
AG-6245,50.26,43.68,59.95,0,1,1
AG-6246,69.28,27.02,53.55,0,1,1
AG-6247,83.65,88.56,85.15,0,0,0
AG-6248,26.51,52.36,66.35,1,1,0
AG-6249,71.61,55.82,49.86,0,1,1
AG-6250,75.56,74.41,49.48,0,1,1
AG-6251,66.72,13.29,21.95,0,0,0
AG-6252,44.48,89.98,57.14,0,1,1
AG-6253,30.75,17.56,44.45,0,1,1
AG-6254,69.69,48.35,46.76,0,0,0
AG-6255,50.59,26.16,23.38,0,1,1
AG-6256,87.41,56.15,64.37,0,0,0
AG-6257,25.71,13.45,20.03,0,1,1
AG-6258,85.25,71.52,27.45,0,0,0
AG-6259,80.19,76.58,91.24,1,1,0
AG-6260,82.65,46.34,40.58,0,1,1
AG-6261,61.01,78.5,14.93,0,1,1
AG-6262,57.96,56.42,78.6,0,0,0
AG-6263,83.35,38.18,18.78,0,1,1
AG-6264,56.0,60.26,37.47,0,1,1
AG-6265,20.77,82.94,83.43,0,1,1
AG-6266,52.27,80.08,53.76,0,1,1
AG-6267,93.77,23.83,95.26,0,1,1
AG-6268,68.63,88.03,98.02,0,1,1
AG-6269,35.07,19.78,56.95,0,0,0
AG-6270,28.35,59.76,3.21,0,1,1
AG-6271,25.56,96.67,28.38,0,1,0
AG-6272,24.6,56.67,17.18,0,1,0
AG-6273,28.86,58.28,47.83,1,0,0
AG-6274,30.39,28.51,43.22,0,1,1
AG-6275,95.13,62.87,50.25,0,1,0
AG-6276,31.42,15.76,39.92,0,1,1
AG-6277,90.34,51.42,57.61,0,1,0
AG-6278,56.5,73.03,71.16,0,1,1
AG-6279,34.01,32.42,90.0,0,1,0
AG-6280,34.68,61.18,39.36,0,1,1
AG-6281,41.9,66.53,29.19,0,1,1
AG-6282,37.38,54.41,99.24,0,0,0
AG-6283,28.42,78.99,32.6,0,1,1
AG-6284,56.97,16.59,69.45,0,1,1
AG-6285,88.46,45.7,1.07,1,0,0
AG-6286,79.89,53.63,6.82,0,1,1
AG-6287,31.22,83.84,84.16,0,1,1
AG-6288,43.53,58.12,39.08,1,0,0
AG-6289,32.28,42.23,21.67,1,1,0
AG-6290,75.74,85.29,81.15,0,0,0
AG-6291,51.25,37.75,5.24,1,0,0
AG-6292,94.31,43.72,23.85,1,1,0
AG-6293,46.97,27.29,66.89,0,0,0
AG-6294,86.44,25.11,16.7,0,1,1
AG-6295,64.96,27.06,20.71,0,0,0
AG-6296,37.1,42.09,17.36,0,1,1
AG-6297,56.7,15.94,81.51,0,1,1
AG-6298,37.48,37.14,59.89,0,1,0
AG-6299,99.24,86.54,17.15,0,1,1
AG-6300,75.71,71.01,97.24,0,1,1
AG-6301,90.72,38.62,85.16,0,1,0
AG-6302,66.8,44.41,64.06,0,1,1
AG-6303,38.61,65.47,89.68,0,0,0
AG-6304,69.58,15.39,37.45,0,1,1
AG-6305,23.03,93.11,59.81,0,0,0
AG-6306,42.25,67.92,76.05,0,0,0
AG-6307,43.08,12.13,84.69,0,1,0
AG-6308,92.53,69.85,24.83,0,0,1
AG-6309,50.52,38.95,44.24,1,0,0
AG-6310,35.4,67.09,14.15,0,1,1
AG-6311,86.5,93.86,23.63,1,0,0
AG-6312,77.73,32.04,17.64,0,1,1
AG-6313,70.85,34.47,78.13,1,0,0
AG-6314,33.42,49.72,50.53,0,0,0
AG-6315,83.48,11.78,38.14,0,0,0
AG-6316,67.61,23.75,72.66,0,1,1
AG-6317,50.01,64.54,7.19,0,1,1
AG-6318,35.17,11.16,50.07,0,1,1
AG-6319,95.22,97.34,37.31,0,1,1
AG-6320,52.7,13.49,92.16,0,1,1
AG-6321,54.9,32.97,91.31,0,1,1
AG-6322,75.08,72.68,65.09,0,0,1
AG-6323,22.76,83.18,63.1,0,1,1
AG-6324,40.91,50.99,68.11,0,1,0
AG-6325,87.32,11.11,77.1,0,0,0
AG-6326,66.89,91.09,51.85,0,1,1
AG-6327,40.23,37.2,96.77,0,1,0
AG-6328,52.93,88.88,72.77,1,1,0
AG-6329,47.55,22.84,74.87,0,1,1
AG-6330,98.96,83.48,0.16,1,1,1
AG-6331,72.36,75.97,17.06,0,0,1
AG-6332,34.56,95.36,45.07,0,1,1
AG-6333,34.62,78.32,25.94,0,1,0
AG-6334,69.95,88.15,16.61,0,1,0
AG-6335,47.37,62.71,47.79,0,1,1
AG-6336,80.14,10.65,58.24,0,1,1
AG-6337,20.58,64.27,98.69,0,0,0
AG-6338,46.96,48.65,37.08,0,0,0
AG-6339,95.28,69.86,37.84,1,1,0
AG-6340,28.01,51.12,69.83,0,0,0
AG-6341,68.15,88.21,27.95,0,0,0
AG-6342,69.47,69.3,47.52,0,1,0
AG-6343,96.6,83.14,1.66,0,1,1
AG-6344,46.04,49.99,60.68,0,1,0
AG-6345,54.23,93.83,93.08,0,0,0
AG-6346,78.74,36.45,19.51,0,1,1
AG-6347,88.54,55.42,12.79,0,1,1
AG-6348,63.9,88.73,16.81,0,1,0
AG-6349,39.27,29.05,75.33,0,1,1
AG-6350,77.26,24.42,92.9,0,0,1
AG-6351,40.61,52.87,89.75,0,1,1
AG-6352,78.03,18.14,69.18,0,0,0
AG-6353,68.05,67.96,37.7,0,0,1
AG-6354,71.37,60.57,85.61,0,1,1
AG-6355,27.01,18.02,74.06,0,0,0
AG-6356,49.42,86.8,95.41,0,1,0
AG-6357,62.85,86.24,97.98,0,1,1
AG-6358,83.73,56.78,60.16,0,1,1
AG-6359,56.85,23.02,94.29,0,1,1
AG-6360,68.12,23.13,66.54,0,0,1
AG-6361,44.71,99.13,12.35,0,0,0
AG-6362,86.29,54.55,70.41,0,0,0
AG-6363,86.23,28.96,73.27,0,0,0
AG-6364,89.23,26.11,48.75,0,0,1
AG-6365,87.88,99.2,54.79,0,1,1
AG-6366,80.62,45.2,52.78,0,1,1
AG-6367,88.5,45.44,13.09,0,1,1
AG-6368,87.98,73.86,45.75,0,1,1
AG-6369,43.29,23.03,21.81,0,0,1
AG-6370,78.08,61.81,67.83,0,1,0
AG-6371,54.17,85.75,92.6,1,0,0
AG-6372,24.2,98.22,65.01,0,0,0
AG-6373,52.32,13.06,24.09,0,1,1
AG-6374,72.22,43.78,69.18,0,1,1
AG-6375,89.19,68.53,27.52,0,1,1
AG-6376,26.61,54.03,66.88,0,1,1
AG-6377,65.81,34.64,74.54,0,1,1
AG-6378,71.57,49.03,57.14,1,1,0
AG-6379,83.62,26.64,81.29,1,1,0
AG-6380,84.98,53.97,51.89,0,0,0
AG-6381,29.93,77.77,96.57,0,1,1
AG-6382,34.4,59.92,80.05,0,1,0
AG-6383,32.9,60.62,85.15,1,0,0
AG-6384,49.08,59.0,42.31,0,1,1
AG-6385,95.7,56.75,78.28,0,1,1
AG-6386,75.61,57.04,98.6,0,1,1
AG-6387,27.92,83.78,23.71,0,1,1
AG-6388,96.59,64.19,21.6,0,1,0
AG-6389,25.95,32.95,38.18,0,1,1
AG-6390,40.33,48.28,69.45,0,1,1
AG-6391,99.63,72.71,19.26,0,1,1
AG-6392,68.4,47.77,15.35,0,1,0
AG-6393,68.29,16.98,12.46,1,1,0
AG-6394,71.21,42.65,33.35,0,0,0
AG-6395,20.79,43.94,96.88,0,1,1
AG-6396,34.06,75.55,30.65,0,1,1
AG-6397,76.04,87.89,55.15,0,0,0
AG-6398,95.72,45.06,34.52,0,0,1
AG-6399,67.57,86.47,47.69,0,1,1
AG-6400,32.44,21.37,37.88,0,1,1
AG-6401,97.96,73.68,24.91,0,0,1
AG-6402,98.9,81.86,50.22,0,1,1
AG-6403,90.51,83.26,30.52,0,0,0
AG-6404,45.02,18.11,7.95,0,0,0
AG-6405,24.59,76.91,55.42,0,0,0
AG-6406,53.92,55.78,73.08,0,1,0
AG-6407,91.05,72.81,40.55,0,0,0
AG-6408,77.13,73.23,74.97,0,0,0
AG-6409,85.87,89.23,52.81,0,1,1
AG-6410,73.96,89.37,52.35,0,1,1
AG-6411,61.09,95.72,42.27,0,1,1
AG-6412,93.12,32.48,53.91,0,1,1
AG-6413,43.48,29.18,73.8,0,1,1
AG-6414,94.65,67.87,82.57,1,1,0
AG-6415,59.06,42.02,61.55,0,1,1
AG-6416,91.22,26.75,35.45,1,1,0
AG-6417,61.15,23.83,12.38,0,1,1
AG-6418,38.09,45.58,29.93,0,1,1
AG-6419,28.7,49.47,83.94,0,1,0
AG-6420,48.74,88.35,19.85,0,1,1
AG-6421,79.51,91.09,16.03,0,1,1
AG-6422,41.26,47.9,55.01,0,0,0
AG-6423,81.15,89.36,50.19,0,0,0
AG-6424,28.78,19.71,2.12,0,1,0
AG-6425,38.92,71.05,34.21,0,0,1
AG-6426,43.16,53.73,76.09,0,1,1
AG-6427,39.96,79.01,86.42,0,1,0
AG-6428,35.87,73.58,81.0,0,1,0
AG-6429,99.4,63.21,63.45,0,1,0
AG-6430,99.23,93.62,42.63,0,1,1
AG-6431,52.58,37.58,63.33,0,1,1
AG-6432,60.79,67.95,30.43,0,1,1
AG-6433,53.45,38.79,4.76,1,1,0
AG-6434,36.96,52.49,90.85,1,1,0
AG-6435,49.09,37.39,9.69,1,1,0
AG-6436,46.5,76.72,36.14,0,1,1
AG-6437,72.02,28.9,38.4,0,1,1
AG-6438,29.63,62.79,91.22,0,1,1
AG-6439,94.04,16.74,54.66,0,0,1
AG-6440,36.16,74.87,4.38,0,1,0
AG-6441,90.17,86.81,90.68,0,0,0
AG-6442,77.39,91.98,6.77,0,0,0
AG-6443,21.75,63.92,69.67,0,1,1
AG-6444,83.55,72.44,74.07,0,1,1
AG-6445,97.72,24.9,75.07,0,0,0
AG-6446,41.72,26.57,16.0,0,1,1
AG-6447,83.25,50.99,70.78,0,1,1
AG-6448,76.66,59.69,17.11,1,1,0
AG-6449,31.85,89.52,92.72,0,0,0
AG-6450,39.92,84.11,53.46,1,1,0
AG-6451,49.53,17.49,70.55,0,0,0
AG-6452,68.92,39.22,5.73,0,0,1
AG-6453,97.22,25.91,97.16,0,0,0
AG-6454,82.44,19.58,74.58,0,1,1
AG-6455,70.74,59.58,81.68,0,1,0
AG-6456,84.62,77.76,15.56,0,0,0
AG-6457,92.17,18.43,18.15,0,0,1
AG-6458,59.24,75.65,64.76,1,1,0
AG-6459,51.54,64.7,6.95,1,1,0
AG-6460,97.63,19.02,52.68,0,0,0
AG-6461,50.23,11.86,82.66,0,1,0
AG-6462,39.87,17.52,14.26,0,1,1
AG-6463,96.61,19.57,73.61,0,0,1
AG-6464,58.43,60.66,44.43,0,1,0
AG-6465,24.47,72.28,62.75,0,0,0
AG-6466,43.74,56.04,83.65,0,0,0
AG-6467,54.17,23.26,65.54,0,0,0
AG-6468,90.74,84.05,11.24,0,1,1
AG-6469,96.47,42.16,61.57,1,0,0
AG-6470,91.65,64.41,17.81,0,1,1
AG-6471,32.02,70.05,30.16,0,1,0
AG-6472,93.3,69.56,93.29,0,0,1
AG-6473,20.17,93.98,14.86,0,1,1
AG-6474,77.71,80.7,47.84,1,1,0
AG-6475,42.28,18.14,99.48,0,1,1
AG-6476,53.91,72.41,41.39,0,1,0
AG-6477,72.32,32.13,41.87,0,1,1
AG-6478,85.71,44.62,58.1,0,1,1
AG-6479,79.86,73.28,23.52,1,0,1
AG-6480,64.67,96.19,92.09,1,1,0
AG-6481,89.34,83.71,29.47,0,0,1
AG-6482,93.04,31.82,82.78,1,1,0
AG-6483,76.32,43.97,2.63,0,1,1
AG-6484,73.02,16.64,83.74,0,1,1
AG-6485,26.32,16.94,56.92,0,1,0
AG-6486,79.48,77.33,69.86,0,1,1
AG-6487,82.51,72.57,28.68,0,0,0
AG-6488,80.09,55.3,1.09,0,1,1
AG-6489,64.33,84.66,91.92,0,0,0
AG-6490,32.54,97.58,52.15,0,1,1
AG-6491,69.52,29.7,18.37,0,1,1
AG-6492,85.32,52.16,31.32,0,0,0
AG-6493,84.27,68.2,19.47,1,1,0
AG-6494,87.73,12.52,28.22,0,1,1
AG-6495,80.52,37.82,55.17,0,1,1
AG-6496,98.13,60.83,56.37,0,1,1
AG-6497,95.48,10.76,35.66,0,1,1
AG-6498,80.15,75.31,97.39,0,1,1
AG-6499,79.32,19.09,80.75,0,1,0
